#
# There is insufficient memory for the Java Runtime Environment to continue.
# Native memory allocation (malloc) failed to allocate 1268624 bytes for Chunk::new
# Possible reasons:
#   The system is out of physical RAM or swap space
#   The process is running with CompressedOops enabled, and the Java Heap may be blocking the growth of the native heap
# Possible solutions:
#   Reduce memory load on the system
#   Increase physical memory or swap space
#   Check if swap backing store is full
#   Decrease Java heap size (-Xmx/-Xms)
#   Decrease number of Java threads
#   Decrease Java thread stack sizes (-Xss)
#   Set larger code cache with -XX:ReservedCodeCacheSize=
#   JVM is running with Unscaled Compressed Oops mode in which the Java heap is
#     placed in the first 4GB address space. The Java Heap base address is the
#     maximum limit for the native heap growth. Please use -XX:HeapBaseMinAddress
#     to set the Java Heap base and to place the Java Heap above 4GB virtual address.
# This output file may be truncated or incomplete.
#
#  Out of Memory Error (arena.cpp:184), pid=13592, tid=13152
#
# JRE version: OpenJDK Runtime Environment Zulu18.32+13-CA (18.0.2.1+1) (build 18.0.2.1+1)
# Java VM: OpenJDK 64-Bit Server VM Zulu18.32+13-CA (18.0.2.1+1, mixed mode, sharing, tiered, compressed oops, compressed class ptrs, g1 gc, windows-amd64)
# No core dump will be written. Minidumps are not enabled by default on client versions of Windows
#

---------------  S U M M A R Y ------------

Command Line: --add-opens=java.base/java.util=ALL-UNNAMED --add-opens=java.base/java.lang=ALL-UNNAMED --add-opens=java.base/java.lang.invoke=ALL-UNNAMED --add-opens=java.base/java.util=ALL-UNNAMED --add-opens=java.prefs/java.util.prefs=ALL-UNNAMED --add-opens=java.prefs/java.util.prefs=ALL-UNNAMED --add-opens=java.base/java.nio.charset=ALL-UNNAMED --add-opens=java.base/java.net=ALL-UNNAMED --add-opens=java.base/java.util.concurrent.atomic=ALL-UNNAMED -Xmx2048m -Dfile.encoding=UTF-8 -Duser.country=US -Duser.language=en -Duser.variant org.gradle.launcher.daemon.bootstrap.GradleDaemon 7.5

Host: 11th Gen Intel(R) Core(TM) i5-1135G7 @ 2.40GHz, 8 cores, 7G,  Windows 11 , 64 bit Build 22621 (10.0.22621.3672)
Time: Fri Jul 12 11:34:38 2024 Egypt Daylight Time elapsed time: 36.007656 seconds (0d 0h 0m 36s)

---------------  T H R E A D  ---------------

Current thread (0x000001616e9e9a80):  JavaThread "C2 CompilerThread0" daemon [_thread_in_native, id=13152, stack(0x0000005238d00000,0x0000005238e00000)]


Current CompileTask:
C2:  36007 17551       4       java.lang.String::split (327 bytes)

Stack: [0x0000005238d00000,0x0000005238e00000]
Native frames: (J=compiled Java code, j=interpreted, Vv=VM code, C=native code)
V  [jvm.dll+0x69ea0a]
V  [jvm.dll+0x84dfbd]
V  [jvm.dll+0x84f8ce]
V  [jvm.dll+0x84ff83]
V  [jvm.dll+0x25fa1f]
V  [jvm.dll+0xba71f]
V  [jvm.dll+0xbaa95]
V  [jvm.dll+0x38929b]
V  [jvm.dll+0x353141]
V  [jvm.dll+0x3525da]
V  [jvm.dll+0x232a81]
V  [jvm.dll+0x231e51]
V  [jvm.dll+0x1bc3fc]
V  [jvm.dll+0x2418bb]
V  [jvm.dll+0x23fb95]
V  [jvm.dll+0x8002a6]
V  [jvm.dll+0x7fa6da]
V  [jvm.dll+0x69d8b5]
C  [ucrtbase.dll+0x29333]
C  [KERNEL32.DLL+0x1257d]
C  [ntdll.dll+0x5af28]


---------------  P R O C E S S  ---------------

Threads class SMR info:
_java_thread_list=0x0000016177875840, length=144, elements={
0x000001614e35e800, 0x000001616e9cb240, 0x000001616e9cbbe0, 0x000001616e9e68c0,
0x000001616e9e7260, 0x000001616e9e7c00, 0x000001616e9e89b0, 0x000001616e9e9a80,
0x000001616e9eea90, 0x000001616ea059a0, 0x0000016172cc86b0, 0x0000016172cc9050,
0x0000016172cc99f0, 0x0000016172cc69d0, 0x0000016172cc9ec0, 0x0000016172cc7d10,
0x0000016172cc81e0, 0x0000016172cc6500, 0x0000016172cc6ea0, 0x0000016172cc8b80,
0x0000016172cc7370, 0x0000016172cc7840, 0x00000161748bf450, 0x00000161748beab0,
0x00000161748b85a0, 0x00000161748be110, 0x00000161748ba280, 0x00000161748bcdd0,
0x00000161748b9410, 0x00000161748bef80, 0x00000161748bd2a0, 0x00000161748b98e0,
0x00000161748b8a70, 0x00000161748bb5c0, 0x00000161748bba90, 0x00000161748bdc40,
0x00000161748bc900, 0x0000016177b272b0, 0x0000016177b24c30, 0x0000016177b255d0,
0x0000016177b25aa0, 0x0000016177b220e0, 0x0000016177b1ff30, 0x0000016177b24760,
0x0000016177b23420, 0x0000016177b21c10, 0x0000016177b225b0, 0x0000016177b24290,
0x0000016177b238f0, 0x0000016177b26de0, 0x0000016177b25f70, 0x0000016177b26440,
0x0000016177b26910, 0x0000016177b1fa60, 0x0000016177b20400, 0x0000016177b23dc0,
0x0000016177b208d0, 0x0000016177b20da0, 0x0000016177b21270, 0x0000016177b22a80,
0x0000016177b21740, 0x0000016172cc9520, 0x0000016176a318f0, 0x0000016176a2fc10,
0x0000016176a2f740, 0x0000016176a2d0c0, 0x0000016176a2d590, 0x0000016176a2da60,
0x0000016176a2e8d0, 0x0000016176a305b0, 0x0000016176a30a80, 0x0000016176a33100,
0x0000016176a2c250, 0x0000016176a2cbf0, 0x0000016176a2f270, 0x0000016176a32c30,
0x0000016176a2df30, 0x0000016176a2e400, 0x0000016176a2b8b0, 0x0000016176a300e0,
0x0000016176a31420, 0x0000016176a2eda0, 0x0000016176a31dc0, 0x0000016176a32290,
0x0000016176a32760, 0x0000016176a30f50, 0x0000016176a2bd80, 0x0000016176a2c720,
0x0000016172c46600, 0x0000016172c4b7d0, 0x0000016172c4bca0, 0x0000016172c49fc0,
0x0000016172c4a490, 0x0000016172c4a960, 0x0000016172c4ae30, 0x0000016172c4c170,
0x0000016172c46ad0, 0x0000016172c4b300, 0x0000016172c47470, 0x0000016172c4c640,
0x0000016172c47e10, 0x0000016172c46fa0, 0x0000016172c47940, 0x0000016172c44df0,
0x0000016172c452c0, 0x0000016172c45790, 0x0000016172c482e0, 0x0000016172c45c60,
0x0000016172c487b0, 0x0000016172c46130, 0x0000016172c48c80, 0x0000016172c49150,
0x0000016172c49af0, 0x0000016172c49620, 0x0000016173b3f520, 0x0000016173b3eb80,
0x0000016173b3dd10, 0x0000016173b3c030, 0x0000016173b42a10, 0x0000016173b416d0,
0x0000016173b42540, 0x0000016173b3c9d0, 0x0000016173b3f050, 0x0000016173b3fec0,
0x0000016173b3c500, 0x0000016173b3bb60, 0x0000016173b3cea0, 0x0000016173b3e1e0,
0x0000016173b3e6b0, 0x00000161748bb0f0, 0x0000016177bfb760, 0x0000016177bfbc30,
0x0000016177bf9a80, 0x0000016177bf8270, 0x0000016177bfec50, 0x0000016177bfcf70,
0x0000016177bf8c10, 0x0000016177bfd440, 0x0000016177bf95b0, 0x0000016177bf78d0,
0x00000161748bc430, 0x0000016173b3b690, 0x000001617e1eec70, 0x000001617e1f1c90
}

Java Threads: ( => current thread )
  0x000001614e35e800 JavaThread "main" [_thread_blocked, id=12732, stack(0x0000005238000000,0x0000005238100000)]
  0x000001616e9cb240 JavaThread "Reference Handler" daemon [_thread_blocked, id=16104, stack(0x0000005238700000,0x0000005238800000)]
  0x000001616e9cbbe0 JavaThread "Finalizer" daemon [_thread_blocked, id=11572, stack(0x0000005238800000,0x0000005238900000)]
  0x000001616e9e68c0 JavaThread "Signal Dispatcher" daemon [_thread_blocked, id=10264, stack(0x0000005238900000,0x0000005238a00000)]
  0x000001616e9e7260 JavaThread "Attach Listener" daemon [_thread_blocked, id=5652, stack(0x0000005238a00000,0x0000005238b00000)]
  0x000001616e9e7c00 JavaThread "Service Thread" daemon [_thread_blocked, id=17952, stack(0x0000005238b00000,0x0000005238c00000)]
  0x000001616e9e89b0 JavaThread "Monitor Deflation Thread" daemon [_thread_blocked, id=8376, stack(0x0000005238c00000,0x0000005238d00000)]
=>0x000001616e9e9a80 JavaThread "C2 CompilerThread0" daemon [_thread_in_native, id=13152, stack(0x0000005238d00000,0x0000005238e00000)]
  0x000001616e9eea90 JavaThread "C1 CompilerThread0" daemon [_thread_blocked, id=17728, stack(0x0000005238e00000,0x0000005238f00000)]
  0x000001616ea059a0 JavaThread "Sweeper thread" daemon [_thread_blocked, id=15232, stack(0x0000005238f00000,0x0000005239000000)]
  0x0000016172cc86b0 JavaThread "Common-Cleaner" daemon [_thread_blocked, id=17492, stack(0x0000005239000000,0x0000005239100000)]
  0x0000016172cc9050 JavaThread "Notification Thread" daemon [_thread_blocked, id=4172, stack(0x0000005239100000,0x0000005239200000)]
  0x0000016172cc99f0 JavaThread "Daemon health stats" [_thread_blocked, id=12284, stack(0x0000005239900000,0x0000005239a00000)]
  0x0000016172cc69d0 JavaThread "Incoming local TCP Connector on port 59713" [_thread_in_native, id=12400, stack(0x0000005239a00000,0x0000005239b00000)]
  0x0000016172cc9ec0 JavaThread "Daemon periodic checks" [_thread_blocked, id=16988, stack(0x0000005239b00000,0x0000005239c00000)]
  0x0000016172cc7d10 JavaThread "Daemon" [_thread_blocked, id=14524, stack(0x0000005239c00000,0x0000005239d00000)]
  0x0000016172cc81e0 JavaThread "Handler for socket connection from /127.0.0.1:59713 to /127.0.0.1:59714" [_thread_in_native, id=17812, stack(0x0000005239d00000,0x0000005239e00000)]
  0x0000016172cc6500 JavaThread "Cancel handler" [_thread_blocked, id=6000, stack(0x0000005239700000,0x0000005239800000)]
  0x0000016172cc6ea0 JavaThread "Daemon worker" [_thread_blocked, id=4504, stack(0x0000005239e00000,0x0000005239f00000)]
  0x0000016172cc8b80 JavaThread "Asynchronous log dispatcher for DefaultDaemonConnection: socket connection from /127.0.0.1:59713 to /127.0.0.1:59714" [_thread_blocked, id=284, stack(0x0000005239f00000,0x000000523a000000)]
  0x0000016172cc7370 JavaThread "Stdin handler" [_thread_blocked, id=15904, stack(0x000000523a000000,0x000000523a100000)]
  0x0000016172cc7840 JavaThread "Daemon client event forwarder" [_thread_blocked, id=15248, stack(0x000000523a100000,0x000000523a200000)]
  0x00000161748bf450 JavaThread "Cache worker for journal cache (C:\Users\amrhi\.gradle\caches\journal-1)" [_thread_blocked, id=8848, stack(0x000000523a200000,0x000000523a300000)]
  0x00000161748beab0 JavaThread "File lock request listener" [_thread_in_native, id=18316, stack(0x000000523a300000,0x000000523a400000)]
  0x00000161748b85a0 JavaThread "Cache worker for file hash cache (C:\Users\amrhi\.gradle\caches\7.5\fileHashes)" [_thread_blocked, id=2028, stack(0x000000523a400000,0x000000523a500000)]
  0x00000161748be110 JavaThread "File watcher server" daemon [_thread_in_native, id=1476, stack(0x000000523a900000,0x000000523aa00000)]
  0x00000161748ba280 JavaThread "File watcher consumer" daemon [_thread_blocked, id=10752, stack(0x000000523aa00000,0x000000523ab00000)]
  0x00000161748bcdd0 JavaThread "Cache worker for checksums cache (C:\Users\amrhi\AndroidStudioProjects\Important Projects\UncleJacks\.gradle\7.5\checksums)" [_thread_blocked, id=10700, stack(0x000000523ab00000,0x000000523ac00000)]
  0x00000161748b9410 JavaThread "Cache worker for cache directory md-rule (C:\Users\amrhi\.gradle\caches\7.5\md-rule)" [_thread_blocked, id=13632, stack(0x000000523ac00000,0x000000523ad00000)]
  0x00000161748bef80 JavaThread "Cache worker for file content cache (C:\Users\amrhi\.gradle\caches\7.5\fileContent)" [_thread_blocked, id=2480, stack(0x000000523ad00000,0x000000523ae00000)]
  0x00000161748bd2a0 JavaThread "Cache worker for file hash cache (C:\Users\amrhi\AndroidStudioProjects\Important Projects\UncleJacks\.gradle\7.5\fileHashes)" [_thread_blocked, id=13076, stack(0x000000523af00000,0x000000523b000000)]
  0x00000161748b98e0 JavaThread "Cache worker for cache directory md-supplier (C:\Users\amrhi\.gradle\caches\7.5\md-supplier)" [_thread_blocked, id=14900, stack(0x000000523b000000,0x000000523b100000)]
  0x00000161748b8a70 JavaThread "Cache worker for execution history cache (C:\Users\amrhi\.gradle\caches\7.5\executionHistory)" [_thread_blocked, id=12552, stack(0x000000523b100000,0x000000523b200000)]
  0x00000161748bb5c0 JavaThread "jar transforms" [_thread_blocked, id=1216, stack(0x000000523b200000,0x000000523b300000)]
  0x00000161748bba90 JavaThread "jar transforms Thread 2" [_thread_blocked, id=15328, stack(0x000000523b300000,0x000000523b400000)]
  0x00000161748bdc40 JavaThread "Cache worker for dependencies-accessors (C:\Users\amrhi\AndroidStudioProjects\Important Projects\UncleJacks\.gradle\7.5\dependencies-accessors)" [_thread_blocked, id=12396, stack(0x000000523b400000,0x000000523b500000)]
  0x00000161748bc900 JavaThread "jar transforms Thread 3" [_thread_blocked, id=18060, stack(0x000000523b500000,0x000000523b600000)]
  0x0000016177b272b0 JavaThread "Cache worker for Build Output Cleanup Cache (C:\Users\amrhi\AndroidStudioProjects\Important Projects\UncleJacks\.gradle\buildOutputCleanup)" [_thread_blocked, id=11532, stack(0x000000523b600000,0x000000523b700000)]
  0x0000016177b24c30 JavaThread "Unconstrained build operations" [_thread_blocked, id=18160, stack(0x0000005239300000,0x0000005239400000)]
  0x0000016177b255d0 JavaThread "Unconstrained build operations Thread 2" [_thread_blocked, id=17824, stack(0x000000523a500000,0x000000523a600000)]
  0x0000016177b25aa0 JavaThread "Unconstrained build operations Thread 3" [_thread_blocked, id=9076, stack(0x000000523b800000,0x000000523b900000)]
  0x0000016177b220e0 JavaThread "Unconstrained build operations Thread 4" [_thread_blocked, id=10648, stack(0x000000523b900000,0x000000523ba00000)]
  0x0000016177b1ff30 JavaThread "Unconstrained build operations Thread 5" [_thread_blocked, id=13072, stack(0x000000523ba00000,0x000000523bb00000)]
  0x0000016177b24760 JavaThread "Unconstrained build operations Thread 6" [_thread_blocked, id=2544, stack(0x000000523bb00000,0x000000523bc00000)]
  0x0000016177b23420 JavaThread "Unconstrained build operations Thread 7" [_thread_blocked, id=11548, stack(0x000000523bc00000,0x000000523bd00000)]
  0x0000016177b21c10 JavaThread "Unconstrained build operations Thread 8" [_thread_blocked, id=11808, stack(0x000000523bd00000,0x000000523be00000)]
  0x0000016177b225b0 JavaThread "Unconstrained build operations Thread 9" [_thread_blocked, id=15500, stack(0x000000523be00000,0x000000523bf00000)]
  0x0000016177b24290 JavaThread "Unconstrained build operations Thread 10" [_thread_blocked, id=6208, stack(0x000000523bf00000,0x000000523c000000)]
  0x0000016177b238f0 JavaThread "Unconstrained build operations Thread 11" [_thread_blocked, id=2428, stack(0x000000523c000000,0x000000523c100000)]
  0x0000016177b26de0 JavaThread "Unconstrained build operations Thread 12" [_thread_blocked, id=12496, stack(0x000000523c100000,0x000000523c200000)]
  0x0000016177b25f70 JavaThread "Unconstrained build operations Thread 13" [_thread_blocked, id=16084, stack(0x000000523c200000,0x000000523c300000)]
  0x0000016177b26440 JavaThread "Unconstrained build operations Thread 14" [_thread_blocked, id=6020, stack(0x000000523c300000,0x000000523c400000)]
  0x0000016177b26910 JavaThread "Unconstrained build operations Thread 15" [_thread_blocked, id=8876, stack(0x000000523c400000,0x000000523c500000)]
  0x0000016177b1fa60 JavaThread "Unconstrained build operations Thread 16" [_thread_blocked, id=9672, stack(0x000000523c500000,0x000000523c600000)]
  0x0000016177b20400 JavaThread "Unconstrained build operations Thread 17" [_thread_blocked, id=1248, stack(0x000000523c600000,0x000000523c700000)]
  0x0000016177b23dc0 JavaThread "Unconstrained build operations Thread 18" [_thread_blocked, id=10892, stack(0x000000523c700000,0x000000523c800000)]
  0x0000016177b208d0 JavaThread "Unconstrained build operations Thread 19" [_thread_blocked, id=10716, stack(0x000000523c800000,0x000000523c900000)]
  0x0000016177b20da0 JavaThread "Unconstrained build operations Thread 20" [_thread_blocked, id=9588, stack(0x000000523c900000,0x000000523ca00000)]
  0x0000016177b21270 JavaThread "Unconstrained build operations Thread 21" [_thread_blocked, id=160, stack(0x000000523ca00000,0x000000523cb00000)]
  0x0000016177b22a80 JavaThread "Unconstrained build operations Thread 22" [_thread_blocked, id=17512, stack(0x000000523cb00000,0x000000523cc00000)]
  0x0000016177b21740 JavaThread "Unconstrained build operations Thread 23" [_thread_blocked, id=6256, stack(0x000000523cc00000,0x000000523cd00000)]
  0x0000016172cc9520 JavaThread "Unconstrained build operations Thread 24" [_thread_blocked, id=15120, stack(0x000000523cd00000,0x000000523ce00000)]
  0x0000016176a318f0 JavaThread "Unconstrained build operations Thread 25" [_thread_blocked, id=9956, stack(0x000000523ce00000,0x000000523cf00000)]
  0x0000016176a2fc10 JavaThread "Unconstrained build operations Thread 26" [_thread_blocked, id=14860, stack(0x000000523cf00000,0x000000523d000000)]
  0x0000016176a2f740 JavaThread "Unconstrained build operations Thread 27" [_thread_blocked, id=9484, stack(0x000000523d000000,0x000000523d100000)]
  0x0000016176a2d0c0 JavaThread "Unconstrained build operations Thread 28" [_thread_blocked, id=17184, stack(0x000000523d100000,0x000000523d200000)]
  0x0000016176a2d590 JavaThread "Unconstrained build operations Thread 29" [_thread_blocked, id=16372, stack(0x000000523d200000,0x000000523d300000)]
  0x0000016176a2da60 JavaThread "Unconstrained build operations Thread 30" [_thread_blocked, id=11788, stack(0x000000523d300000,0x000000523d400000)]
  0x0000016176a2e8d0 JavaThread "Unconstrained build operations Thread 31" [_thread_blocked, id=10088, stack(0x000000523d400000,0x000000523d500000)]
  0x0000016176a305b0 JavaThread "Unconstrained build operations Thread 32" [_thread_blocked, id=3736, stack(0x000000523d500000,0x000000523d600000)]
  0x0000016176a30a80 JavaThread "Unconstrained build operations Thread 33" [_thread_blocked, id=3712, stack(0x000000523d600000,0x000000523d700000)]
  0x0000016176a33100 JavaThread "Unconstrained build operations Thread 34" [_thread_blocked, id=9728, stack(0x000000523d700000,0x000000523d800000)]
  0x0000016176a2c250 JavaThread "Unconstrained build operations Thread 35" [_thread_blocked, id=4720, stack(0x000000523d800000,0x000000523d900000)]
  0x0000016176a2cbf0 JavaThread "Unconstrained build operations Thread 36" [_thread_blocked, id=9540, stack(0x000000523d900000,0x000000523da00000)]
  0x0000016176a2f270 JavaThread "Unconstrained build operations Thread 37" [_thread_blocked, id=14468, stack(0x000000523da00000,0x000000523db00000)]
  0x0000016176a32c30 JavaThread "Unconstrained build operations Thread 38" [_thread_blocked, id=15112, stack(0x000000523db00000,0x000000523dc00000)]
  0x0000016176a2df30 JavaThread "Unconstrained build operations Thread 39" [_thread_blocked, id=11400, stack(0x000000523dc00000,0x000000523dd00000)]
  0x0000016176a2e400 JavaThread "Unconstrained build operations Thread 40" [_thread_blocked, id=8584, stack(0x000000523dd00000,0x000000523de00000)]
  0x0000016176a2b8b0 JavaThread "Unconstrained build operations Thread 41" [_thread_blocked, id=14600, stack(0x000000523de00000,0x000000523df00000)]
  0x0000016176a300e0 JavaThread "Unconstrained build operations Thread 42" [_thread_blocked, id=3976, stack(0x000000523df00000,0x000000523e000000)]
  0x0000016176a31420 JavaThread "Unconstrained build operations Thread 43" [_thread_blocked, id=16356, stack(0x000000523e000000,0x000000523e100000)]
  0x0000016176a2eda0 JavaThread "Unconstrained build operations Thread 44" [_thread_blocked, id=9428, stack(0x000000523e100000,0x000000523e200000)]
  0x0000016176a31dc0 JavaThread "Unconstrained build operations Thread 45" [_thread_blocked, id=5360, stack(0x000000523e200000,0x000000523e300000)]
  0x0000016176a32290 JavaThread "Unconstrained build operations Thread 46" [_thread_blocked, id=13576, stack(0x000000523e300000,0x000000523e400000)]
  0x0000016176a32760 JavaThread "Unconstrained build operations Thread 47" [_thread_blocked, id=11420, stack(0x000000523e400000,0x000000523e500000)]
  0x0000016176a30f50 JavaThread "Unconstrained build operations Thread 48" [_thread_blocked, id=1652, stack(0x000000523e500000,0x000000523e600000)]
  0x0000016176a2bd80 JavaThread "Unconstrained build operations Thread 49" [_thread_blocked, id=17936, stack(0x000000523e600000,0x000000523e700000)]
  0x0000016176a2c720 JavaThread "Unconstrained build operations Thread 50" [_thread_blocked, id=15828, stack(0x000000523e700000,0x000000523e800000)]
  0x0000016172c46600 JavaThread "Unconstrained build operations Thread 51" [_thread_blocked, id=8120, stack(0x000000523e800000,0x000000523e900000)]
  0x0000016172c4b7d0 JavaThread "Unconstrained build operations Thread 52" [_thread_blocked, id=5904, stack(0x000000523e900000,0x000000523ea00000)]
  0x0000016172c4bca0 JavaThread "Unconstrained build operations Thread 53" [_thread_blocked, id=13932, stack(0x000000523ea00000,0x000000523eb00000)]
  0x0000016172c49fc0 JavaThread "Unconstrained build operations Thread 54" [_thread_blocked, id=11952, stack(0x000000523eb00000,0x000000523ec00000)]
  0x0000016172c4a490 JavaThread "Unconstrained build operations Thread 55" [_thread_blocked, id=9708, stack(0x000000523ec00000,0x000000523ed00000)]
  0x0000016172c4a960 JavaThread "Unconstrained build operations Thread 56" [_thread_blocked, id=9220, stack(0x000000523ed00000,0x000000523ee00000)]
  0x0000016172c4ae30 JavaThread "Unconstrained build operations Thread 57" [_thread_blocked, id=10496, stack(0x000000523ee00000,0x000000523ef00000)]
  0x0000016172c4c170 JavaThread "Unconstrained build operations Thread 58" [_thread_blocked, id=11600, stack(0x000000523ef00000,0x000000523f000000)]
  0x0000016172c46ad0 JavaThread "Unconstrained build operations Thread 59" [_thread_blocked, id=18272, stack(0x000000523f000000,0x000000523f100000)]
  0x0000016172c4b300 JavaThread "Unconstrained build operations Thread 60" [_thread_blocked, id=156, stack(0x000000523f100000,0x000000523f200000)]
  0x0000016172c47470 JavaThread "Unconstrained build operations Thread 61" [_thread_blocked, id=7308, stack(0x000000523f200000,0x000000523f300000)]
  0x0000016172c4c640 JavaThread "Unconstrained build operations Thread 62" [_thread_blocked, id=11212, stack(0x000000523f300000,0x000000523f400000)]
  0x0000016172c47e10 JavaThread "Unconstrained build operations Thread 63" [_thread_blocked, id=7284, stack(0x000000523f400000,0x000000523f500000)]
  0x0000016172c46fa0 JavaThread "Unconstrained build operations Thread 64" [_thread_blocked, id=14472, stack(0x000000523f500000,0x000000523f600000)]
  0x0000016172c47940 JavaThread "Unconstrained build operations Thread 65" [_thread_blocked, id=9968, stack(0x000000523f600000,0x000000523f700000)]
  0x0000016172c44df0 JavaThread "Unconstrained build operations Thread 66" [_thread_blocked, id=4252, stack(0x000000523f700000,0x000000523f800000)]
  0x0000016172c452c0 JavaThread "Unconstrained build operations Thread 67" [_thread_blocked, id=8612, stack(0x000000523f800000,0x000000523f900000)]
  0x0000016172c45790 JavaThread "Unconstrained build operations Thread 68" [_thread_blocked, id=2884, stack(0x000000523f900000,0x000000523fa00000)]
  0x0000016172c482e0 JavaThread "Unconstrained build operations Thread 69" [_thread_blocked, id=15804, stack(0x000000523fa00000,0x000000523fb00000)]
  0x0000016172c45c60 JavaThread "Unconstrained build operations Thread 70" [_thread_blocked, id=8640, stack(0x000000523fb00000,0x000000523fc00000)]
  0x0000016172c487b0 JavaThread "Unconstrained build operations Thread 71" [_thread_blocked, id=8036, stack(0x000000523fc00000,0x000000523fd00000)]
  0x0000016172c46130 JavaThread "Unconstrained build operations Thread 72" [_thread_blocked, id=2828, stack(0x000000523fd00000,0x000000523fe00000)]
  0x0000016172c48c80 JavaThread "Unconstrained build operations Thread 73" [_thread_blocked, id=16360, stack(0x000000523fe00000,0x000000523ff00000)]
  0x0000016172c49150 JavaThread "Unconstrained build operations Thread 74" [_thread_blocked, id=12600, stack(0x000000523ff00000,0x0000005240000000)]
  0x0000016172c49af0 JavaThread "Unconstrained build operations Thread 75" [_thread_blocked, id=13420, stack(0x0000005240000000,0x0000005240100000)]
  0x0000016172c49620 JavaThread "Unconstrained build operations Thread 76" [_thread_blocked, id=8404, stack(0x0000005240100000,0x0000005240200000)]
  0x0000016173b3f520 JavaThread "Unconstrained build operations Thread 77" [_thread_blocked, id=7844, stack(0x0000005240200000,0x0000005240300000)]
  0x0000016173b3eb80 JavaThread "Unconstrained build operations Thread 78" [_thread_blocked, id=15676, stack(0x0000005240300000,0x0000005240400000)]
  0x0000016173b3dd10 JavaThread "Unconstrained build operations Thread 79" [_thread_blocked, id=17280, stack(0x0000005240400000,0x0000005240500000)]
  0x0000016173b3c030 JavaThread "Unconstrained build operations Thread 80" [_thread_blocked, id=15600, stack(0x0000005240500000,0x0000005240600000)]
  0x0000016173b42a10 JavaThread "jar transforms Thread 4" [_thread_blocked, id=3316, stack(0x0000005240600000,0x0000005240700000)]
  0x0000016173b416d0 JavaThread "jar transforms Thread 5" [_thread_blocked, id=8360, stack(0x0000005240700000,0x0000005240800000)]
  0x0000016173b42540 JavaThread "jar transforms Thread 6" [_thread_blocked, id=13372, stack(0x0000005240800000,0x0000005240900000)]
  0x0000016173b3c9d0 JavaThread "jar transforms Thread 7" [_thread_blocked, id=8824, stack(0x0000005240900000,0x0000005240a00000)]
  0x0000016173b3f050 JavaThread "jar transforms Thread 8" [_thread_blocked, id=2600, stack(0x0000005240a00000,0x0000005240b00000)]
  0x0000016173b3fec0 JavaThread "build event listener" [_thread_blocked, id=15412, stack(0x0000005240c00000,0x0000005240d00000)]
  0x0000016173b3c500 JavaThread "Memory manager" [_thread_blocked, id=14260, stack(0x0000005240d00000,0x0000005240e00000)]
  0x0000016173b3bb60 JavaThread "build event listener" [_thread_blocked, id=11356, stack(0x0000005240e00000,0x0000005240f00000)]
  0x0000016173b3cea0 JavaThread "pool-3-thread-1" [_thread_blocked, id=5836, stack(0x0000005240f00000,0x0000005241000000)]
  0x0000016173b3e1e0 JavaThread "build event listener" [_thread_blocked, id=14744, stack(0x0000005241000000,0x0000005241100000)]
  0x0000016173b3e6b0 JavaThread "included builds" [_thread_blocked, id=8484, stack(0x0000005241100000,0x0000005241200000)]
  0x00000161748bb0f0 JavaThread "Execution worker" [_thread_blocked, id=11360, stack(0x0000005241200000,0x0000005241300000)]
  0x0000016177bfb760 JavaThread "Execution worker Thread 2" [_thread_blocked, id=12456, stack(0x0000005241300000,0x0000005241400000)]
  0x0000016177bfbc30 JavaThread "Execution worker Thread 3" [_thread_blocked, id=16540, stack(0x0000005241400000,0x0000005241500000)]
  0x0000016177bf9a80 JavaThread "Execution worker Thread 4" [_thread_blocked, id=14672, stack(0x0000005241500000,0x0000005241600000)]
  0x0000016177bf8270 JavaThread "Execution worker Thread 5" [_thread_blocked, id=14240, stack(0x0000005241600000,0x0000005241700000)]
  0x0000016177bfec50 JavaThread "Execution worker Thread 6" [_thread_blocked, id=18344, stack(0x0000005241700000,0x0000005241800000)]
  0x0000016177bfcf70 JavaThread "Execution worker Thread 7" [_thread_blocked, id=8492, stack(0x0000005241800000,0x0000005241900000)]
  0x0000016177bf8c10 JavaThread "Cache worker for execution history cache (C:\Users\amrhi\AndroidStudioProjects\Important Projects\UncleJacks\.gradle\7.5\executionHistory)" [_thread_blocked, id=8324, stack(0x0000005241900000,0x0000005241a00000)]
  0x0000016177bfd440 JavaThread "WorkerExecutor Queue" [_thread_in_vm, id=13672, stack(0x0000005240b00000,0x0000005240c00000)]
  0x0000016177bf95b0 JavaThread "RMI Scheduler(0)" daemon [_thread_blocked, id=14020, stack(0x0000005241c00000,0x0000005241d00000)]
  0x0000016177bf78d0 JavaThread "RMI GC Daemon" daemon [_thread_blocked, id=2004, stack(0x0000005241e00000,0x0000005241f00000)]
  0x00000161748bc430 JavaThread "RMI TCP Accept-0" daemon [_thread_in_native, id=10896, stack(0x0000005242100000,0x0000005242200000)]
  0x0000016173b3b690 JavaThread "RMI Reaper" [_thread_blocked, id=18416, stack(0x0000005242200000,0x0000005242300000)]
  0x000001617e1eec70 JavaThread "RMI TCP Connection(1)-127.0.0.1" daemon [_thread_in_native, id=776, stack(0x0000005242300000,0x0000005242400000)]
  0x000001617e1f1c90 JavaThread "WorkerExecutor Queue Thread 2" [_thread_blocked, id=5892, stack(0x0000005241f00000,0x0000005242000000)]

Other Threads:
  0x000001615058ec10 VMThread "VM Thread" [stack: 0x0000005238600000,0x0000005238700000] [id=11632]
  0x0000016172ccb310 WatcherThread "VM Periodic Task Thread" [stack: 0x0000005239200000,0x0000005239300000] [id=7368]
  0x00000161505581f0 WorkerThread "GC Thread#0" [stack: 0x0000005238100000,0x0000005238200000] [id=12920]
  0x00000161736f3e20 WorkerThread "GC Thread#1" [stack: 0x0000005239400000,0x0000005239500000] [id=15364]
  0x000001617382bd70 WorkerThread "GC Thread#2" [stack: 0x0000005239500000,0x0000005239600000] [id=10976]
  0x0000016173855e20 WorkerThread "GC Thread#3" [stack: 0x0000005239600000,0x0000005239700000] [id=10636]
  0x000001617445ed10 WorkerThread "GC Thread#4" [stack: 0x0000005239800000,0x0000005239900000] [id=5404]
  0x0000016174dff030 WorkerThread "GC Thread#5" [stack: 0x000000523a600000,0x000000523a700000] [id=18200]
  0x0000016174dfe5b0 WorkerThread "GC Thread#6" [stack: 0x000000523a700000,0x000000523a800000] [id=17616]
  0x0000016174dfd5f0 WorkerThread "GC Thread#7" [stack: 0x000000523a800000,0x000000523a900000] [id=10996]
  0x0000016150568fc0 ConcurrentGCThread "G1 Main Marker" [stack: 0x0000005238200000,0x0000005238300000] [id=2012]
  0x0000016150569850 WorkerThread "G1 Conc#0" [stack: 0x0000005238300000,0x0000005238400000] [id=8956]
  0x0000016174dfe310 WorkerThread "G1 Conc#1" [stack: 0x000000523ae00000,0x000000523af00000] [id=16696]
  0x000001616e8804f0 ConcurrentGCThread "G1 Refine#0" [stack: 0x0000005238400000,0x0000005238500000] [id=1632]
  0x0000016172e7f480 ConcurrentGCThread "G1 Refine#1" [stack: 0x0000005241a00000,0x0000005241b00000] [id=4296]
  0x0000016172e7f750 ConcurrentGCThread "G1 Refine#2" [stack: 0x0000005241b00000,0x0000005241c00000] [id=16596]
  0x000001616e880ca0 ConcurrentGCThread "G1 Service" [stack: 0x0000005238500000,0x0000005238600000] [id=16024]

Threads with active compile tasks:
C2 CompilerThread0    36034 17551       4       java.lang.String::split (327 bytes)

VM state: not at safepoint (normal execution)

VM Mutex/Monitor currently owned by a thread: None

Heap address: 0x0000000080000000, size: 2048 MB, Compressed Oops mode: 32-bit

CDS archive(s) mapped at: [0x0000000800000000-0x0000000800ba0000-0x0000000800ba0000), size 12189696, SharedBaseAddress: 0x0000000800000000, ArchiveRelocationMode: 0.
Compressed class space mapped at: 0x0000000800c00000-0x0000000840c00000, reserved size: 1073741824
Narrow klass base: 0x0000000800000000, Narrow klass shift: 0, Narrow klass range: 0x100000000

GC Precious Log:
 CardTable entry size: 512
 Card Set container configuration: InlinePtr #cards 5 size 8 Array Of Cards #cards 12 size 40 Howl #buckets 4 coarsen threshold 1843 Howl Bitmap #cards 512 size 80 coarsen threshold 460 Card regions per heap region 1 cards per card region 2048
 CPUs: 8 total, 8 available
 Memory: 7886M
 Large Page Support: Disabled
 NUMA Support: Disabled
 Compressed Oops: Enabled (32-bit)
 Heap Region Size: 1M
 Heap Min Capacity: 8M
 Heap Initial Capacity: 124M
 Heap Max Capacity: 2G
 Pre-touch: Disabled
 Parallel Workers: 8
 Concurrent Workers: 2
 Concurrent Refinement Workers: 8
 Periodic GC: Disabled

Heap:
 garbage-first heap   total 331776K, used 238769K [0x0000000080000000, 0x0000000100000000)
  region size 1024K, 59 young (60416K), 8 survivors (8192K)
 Metaspace       used 126456K, committed 128512K, reserved 1179648K
  class space    used 16341K, committed 17408K, reserved 1048576K

Heap Regions: E=young(eden), S=young(survivor), O=old, HS=humongous(starts), HC=humongous(continues), CS=collection set, F=free, OA=open archive, CA=closed archive, TAMS=top-at-mark-start (previous, next)
|   0|0x0000000080000000, 0x0000000080100000, 0x0000000080100000|100%| O|  |TAMS 0x0000000080100000, 0x0000000080000000| Untracked 
|   1|0x0000000080100000, 0x0000000080200000, 0x0000000080200000|100%| O|  |TAMS 0x0000000080200000, 0x0000000080100000| Untracked 
|   2|0x0000000080200000, 0x0000000080300000, 0x0000000080300000|100%| O|  |TAMS 0x0000000080300000, 0x0000000080200000| Untracked 
|   3|0x0000000080300000, 0x0000000080400000, 0x0000000080400000|100%|HS|  |TAMS 0x0000000080400000, 0x0000000080300000| Complete 
|   4|0x0000000080400000, 0x0000000080500000, 0x0000000080500000|100%|HC|  |TAMS 0x0000000080500000, 0x0000000080400000| Complete 
|   5|0x0000000080500000, 0x0000000080600000, 0x0000000080600000|100%|HC|  |TAMS 0x0000000080600000, 0x0000000080500000| Complete 
|   6|0x0000000080600000, 0x0000000080700000, 0x0000000080700000|100%| O|  |TAMS 0x0000000080700000, 0x0000000080600000| Untracked 
|   7|0x0000000080700000, 0x0000000080800000, 0x0000000080800000|100%| O|  |TAMS 0x0000000080800000, 0x0000000080700000| Untracked 
|   8|0x0000000080800000, 0x0000000080900000, 0x0000000080900000|100%| O|  |TAMS 0x0000000080900000, 0x0000000080800000| Untracked 
|   9|0x0000000080900000, 0x0000000080a00000, 0x0000000080a00000|100%| O|  |TAMS 0x0000000080a00000, 0x0000000080900000| Untracked 
|  10|0x0000000080a00000, 0x0000000080b00000, 0x0000000080b00000|100%| O|  |TAMS 0x0000000080b00000, 0x0000000080a00000| Untracked 
|  11|0x0000000080b00000, 0x0000000080c00000, 0x0000000080c00000|100%| O|  |TAMS 0x0000000080c00000, 0x0000000080b00000| Untracked 
|  12|0x0000000080c00000, 0x0000000080d00000, 0x0000000080d00000|100%| O|  |TAMS 0x0000000080d00000, 0x0000000080c00000| Untracked 
|  13|0x0000000080d00000, 0x0000000080e00000, 0x0000000080e00000|100%| O|  |TAMS 0x0000000080e00000, 0x0000000080d00000| Untracked 
|  14|0x0000000080e00000, 0x0000000080f00000, 0x0000000080f00000|100%| O|  |TAMS 0x0000000080f00000, 0x0000000080e00000| Untracked 
|  15|0x0000000080f00000, 0x0000000081000000, 0x0000000081000000|100%| O|  |TAMS 0x0000000081000000, 0x0000000080f00000| Untracked 
|  16|0x0000000081000000, 0x0000000081100000, 0x0000000081100000|100%| O|  |TAMS 0x0000000081100000, 0x0000000081000000| Untracked 
|  17|0x0000000081100000, 0x0000000081200000, 0x0000000081200000|100%| O|  |TAMS 0x0000000081200000, 0x0000000081100000| Untracked 
|  18|0x0000000081200000, 0x00000000812eaa00, 0x0000000081300000| 91%| O|  |TAMS 0x00000000812eaa00, 0x0000000081200000| Untracked 
|  19|0x0000000081300000, 0x0000000081400000, 0x0000000081400000|100%| O|  |TAMS 0x0000000081400000, 0x0000000081300000| Untracked 
|  20|0x0000000081400000, 0x0000000081500000, 0x0000000081500000|100%| O|  |TAMS 0x0000000081500000, 0x0000000081400000| Untracked 
|  21|0x0000000081500000, 0x0000000081600000, 0x0000000081600000|100%| O|  |TAMS 0x0000000081600000, 0x0000000081500000| Untracked 
|  22|0x0000000081600000, 0x0000000081700000, 0x0000000081700000|100%| O|  |TAMS 0x0000000081700000, 0x0000000081600000| Untracked 
|  23|0x0000000081700000, 0x0000000081800000, 0x0000000081800000|100%| O|  |TAMS 0x0000000081800000, 0x0000000081700000| Untracked 
|  24|0x0000000081800000, 0x0000000081900000, 0x0000000081900000|100%| O|  |TAMS 0x0000000081900000, 0x0000000081800000| Untracked 
|  25|0x0000000081900000, 0x0000000081a00000, 0x0000000081a00000|100%| O|  |TAMS 0x0000000081a00000, 0x0000000081900000| Untracked 
|  26|0x0000000081a00000, 0x0000000081b00000, 0x0000000081b00000|100%| O|  |TAMS 0x0000000081b00000, 0x0000000081a00000| Untracked 
|  27|0x0000000081b00000, 0x0000000081c00000, 0x0000000081c00000|100%| O|  |TAMS 0x0000000081c00000, 0x0000000081b00000| Untracked 
|  28|0x0000000081c00000, 0x0000000081d00000, 0x0000000081d00000|100%| O|  |TAMS 0x0000000081d00000, 0x0000000081c00000| Untracked 
|  29|0x0000000081d00000, 0x0000000081e00000, 0x0000000081e00000|100%| O|  |TAMS 0x0000000081e00000, 0x0000000081d00000| Untracked 
|  30|0x0000000081e00000, 0x0000000081f00000, 0x0000000081f00000|100%| O|  |TAMS 0x0000000081f00000, 0x0000000081e00000| Untracked 
|  31|0x0000000081f00000, 0x0000000082000000, 0x0000000082000000|100%| O|  |TAMS 0x0000000082000000, 0x0000000081f00000| Untracked 
|  32|0x0000000082000000, 0x0000000082100000, 0x0000000082100000|100%| O|  |TAMS 0x0000000082100000, 0x0000000082000000| Untracked 
|  33|0x0000000082100000, 0x0000000082200000, 0x0000000082200000|100%| O|  |TAMS 0x0000000082200000, 0x0000000082100000| Untracked 
|  34|0x0000000082200000, 0x0000000082300000, 0x0000000082300000|100%| O|  |TAMS 0x0000000082300000, 0x0000000082200000| Untracked 
|  35|0x0000000082300000, 0x0000000082400000, 0x0000000082400000|100%| O|  |TAMS 0x0000000082400000, 0x0000000082300000| Untracked 
|  36|0x0000000082400000, 0x0000000082500000, 0x0000000082500000|100%| O|  |TAMS 0x0000000082500000, 0x0000000082400000| Untracked 
|  37|0x0000000082500000, 0x0000000082600000, 0x0000000082600000|100%| O|  |TAMS 0x0000000082600000, 0x0000000082500000| Untracked 
|  38|0x0000000082600000, 0x0000000082700000, 0x0000000082700000|100%|HS|  |TAMS 0x0000000082700000, 0x0000000082600000| Complete 
|  39|0x0000000082700000, 0x0000000082800000, 0x0000000082800000|100%|HC|  |TAMS 0x0000000082800000, 0x0000000082700000| Complete 
|  40|0x0000000082800000, 0x0000000082900000, 0x0000000082900000|100%| O|  |TAMS 0x0000000082900000, 0x0000000082800000| Untracked 
|  41|0x0000000082900000, 0x0000000082a00000, 0x0000000082a00000|100%| O|  |TAMS 0x0000000082a00000, 0x0000000082900000| Untracked 
|  42|0x0000000082a00000, 0x0000000082a00000, 0x0000000082b00000|  0%| F|  |TAMS 0x0000000082a00000, 0x0000000082a00000| Untracked 
|  43|0x0000000082b00000, 0x0000000082c00000, 0x0000000082c00000|100%| O|  |TAMS 0x0000000082c00000, 0x0000000082b00000| Untracked 
|  44|0x0000000082c00000, 0x0000000082d00000, 0x0000000082d00000|100%|HS|  |TAMS 0x0000000082d00000, 0x0000000082c00000| Complete 
|  45|0x0000000082d00000, 0x0000000082e00000, 0x0000000082e00000|100%|HS|  |TAMS 0x0000000082e00000, 0x0000000082d00000| Complete 
|  46|0x0000000082e00000, 0x0000000082f00000, 0x0000000082f00000|100%|HS|  |TAMS 0x0000000082e00000, 0x0000000082e00000| Complete 
|  47|0x0000000082f00000, 0x0000000083000000, 0x0000000083000000|100%| O|  |TAMS 0x0000000083000000, 0x0000000082f00000| Untracked 
|  48|0x0000000083000000, 0x0000000083100000, 0x0000000083100000|100%| O|  |TAMS 0x0000000083100000, 0x0000000083000000| Untracked 
|  49|0x0000000083100000, 0x0000000083200000, 0x0000000083200000|100%|HS|  |TAMS 0x0000000083200000, 0x0000000083100000| Complete 
|  50|0x0000000083200000, 0x0000000083300000, 0x0000000083300000|100%|HC|  |TAMS 0x0000000083300000, 0x0000000083200000| Complete 
|  51|0x0000000083300000, 0x0000000083400000, 0x0000000083400000|100%|HC|  |TAMS 0x0000000083400000, 0x0000000083300000| Complete 
|  52|0x0000000083400000, 0x0000000083500000, 0x0000000083500000|100%| O|  |TAMS 0x0000000083500000, 0x0000000083400000| Untracked 
|  53|0x0000000083500000, 0x0000000083600000, 0x0000000083600000|100%| O|  |TAMS 0x0000000083600000, 0x0000000083500000| Untracked 
|  54|0x0000000083600000, 0x0000000083700000, 0x0000000083700000|100%| O|  |TAMS 0x0000000083700000, 0x0000000083600000| Untracked 
|  55|0x0000000083700000, 0x0000000083800000, 0x0000000083800000|100%| O|  |TAMS 0x0000000083800000, 0x0000000083700000| Untracked 
|  56|0x0000000083800000, 0x0000000083900000, 0x0000000083900000|100%| O|  |TAMS 0x0000000083900000, 0x0000000083800000| Untracked 
|  57|0x0000000083900000, 0x0000000083a00000, 0x0000000083a00000|100%| O|  |TAMS 0x0000000083a00000, 0x0000000083900000| Untracked 
|  58|0x0000000083a00000, 0x0000000083b00000, 0x0000000083b00000|100%| O|  |TAMS 0x0000000083b00000, 0x0000000083a00000| Untracked 
|  59|0x0000000083b00000, 0x0000000083c00000, 0x0000000083c00000|100%| O|  |TAMS 0x0000000083c00000, 0x0000000083b00000| Untracked 
|  60|0x0000000083c00000, 0x0000000083d00000, 0x0000000083d00000|100%| O|  |TAMS 0x0000000083d00000, 0x0000000083c00000| Untracked 
|  61|0x0000000083d00000, 0x0000000083e00000, 0x0000000083e00000|100%| O|  |TAMS 0x0000000083e00000, 0x0000000083d00000| Untracked 
|  62|0x0000000083e00000, 0x0000000083f00000, 0x0000000083f00000|100%| O|  |TAMS 0x0000000083f00000, 0x0000000083e00000| Untracked 
|  63|0x0000000083f00000, 0x0000000084000000, 0x0000000084000000|100%| O|  |TAMS 0x0000000084000000, 0x0000000083f00000| Untracked 
|  64|0x0000000084000000, 0x0000000084100000, 0x0000000084100000|100%| O|  |TAMS 0x0000000084100000, 0x0000000084000000| Untracked 
|  65|0x0000000084100000, 0x0000000084200000, 0x0000000084200000|100%| O|  |TAMS 0x0000000084200000, 0x0000000084100000| Untracked 
|  66|0x0000000084200000, 0x0000000084300000, 0x0000000084300000|100%| O|  |TAMS 0x0000000084300000, 0x0000000084200000| Untracked 
|  67|0x0000000084300000, 0x0000000084400000, 0x0000000084400000|100%| O|  |TAMS 0x0000000084400000, 0x0000000084300000| Untracked 
|  68|0x0000000084400000, 0x0000000084500000, 0x0000000084500000|100%| O|  |TAMS 0x0000000084500000, 0x0000000084400000| Untracked 
|  69|0x0000000084500000, 0x0000000084600000, 0x0000000084600000|100%| O|  |TAMS 0x0000000084600000, 0x0000000084500000| Untracked 
|  70|0x0000000084600000, 0x0000000084700000, 0x0000000084700000|100%| O|  |TAMS 0x0000000084700000, 0x0000000084600000| Untracked 
|  71|0x0000000084700000, 0x0000000084800000, 0x0000000084800000|100%| O|  |TAMS 0x0000000084800000, 0x0000000084700000| Untracked 
|  72|0x0000000084800000, 0x0000000084900000, 0x0000000084900000|100%| O|  |TAMS 0x0000000084900000, 0x0000000084800000| Untracked 
|  73|0x0000000084900000, 0x0000000084a00000, 0x0000000084a00000|100%| O|  |TAMS 0x0000000084a00000, 0x0000000084900000| Untracked 
|  74|0x0000000084a00000, 0x0000000084b00000, 0x0000000084b00000|100%| O|  |TAMS 0x0000000084b00000, 0x0000000084a00000| Untracked 
|  75|0x0000000084b00000, 0x0000000084c00000, 0x0000000084c00000|100%| O|  |TAMS 0x0000000084c00000, 0x0000000084b00000| Untracked 
|  76|0x0000000084c00000, 0x0000000084d00000, 0x0000000084d00000|100%| O|  |TAMS 0x0000000084d00000, 0x0000000084c00000| Untracked 
|  77|0x0000000084d00000, 0x0000000084e00000, 0x0000000084e00000|100%| O|  |TAMS 0x0000000084e00000, 0x0000000084d00000| Untracked 
|  78|0x0000000084e00000, 0x0000000084f00000, 0x0000000084f00000|100%| O|  |TAMS 0x0000000084f00000, 0x0000000084e00000| Untracked 
|  79|0x0000000084f00000, 0x0000000085000000, 0x0000000085000000|100%| O|  |TAMS 0x0000000085000000, 0x0000000084f00000| Untracked 
|  80|0x0000000085000000, 0x0000000085100000, 0x0000000085100000|100%| O|  |TAMS 0x0000000085100000, 0x0000000085000000| Untracked 
|  81|0x0000000085100000, 0x0000000085200000, 0x0000000085200000|100%| O|  |TAMS 0x0000000085200000, 0x0000000085100000| Untracked 
|  82|0x0000000085200000, 0x0000000085300000, 0x0000000085300000|100%| O|  |TAMS 0x0000000085300000, 0x0000000085200000| Untracked 
|  83|0x0000000085300000, 0x0000000085400000, 0x0000000085400000|100%| O|  |TAMS 0x0000000085400000, 0x0000000085300000| Untracked 
|  84|0x0000000085400000, 0x0000000085500000, 0x0000000085500000|100%| O|  |TAMS 0x0000000085500000, 0x0000000085400000| Untracked 
|  85|0x0000000085500000, 0x0000000085600000, 0x0000000085600000|100%| O|  |TAMS 0x0000000085600000, 0x0000000085500000| Untracked 
|  86|0x0000000085600000, 0x0000000085700000, 0x0000000085700000|100%| O|  |TAMS 0x0000000085700000, 0x0000000085600000| Untracked 
|  87|0x0000000085700000, 0x0000000085800000, 0x0000000085800000|100%| O|  |TAMS 0x0000000085800000, 0x0000000085700000| Untracked 
|  88|0x0000000085800000, 0x0000000085900000, 0x0000000085900000|100%| O|  |TAMS 0x0000000085900000, 0x0000000085800000| Untracked 
|  89|0x0000000085900000, 0x0000000085a00000, 0x0000000085a00000|100%| O|  |TAMS 0x0000000085a00000, 0x0000000085900000| Untracked 
|  90|0x0000000085a00000, 0x0000000085b00000, 0x0000000085b00000|100%| O|  |TAMS 0x0000000085b00000, 0x0000000085a00000| Untracked 
|  91|0x0000000085b00000, 0x0000000085c00000, 0x0000000085c00000|100%| O|  |TAMS 0x0000000085c00000, 0x0000000085b00000| Untracked 
|  92|0x0000000085c00000, 0x0000000085d00000, 0x0000000085d00000|100%| O|  |TAMS 0x0000000085d00000, 0x0000000085c00000| Untracked 
|  93|0x0000000085d00000, 0x0000000085e00000, 0x0000000085e00000|100%| O|  |TAMS 0x0000000085d00000, 0x0000000085d00000| Untracked 
|  94|0x0000000085e00000, 0x0000000085f00000, 0x0000000085f00000|100%| O|  |TAMS 0x0000000085f00000, 0x0000000085e00000| Untracked 
|  95|0x0000000085f00000, 0x0000000086000000, 0x0000000086000000|100%| O|  |TAMS 0x0000000086000000, 0x0000000085f00000| Untracked 
|  96|0x0000000086000000, 0x0000000086100000, 0x0000000086100000|100%| O|  |TAMS 0x0000000086000000, 0x0000000086000000| Untracked 
|  97|0x0000000086100000, 0x0000000086200000, 0x0000000086200000|100%| O|  |TAMS 0x0000000086200000, 0x0000000086100000| Untracked 
|  98|0x0000000086200000, 0x0000000086300000, 0x0000000086300000|100%| O|  |TAMS 0x0000000086300000, 0x0000000086200000| Untracked 
|  99|0x0000000086300000, 0x0000000086400000, 0x0000000086400000|100%| O|  |TAMS 0x0000000086400000, 0x0000000086300000| Untracked 
| 100|0x0000000086400000, 0x0000000086500000, 0x0000000086500000|100%| O|  |TAMS 0x0000000086500000, 0x0000000086400000| Untracked 
| 101|0x0000000086500000, 0x0000000086600000, 0x0000000086600000|100%| O|  |TAMS 0x0000000086600000, 0x0000000086500000| Untracked 
| 102|0x0000000086600000, 0x0000000086700000, 0x0000000086700000|100%| O|  |TAMS 0x0000000086700000, 0x0000000086600000| Untracked 
| 103|0x0000000086700000, 0x0000000086800000, 0x0000000086800000|100%| O|  |TAMS 0x0000000086800000, 0x0000000086700000| Untracked 
| 104|0x0000000086800000, 0x0000000086900000, 0x0000000086900000|100%| O|  |TAMS 0x0000000086900000, 0x0000000086800000| Untracked 
| 105|0x0000000086900000, 0x0000000086a00000, 0x0000000086a00000|100%| O|  |TAMS 0x0000000086a00000, 0x0000000086900000| Untracked 
| 106|0x0000000086a00000, 0x0000000086b00000, 0x0000000086b00000|100%| O|  |TAMS 0x0000000086b00000, 0x0000000086a00000| Untracked 
| 107|0x0000000086b00000, 0x0000000086c00000, 0x0000000086c00000|100%| O|  |TAMS 0x0000000086c00000, 0x0000000086b00000| Untracked 
| 108|0x0000000086c00000, 0x0000000086d00000, 0x0000000086d00000|100%| O|  |TAMS 0x0000000086d00000, 0x0000000086c00000| Untracked 
| 109|0x0000000086d00000, 0x0000000086e00000, 0x0000000086e00000|100%| O|  |TAMS 0x0000000086e00000, 0x0000000086d00000| Untracked 
| 110|0x0000000086e00000, 0x0000000086f00000, 0x0000000086f00000|100%| O|  |TAMS 0x0000000086f00000, 0x0000000086e00000| Untracked 
| 111|0x0000000086f00000, 0x0000000087000000, 0x0000000087000000|100%| O|  |TAMS 0x0000000087000000, 0x0000000086f00000| Untracked 
| 112|0x0000000087000000, 0x0000000087100000, 0x0000000087100000|100%| O|  |TAMS 0x0000000087100000, 0x0000000087000000| Untracked 
| 113|0x0000000087100000, 0x0000000087200000, 0x0000000087200000|100%| O|  |TAMS 0x0000000087200000, 0x0000000087100000| Untracked 
| 114|0x0000000087200000, 0x0000000087300000, 0x0000000087300000|100%| O|  |TAMS 0x0000000087300000, 0x0000000087200000| Untracked 
| 115|0x0000000087300000, 0x0000000087400000, 0x0000000087400000|100%| O|  |TAMS 0x0000000087400000, 0x0000000087300000| Untracked 
| 116|0x0000000087400000, 0x0000000087500000, 0x0000000087500000|100%| O|  |TAMS 0x0000000087500000, 0x0000000087400000| Untracked 
| 117|0x0000000087500000, 0x0000000087600000, 0x0000000087600000|100%| O|  |TAMS 0x0000000087600000, 0x0000000087500000| Untracked 
| 118|0x0000000087600000, 0x0000000087700000, 0x0000000087700000|100%| O|  |TAMS 0x0000000087700000, 0x0000000087600000| Untracked 
| 119|0x0000000087700000, 0x0000000087800000, 0x0000000087800000|100%| O|  |TAMS 0x0000000087700000, 0x0000000087700000| Untracked 
| 120|0x0000000087800000, 0x0000000087900000, 0x0000000087900000|100%| O|  |TAMS 0x0000000087900000, 0x0000000087800000| Untracked 
| 121|0x0000000087900000, 0x0000000087a00000, 0x0000000087a00000|100%| O|  |TAMS 0x0000000087a00000, 0x0000000087900000| Untracked 
| 122|0x0000000087a00000, 0x0000000087b00000, 0x0000000087b00000|100%| O|  |TAMS 0x0000000087b00000, 0x0000000087a00000| Untracked 
| 123|0x0000000087b00000, 0x0000000087c00000, 0x0000000087c00000|100%| O|  |TAMS 0x0000000087c00000, 0x0000000087b00000| Untracked 
| 124|0x0000000087c00000, 0x0000000087d00000, 0x0000000087d00000|100%| O|  |TAMS 0x0000000087d00000, 0x0000000087c00000| Untracked 
| 125|0x0000000087d00000, 0x0000000087e00000, 0x0000000087e00000|100%| O|  |TAMS 0x0000000087e00000, 0x0000000087d00000| Untracked 
| 126|0x0000000087e00000, 0x0000000087f00000, 0x0000000087f00000|100%| O|  |TAMS 0x0000000087f00000, 0x0000000087e00000| Untracked 
| 127|0x0000000087f00000, 0x0000000088000000, 0x0000000088000000|100%| O|  |TAMS 0x0000000088000000, 0x0000000087f00000| Untracked 
| 128|0x0000000088000000, 0x0000000088100000, 0x0000000088100000|100%| O|  |TAMS 0x0000000088100000, 0x0000000088000000| Untracked 
| 129|0x0000000088100000, 0x0000000088200000, 0x0000000088200000|100%| O|  |TAMS 0x0000000088200000, 0x0000000088100000| Untracked 
| 130|0x0000000088200000, 0x0000000088300000, 0x0000000088300000|100%| O|  |TAMS 0x0000000088300000, 0x0000000088200000| Untracked 
| 131|0x0000000088300000, 0x0000000088400000, 0x0000000088400000|100%| O|  |TAMS 0x0000000088400000, 0x0000000088300000| Untracked 
| 132|0x0000000088400000, 0x0000000088500000, 0x0000000088500000|100%| O|  |TAMS 0x0000000088500000, 0x0000000088400000| Untracked 
| 133|0x0000000088500000, 0x0000000088600000, 0x0000000088600000|100%| O|  |TAMS 0x0000000088600000, 0x0000000088500000| Untracked 
| 134|0x0000000088600000, 0x0000000088700000, 0x0000000088700000|100%| O|  |TAMS 0x0000000088699c00, 0x0000000088600000| Untracked 
| 135|0x0000000088700000, 0x0000000088800000, 0x0000000088800000|100%| O|  |TAMS 0x0000000088700000, 0x0000000088700000| Untracked 
| 136|0x0000000088800000, 0x0000000088900000, 0x0000000088900000|100%| O|  |TAMS 0x0000000088800000, 0x0000000088800000| Untracked 
| 137|0x0000000088900000, 0x0000000088a00000, 0x0000000088a00000|100%| O|  |TAMS 0x0000000088900000, 0x0000000088900000| Untracked 
| 138|0x0000000088a00000, 0x0000000088b00000, 0x0000000088b00000|100%|HS|  |TAMS 0x0000000088b00000, 0x0000000088a00000| Complete 
| 139|0x0000000088b00000, 0x0000000088c00000, 0x0000000088c00000|100%| O|  |TAMS 0x0000000088b00000, 0x0000000088b00000| Untracked 
| 140|0x0000000088c00000, 0x0000000088d00000, 0x0000000088d00000|100%| O|  |TAMS 0x0000000088c00000, 0x0000000088c00000| Untracked 
| 141|0x0000000088d00000, 0x0000000088e00000, 0x0000000088e00000|100%|HS|  |TAMS 0x0000000088d00000, 0x0000000088d00000| Complete 
| 142|0x0000000088e00000, 0x0000000088f00000, 0x0000000088f00000|100%|HS|  |TAMS 0x0000000088e00000, 0x0000000088e00000| Complete 
| 143|0x0000000088f00000, 0x0000000089000000, 0x0000000089000000|100%|HC|  |TAMS 0x0000000088f00000, 0x0000000088f00000| Complete 
| 144|0x0000000089000000, 0x0000000089000000, 0x0000000089100000|  0%| F|  |TAMS 0x0000000089000000, 0x0000000089000000| Untracked 
| 145|0x0000000089100000, 0x0000000089200000, 0x0000000089200000|100%| O|  |TAMS 0x0000000089100000, 0x0000000089100000| Untracked 
| 146|0x0000000089200000, 0x0000000089300000, 0x0000000089300000|100%| O|  |TAMS 0x0000000089200000, 0x0000000089200000| Untracked 
| 147|0x0000000089300000, 0x0000000089400000, 0x0000000089400000|100%| O|  |TAMS 0x0000000089300000, 0x0000000089300000| Untracked 
| 148|0x0000000089400000, 0x0000000089500000, 0x0000000089500000|100%| O|  |TAMS 0x0000000089400000, 0x0000000089400000| Untracked 
| 149|0x0000000089500000, 0x0000000089600000, 0x0000000089600000|100%| O|  |TAMS 0x0000000089500000, 0x0000000089500000| Untracked 
| 150|0x0000000089600000, 0x0000000089700000, 0x0000000089700000|100%| O|  |TAMS 0x0000000089600000, 0x0000000089600000| Untracked 
| 151|0x0000000089700000, 0x0000000089800000, 0x0000000089800000|100%| O|  |TAMS 0x0000000089700000, 0x0000000089700000| Untracked 
| 152|0x0000000089800000, 0x0000000089900000, 0x0000000089900000|100%| O|  |TAMS 0x0000000089800000, 0x0000000089800000| Untracked 
| 153|0x0000000089900000, 0x0000000089a00000, 0x0000000089a00000|100%| O|  |TAMS 0x0000000089900000, 0x0000000089900000| Untracked 
| 154|0x0000000089a00000, 0x0000000089b00000, 0x0000000089b00000|100%| O|  |TAMS 0x0000000089a00000, 0x0000000089a00000| Untracked 
| 155|0x0000000089b00000, 0x0000000089c00000, 0x0000000089c00000|100%| O|  |TAMS 0x0000000089b00000, 0x0000000089b00000| Untracked 
| 156|0x0000000089c00000, 0x0000000089d00000, 0x0000000089d00000|100%| O|  |TAMS 0x0000000089c00000, 0x0000000089c00000| Untracked 
| 157|0x0000000089d00000, 0x0000000089e00000, 0x0000000089e00000|100%| O|  |TAMS 0x0000000089d00000, 0x0000000089d00000| Untracked 
| 158|0x0000000089e00000, 0x0000000089f00000, 0x0000000089f00000|100%| O|  |TAMS 0x0000000089e00000, 0x0000000089e00000| Untracked 
| 159|0x0000000089f00000, 0x000000008a000000, 0x000000008a000000|100%| O|  |TAMS 0x0000000089f00000, 0x0000000089f00000| Untracked 
| 160|0x000000008a000000, 0x000000008a100000, 0x000000008a100000|100%| O|  |TAMS 0x000000008a000000, 0x000000008a000000| Untracked 
| 161|0x000000008a100000, 0x000000008a200000, 0x000000008a200000|100%| O|  |TAMS 0x000000008a100000, 0x000000008a100000| Untracked 
| 162|0x000000008a200000, 0x000000008a300000, 0x000000008a300000|100%| O|  |TAMS 0x000000008a200000, 0x000000008a200000| Untracked 
| 163|0x000000008a300000, 0x000000008a400000, 0x000000008a400000|100%| O|  |TAMS 0x000000008a300000, 0x000000008a300000| Untracked 
| 164|0x000000008a400000, 0x000000008a500000, 0x000000008a500000|100%| O|  |TAMS 0x000000008a400000, 0x000000008a400000| Untracked 
| 165|0x000000008a500000, 0x000000008a600000, 0x000000008a600000|100%| O|  |TAMS 0x000000008a500000, 0x000000008a500000| Untracked 
| 166|0x000000008a600000, 0x000000008a700000, 0x000000008a700000|100%| O|  |TAMS 0x000000008a600000, 0x000000008a600000| Untracked 
| 167|0x000000008a700000, 0x000000008a800000, 0x000000008a800000|100%| O|  |TAMS 0x000000008a700000, 0x000000008a700000| Untracked 
| 168|0x000000008a800000, 0x000000008a900000, 0x000000008a900000|100%| O|  |TAMS 0x000000008a800000, 0x000000008a800000| Untracked 
| 169|0x000000008a900000, 0x000000008aa00000, 0x000000008aa00000|100%| O|  |TAMS 0x000000008a900000, 0x000000008a900000| Untracked 
| 170|0x000000008aa00000, 0x000000008ab00000, 0x000000008ab00000|100%| O|  |TAMS 0x000000008aa00000, 0x000000008aa00000| Untracked 
| 171|0x000000008ab00000, 0x000000008ac00000, 0x000000008ac00000|100%| O|  |TAMS 0x000000008ab00000, 0x000000008ab00000| Untracked 
| 172|0x000000008ac00000, 0x000000008ad00000, 0x000000008ad00000|100%| O|  |TAMS 0x000000008ac00000, 0x000000008ac00000| Untracked 
| 173|0x000000008ad00000, 0x000000008ae00000, 0x000000008ae00000|100%|HS|  |TAMS 0x000000008ad00000, 0x000000008ad00000| Complete 
| 174|0x000000008ae00000, 0x000000008af00000, 0x000000008af00000|100%|HC|  |TAMS 0x000000008ae00000, 0x000000008ae00000| Complete 
| 175|0x000000008af00000, 0x000000008b000000, 0x000000008b000000|100%|HS|  |TAMS 0x000000008af00000, 0x000000008af00000| Complete 
| 176|0x000000008b000000, 0x000000008b100000, 0x000000008b100000|100%|HC|  |TAMS 0x000000008b000000, 0x000000008b000000| Complete 
| 177|0x000000008b100000, 0x000000008b141c00, 0x000000008b200000| 25%| O|  |TAMS 0x000000008b100000, 0x000000008b100000| Untracked 
| 178|0x000000008b200000, 0x000000008b200000, 0x000000008b300000|  0%| F|  |TAMS 0x000000008b200000, 0x000000008b200000| Untracked 
| 179|0x000000008b300000, 0x000000008b300000, 0x000000008b400000|  0%| F|  |TAMS 0x000000008b300000, 0x000000008b300000| Untracked 
| 180|0x000000008b400000, 0x000000008b400000, 0x000000008b500000|  0%| F|  |TAMS 0x000000008b400000, 0x000000008b400000| Untracked 
| 181|0x000000008b500000, 0x000000008b500000, 0x000000008b600000|  0%| F|  |TAMS 0x000000008b500000, 0x000000008b500000| Untracked 
| 182|0x000000008b600000, 0x000000008b600000, 0x000000008b700000|  0%| F|  |TAMS 0x000000008b600000, 0x000000008b600000| Untracked 
| 183|0x000000008b700000, 0x000000008b700000, 0x000000008b800000|  0%| F|  |TAMS 0x000000008b700000, 0x000000008b700000| Untracked 
| 184|0x000000008b800000, 0x000000008b800000, 0x000000008b900000|  0%| F|  |TAMS 0x000000008b800000, 0x000000008b800000| Untracked 
| 185|0x000000008b900000, 0x000000008b900000, 0x000000008ba00000|  0%| F|  |TAMS 0x000000008b900000, 0x000000008b900000| Untracked 
| 186|0x000000008ba00000, 0x000000008ba00000, 0x000000008bb00000|  0%| F|  |TAMS 0x000000008ba00000, 0x000000008ba00000| Untracked 
| 187|0x000000008bb00000, 0x000000008bb00000, 0x000000008bc00000|  0%| F|  |TAMS 0x000000008bb00000, 0x000000008bb00000| Untracked 
| 188|0x000000008bc00000, 0x000000008bc00000, 0x000000008bd00000|  0%| F|  |TAMS 0x000000008bc00000, 0x000000008bc00000| Untracked 
| 189|0x000000008bd00000, 0x000000008bd00000, 0x000000008be00000|  0%| F|  |TAMS 0x000000008bd00000, 0x000000008bd00000| Untracked 
| 190|0x000000008be00000, 0x000000008be00000, 0x000000008bf00000|  0%| F|  |TAMS 0x000000008be00000, 0x000000008be00000| Untracked 
| 191|0x000000008bf00000, 0x000000008bf00000, 0x000000008c000000|  0%| F|  |TAMS 0x000000008bf00000, 0x000000008bf00000| Untracked 
| 192|0x000000008c000000, 0x000000008c000000, 0x000000008c100000|  0%| F|  |TAMS 0x000000008c000000, 0x000000008c000000| Untracked 
| 193|0x000000008c100000, 0x000000008c100000, 0x000000008c200000|  0%| F|  |TAMS 0x000000008c100000, 0x000000008c100000| Untracked 
| 194|0x000000008c200000, 0x000000008c200000, 0x000000008c300000|  0%| F|  |TAMS 0x000000008c200000, 0x000000008c200000| Untracked 
| 195|0x000000008c300000, 0x000000008c300000, 0x000000008c400000|  0%| F|  |TAMS 0x000000008c300000, 0x000000008c300000| Untracked 
| 196|0x000000008c400000, 0x000000008c400000, 0x000000008c500000|  0%| F|  |TAMS 0x000000008c400000, 0x000000008c400000| Untracked 
| 197|0x000000008c500000, 0x000000008c500000, 0x000000008c600000|  0%| F|  |TAMS 0x000000008c500000, 0x000000008c500000| Untracked 
| 198|0x000000008c600000, 0x000000008c600000, 0x000000008c700000|  0%| F|  |TAMS 0x000000008c600000, 0x000000008c600000| Untracked 
| 199|0x000000008c700000, 0x000000008c700000, 0x000000008c800000|  0%| F|  |TAMS 0x000000008c700000, 0x000000008c700000| Untracked 
| 200|0x000000008c800000, 0x000000008c800000, 0x000000008c900000|  0%| F|  |TAMS 0x000000008c800000, 0x000000008c800000| Untracked 
| 201|0x000000008c900000, 0x000000008c900000, 0x000000008ca00000|  0%| F|  |TAMS 0x000000008c900000, 0x000000008c900000| Untracked 
| 202|0x000000008ca00000, 0x000000008ca00000, 0x000000008cb00000|  0%| F|  |TAMS 0x000000008ca00000, 0x000000008ca00000| Untracked 
| 203|0x000000008cb00000, 0x000000008cb00000, 0x000000008cc00000|  0%| F|  |TAMS 0x000000008cb00000, 0x000000008cb00000| Untracked 
| 204|0x000000008cc00000, 0x000000008cc00000, 0x000000008cd00000|  0%| F|  |TAMS 0x000000008cc00000, 0x000000008cc00000| Untracked 
| 205|0x000000008cd00000, 0x000000008cd00000, 0x000000008ce00000|  0%| F|  |TAMS 0x000000008cd00000, 0x000000008cd00000| Untracked 
| 206|0x000000008ce00000, 0x000000008ce00000, 0x000000008cf00000|  0%| F|  |TAMS 0x000000008ce00000, 0x000000008ce00000| Untracked 
| 207|0x000000008cf00000, 0x000000008cf00000, 0x000000008d000000|  0%| F|  |TAMS 0x000000008cf00000, 0x000000008cf00000| Untracked 
| 208|0x000000008d000000, 0x000000008d000000, 0x000000008d100000|  0%| F|  |TAMS 0x000000008d000000, 0x000000008d000000| Untracked 
| 209|0x000000008d100000, 0x000000008d100000, 0x000000008d200000|  0%| F|  |TAMS 0x000000008d100000, 0x000000008d100000| Untracked 
| 210|0x000000008d200000, 0x000000008d200000, 0x000000008d300000|  0%| F|  |TAMS 0x000000008d200000, 0x000000008d200000| Untracked 
| 211|0x000000008d300000, 0x000000008d300000, 0x000000008d400000|  0%| F|  |TAMS 0x000000008d300000, 0x000000008d300000| Untracked 
| 212|0x000000008d400000, 0x000000008d400000, 0x000000008d500000|  0%| F|  |TAMS 0x000000008d400000, 0x000000008d400000| Untracked 
| 213|0x000000008d500000, 0x000000008d500000, 0x000000008d600000|  0%| F|  |TAMS 0x000000008d500000, 0x000000008d500000| Untracked 
| 214|0x000000008d600000, 0x000000008d600000, 0x000000008d700000|  0%| F|  |TAMS 0x000000008d600000, 0x000000008d600000| Untracked 
| 215|0x000000008d700000, 0x000000008d700000, 0x000000008d800000|  0%| F|  |TAMS 0x000000008d700000, 0x000000008d700000| Untracked 
| 216|0x000000008d800000, 0x000000008d800000, 0x000000008d900000|  0%| F|  |TAMS 0x000000008d800000, 0x000000008d800000| Untracked 
| 217|0x000000008d900000, 0x000000008d900000, 0x000000008da00000|  0%| F|  |TAMS 0x000000008d900000, 0x000000008d900000| Untracked 
| 218|0x000000008da00000, 0x000000008da00000, 0x000000008db00000|  0%| F|  |TAMS 0x000000008da00000, 0x000000008da00000| Untracked 
| 219|0x000000008db00000, 0x000000008db00000, 0x000000008dc00000|  0%| F|  |TAMS 0x000000008db00000, 0x000000008db00000| Untracked 
| 220|0x000000008dc00000, 0x000000008dc00000, 0x000000008dd00000|  0%| F|  |TAMS 0x000000008dc00000, 0x000000008dc00000| Untracked 
| 221|0x000000008dd00000, 0x000000008dd00000, 0x000000008de00000|  0%| F|  |TAMS 0x000000008dd00000, 0x000000008dd00000| Untracked 
| 222|0x000000008de00000, 0x000000008de00000, 0x000000008df00000|  0%| F|  |TAMS 0x000000008de00000, 0x000000008de00000| Untracked 
| 223|0x000000008df00000, 0x000000008df00000, 0x000000008e000000|  0%| F|  |TAMS 0x000000008df00000, 0x000000008df00000| Untracked 
| 224|0x000000008e000000, 0x000000008e000000, 0x000000008e100000|  0%| F|  |TAMS 0x000000008e000000, 0x000000008e000000| Untracked 
| 225|0x000000008e100000, 0x000000008e100000, 0x000000008e200000|  0%| F|  |TAMS 0x000000008e100000, 0x000000008e100000| Untracked 
| 226|0x000000008e200000, 0x000000008e200000, 0x000000008e300000|  0%| F|  |TAMS 0x000000008e200000, 0x000000008e200000| Untracked 
| 227|0x000000008e300000, 0x000000008e300000, 0x000000008e400000|  0%| F|  |TAMS 0x000000008e300000, 0x000000008e300000| Untracked 
| 228|0x000000008e400000, 0x000000008e400000, 0x000000008e500000|  0%| F|  |TAMS 0x000000008e400000, 0x000000008e400000| Untracked 
| 229|0x000000008e500000, 0x000000008e500000, 0x000000008e600000|  0%| F|  |TAMS 0x000000008e500000, 0x000000008e500000| Untracked 
| 230|0x000000008e600000, 0x000000008e600000, 0x000000008e700000|  0%| F|  |TAMS 0x000000008e600000, 0x000000008e600000| Untracked 
| 231|0x000000008e700000, 0x000000008e700000, 0x000000008e800000|  0%| F|  |TAMS 0x000000008e700000, 0x000000008e700000| Untracked 
| 232|0x000000008e800000, 0x000000008e800000, 0x000000008e900000|  0%| F|  |TAMS 0x000000008e800000, 0x000000008e800000| Untracked 
| 233|0x000000008e900000, 0x000000008e900000, 0x000000008ea00000|  0%| F|  |TAMS 0x000000008e900000, 0x000000008e900000| Untracked 
| 234|0x000000008ea00000, 0x000000008ea00000, 0x000000008eb00000|  0%| F|  |TAMS 0x000000008ea00000, 0x000000008ea00000| Untracked 
| 235|0x000000008eb00000, 0x000000008eb00000, 0x000000008ec00000|  0%| F|  |TAMS 0x000000008eb00000, 0x000000008eb00000| Untracked 
| 236|0x000000008ec00000, 0x000000008ec00000, 0x000000008ed00000|  0%| F|  |TAMS 0x000000008ec00000, 0x000000008ec00000| Untracked 
| 237|0x000000008ed00000, 0x000000008ed00000, 0x000000008ee00000|  0%| F|  |TAMS 0x000000008ed00000, 0x000000008ed00000| Untracked 
| 238|0x000000008ee00000, 0x000000008ee00000, 0x000000008ef00000|  0%| F|  |TAMS 0x000000008ee00000, 0x000000008ee00000| Untracked 
| 239|0x000000008ef00000, 0x000000008ef00000, 0x000000008f000000|  0%| F|  |TAMS 0x000000008ef00000, 0x000000008ef00000| Untracked 
| 240|0x000000008f000000, 0x000000008f000000, 0x000000008f100000|  0%| F|  |TAMS 0x000000008f000000, 0x000000008f000000| Untracked 
| 241|0x000000008f100000, 0x000000008f100000, 0x000000008f200000|  0%| F|  |TAMS 0x000000008f100000, 0x000000008f100000| Untracked 
| 242|0x000000008f200000, 0x000000008f200000, 0x000000008f300000|  0%| F|  |TAMS 0x000000008f200000, 0x000000008f200000| Untracked 
| 243|0x000000008f300000, 0x000000008f300000, 0x000000008f400000|  0%| F|  |TAMS 0x000000008f300000, 0x000000008f300000| Untracked 
| 244|0x000000008f400000, 0x000000008f400000, 0x000000008f500000|  0%| F|  |TAMS 0x000000008f400000, 0x000000008f400000| Untracked 
| 245|0x000000008f500000, 0x000000008f500000, 0x000000008f600000|  0%| F|  |TAMS 0x000000008f500000, 0x000000008f500000| Untracked 
| 246|0x000000008f600000, 0x000000008f600000, 0x000000008f700000|  0%| F|  |TAMS 0x000000008f600000, 0x000000008f600000| Untracked 
| 247|0x000000008f700000, 0x000000008f700000, 0x000000008f800000|  0%| F|  |TAMS 0x000000008f700000, 0x000000008f700000| Untracked 
| 248|0x000000008f800000, 0x000000008f800000, 0x000000008f900000|  0%| F|  |TAMS 0x000000008f800000, 0x000000008f800000| Untracked 
| 249|0x000000008f900000, 0x000000008f900000, 0x000000008fa00000|  0%| F|  |TAMS 0x000000008f900000, 0x000000008f900000| Untracked 
| 250|0x000000008fa00000, 0x000000008fa00000, 0x000000008fb00000|  0%| F|  |TAMS 0x000000008fa00000, 0x000000008fa00000| Untracked 
| 251|0x000000008fb00000, 0x000000008fb00000, 0x000000008fc00000|  0%| F|  |TAMS 0x000000008fb00000, 0x000000008fb00000| Untracked 
| 252|0x000000008fc00000, 0x000000008fd00000, 0x000000008fd00000|100%| S|CS|TAMS 0x000000008fc00000, 0x000000008fc00000| Complete 
| 253|0x000000008fd00000, 0x000000008fe00000, 0x000000008fe00000|100%| S|CS|TAMS 0x000000008fd00000, 0x000000008fd00000| Complete 
| 254|0x000000008fe00000, 0x000000008ff00000, 0x000000008ff00000|100%| S|CS|TAMS 0x000000008fe00000, 0x000000008fe00000| Complete 
| 255|0x000000008ff00000, 0x0000000090000000, 0x0000000090000000|100%| S|CS|TAMS 0x000000008ff00000, 0x000000008ff00000| Complete 
| 256|0x0000000090000000, 0x0000000090100000, 0x0000000090100000|100%| S|CS|TAMS 0x0000000090000000, 0x0000000090000000| Complete 
| 257|0x0000000090100000, 0x0000000090200000, 0x0000000090200000|100%| S|CS|TAMS 0x0000000090100000, 0x0000000090100000| Complete 
| 258|0x0000000090200000, 0x0000000090300000, 0x0000000090300000|100%| S|CS|TAMS 0x0000000090200000, 0x0000000090200000| Complete 
| 259|0x0000000090300000, 0x0000000090400000, 0x0000000090400000|100%| S|CS|TAMS 0x0000000090300000, 0x0000000090300000| Complete 
| 260|0x0000000090400000, 0x0000000090400000, 0x0000000090500000|  0%| F|  |TAMS 0x0000000090400000, 0x0000000090400000| Untracked 
| 261|0x0000000090500000, 0x0000000090500000, 0x0000000090600000|  0%| F|  |TAMS 0x0000000090500000, 0x0000000090500000| Untracked 
| 262|0x0000000090600000, 0x0000000090600000, 0x0000000090700000|  0%| F|  |TAMS 0x0000000090600000, 0x0000000090600000| Untracked 
| 263|0x0000000090700000, 0x0000000090700000, 0x0000000090800000|  0%| F|  |TAMS 0x0000000090700000, 0x0000000090700000| Untracked 
| 264|0x0000000090800000, 0x0000000090800000, 0x0000000090900000|  0%| F|  |TAMS 0x0000000090800000, 0x0000000090800000| Untracked 
| 265|0x0000000090900000, 0x0000000090900000, 0x0000000090a00000|  0%| F|  |TAMS 0x0000000090900000, 0x0000000090900000| Untracked 
| 266|0x0000000090a00000, 0x0000000090a00000, 0x0000000090b00000|  0%| F|  |TAMS 0x0000000090a00000, 0x0000000090a00000| Untracked 
| 267|0x0000000090b00000, 0x0000000090b00000, 0x0000000090c00000|  0%| F|  |TAMS 0x0000000090b00000, 0x0000000090b00000| Untracked 
| 268|0x0000000090c00000, 0x0000000090c00000, 0x0000000090d00000|  0%| F|  |TAMS 0x0000000090c00000, 0x0000000090c00000| Untracked 
| 269|0x0000000090d00000, 0x0000000090d00000, 0x0000000090e00000|  0%| F|  |TAMS 0x0000000090d00000, 0x0000000090d00000| Untracked 
| 270|0x0000000090e00000, 0x0000000090e00000, 0x0000000090f00000|  0%| F|  |TAMS 0x0000000090e00000, 0x0000000090e00000| Untracked 
| 271|0x0000000090f00000, 0x0000000090f00000, 0x0000000091000000|  0%| F|  |TAMS 0x0000000090f00000, 0x0000000090f00000| Untracked 
| 272|0x0000000091000000, 0x0000000091000000, 0x0000000091100000|  0%| F|  |TAMS 0x0000000091000000, 0x0000000091000000| Untracked 
| 273|0x0000000091100000, 0x0000000091180800, 0x0000000091200000| 50%| E|  |TAMS 0x0000000091100000, 0x0000000091100000| Complete 
| 274|0x0000000091200000, 0x0000000091300000, 0x0000000091300000|100%| E|CS|TAMS 0x0000000091200000, 0x0000000091200000| Complete 
| 275|0x0000000091300000, 0x0000000091400000, 0x0000000091400000|100%| E|CS|TAMS 0x0000000091300000, 0x0000000091300000| Complete 
| 276|0x0000000091400000, 0x0000000091500000, 0x0000000091500000|100%| E|CS|TAMS 0x0000000091400000, 0x0000000091400000| Complete 
| 277|0x0000000091500000, 0x0000000091600000, 0x0000000091600000|100%| E|CS|TAMS 0x0000000091500000, 0x0000000091500000| Complete 
| 278|0x0000000091600000, 0x0000000091700000, 0x0000000091700000|100%| E|CS|TAMS 0x0000000091600000, 0x0000000091600000| Complete 
| 279|0x0000000091700000, 0x0000000091800000, 0x0000000091800000|100%| E|CS|TAMS 0x0000000091700000, 0x0000000091700000| Complete 
| 280|0x0000000091800000, 0x0000000091900000, 0x0000000091900000|100%| E|CS|TAMS 0x0000000091800000, 0x0000000091800000| Complete 
| 281|0x0000000091900000, 0x0000000091a00000, 0x0000000091a00000|100%| E|CS|TAMS 0x0000000091900000, 0x0000000091900000| Complete 
| 282|0x0000000091a00000, 0x0000000091b00000, 0x0000000091b00000|100%| E|CS|TAMS 0x0000000091a00000, 0x0000000091a00000| Complete 
| 283|0x0000000091b00000, 0x0000000091c00000, 0x0000000091c00000|100%| E|CS|TAMS 0x0000000091b00000, 0x0000000091b00000| Complete 
| 284|0x0000000091c00000, 0x0000000091d00000, 0x0000000091d00000|100%| E|CS|TAMS 0x0000000091c00000, 0x0000000091c00000| Complete 
| 285|0x0000000091d00000, 0x0000000091e00000, 0x0000000091e00000|100%| E|CS|TAMS 0x0000000091d00000, 0x0000000091d00000| Complete 
| 286|0x0000000091e00000, 0x0000000091f00000, 0x0000000091f00000|100%| E|CS|TAMS 0x0000000091e00000, 0x0000000091e00000| Complete 
| 287|0x0000000091f00000, 0x0000000092000000, 0x0000000092000000|100%| E|CS|TAMS 0x0000000091f00000, 0x0000000091f00000| Complete 
| 288|0x0000000092000000, 0x0000000092100000, 0x0000000092100000|100%| E|CS|TAMS 0x0000000092000000, 0x0000000092000000| Complete 
| 289|0x0000000092100000, 0x0000000092200000, 0x0000000092200000|100%| E|CS|TAMS 0x0000000092100000, 0x0000000092100000| Complete 
| 290|0x0000000092200000, 0x0000000092300000, 0x0000000092300000|100%| E|CS|TAMS 0x0000000092200000, 0x0000000092200000| Complete 
| 291|0x0000000092300000, 0x0000000092400000, 0x0000000092400000|100%| E|CS|TAMS 0x0000000092300000, 0x0000000092300000| Complete 
| 292|0x0000000092400000, 0x0000000092500000, 0x0000000092500000|100%| E|CS|TAMS 0x0000000092400000, 0x0000000092400000| Complete 
| 293|0x0000000092500000, 0x0000000092600000, 0x0000000092600000|100%| E|CS|TAMS 0x0000000092500000, 0x0000000092500000| Complete 
| 294|0x0000000092600000, 0x0000000092700000, 0x0000000092700000|100%| E|CS|TAMS 0x0000000092600000, 0x0000000092600000| Complete 
| 295|0x0000000092700000, 0x0000000092800000, 0x0000000092800000|100%| E|CS|TAMS 0x0000000092700000, 0x0000000092700000| Complete 
| 296|0x0000000092800000, 0x0000000092900000, 0x0000000092900000|100%| E|CS|TAMS 0x0000000092800000, 0x0000000092800000| Complete 
| 297|0x0000000092900000, 0x0000000092a00000, 0x0000000092a00000|100%| E|CS|TAMS 0x0000000092900000, 0x0000000092900000| Complete 
| 298|0x0000000092a00000, 0x0000000092b00000, 0x0000000092b00000|100%| E|CS|TAMS 0x0000000092a00000, 0x0000000092a00000| Complete 
| 299|0x0000000092b00000, 0x0000000092c00000, 0x0000000092c00000|100%| E|CS|TAMS 0x0000000092b00000, 0x0000000092b00000| Complete 
| 300|0x0000000092c00000, 0x0000000092d00000, 0x0000000092d00000|100%| E|CS|TAMS 0x0000000092c00000, 0x0000000092c00000| Complete 
| 301|0x0000000092d00000, 0x0000000092e00000, 0x0000000092e00000|100%| E|CS|TAMS 0x0000000092d00000, 0x0000000092d00000| Complete 
| 302|0x0000000092e00000, 0x0000000092f00000, 0x0000000092f00000|100%| E|CS|TAMS 0x0000000092e00000, 0x0000000092e00000| Complete 
| 303|0x0000000092f00000, 0x0000000093000000, 0x0000000093000000|100%| E|CS|TAMS 0x0000000092f00000, 0x0000000092f00000| Complete 
| 304|0x0000000093000000, 0x0000000093100000, 0x0000000093100000|100%| E|CS|TAMS 0x0000000093000000, 0x0000000093000000| Complete 
| 305|0x0000000093100000, 0x0000000093200000, 0x0000000093200000|100%| E|CS|TAMS 0x0000000093100000, 0x0000000093100000| Complete 
| 306|0x0000000093200000, 0x0000000093300000, 0x0000000093300000|100%| E|CS|TAMS 0x0000000093200000, 0x0000000093200000| Complete 
| 307|0x0000000093300000, 0x0000000093400000, 0x0000000093400000|100%| E|CS|TAMS 0x0000000093300000, 0x0000000093300000| Complete 
| 308|0x0000000093400000, 0x0000000093500000, 0x0000000093500000|100%| E|CS|TAMS 0x0000000093400000, 0x0000000093400000| Complete 
| 309|0x0000000093500000, 0x0000000093600000, 0x0000000093600000|100%| E|CS|TAMS 0x0000000093500000, 0x0000000093500000| Complete 
| 310|0x0000000093600000, 0x0000000093700000, 0x0000000093700000|100%| E|CS|TAMS 0x0000000093600000, 0x0000000093600000| Complete 
| 311|0x0000000093700000, 0x0000000093800000, 0x0000000093800000|100%| E|CS|TAMS 0x0000000093700000, 0x0000000093700000| Complete 
| 312|0x0000000093800000, 0x0000000093900000, 0x0000000093900000|100%| E|CS|TAMS 0x0000000093800000, 0x0000000093800000| Complete 
| 313|0x0000000093900000, 0x0000000093a00000, 0x0000000093a00000|100%| E|CS|TAMS 0x0000000093900000, 0x0000000093900000| Complete 
| 314|0x0000000093a00000, 0x0000000093b00000, 0x0000000093b00000|100%| E|CS|TAMS 0x0000000093a00000, 0x0000000093a00000| Complete 
| 315|0x0000000093b00000, 0x0000000093c00000, 0x0000000093c00000|100%| E|CS|TAMS 0x0000000093b00000, 0x0000000093b00000| Complete 
| 316|0x0000000093c00000, 0x0000000093d00000, 0x0000000093d00000|100%| E|CS|TAMS 0x0000000093c00000, 0x0000000093c00000| Complete 
| 317|0x0000000093d00000, 0x0000000093e00000, 0x0000000093e00000|100%| E|CS|TAMS 0x0000000093d00000, 0x0000000093d00000| Complete 
| 318|0x0000000093e00000, 0x0000000093f00000, 0x0000000093f00000|100%| E|CS|TAMS 0x0000000093e00000, 0x0000000093e00000| Complete 
| 319|0x0000000093f00000, 0x0000000094000000, 0x0000000094000000|100%| E|CS|TAMS 0x0000000093f00000, 0x0000000093f00000| Complete 
| 320|0x0000000094000000, 0x0000000094100000, 0x0000000094100000|100%| E|CS|TAMS 0x0000000094000000, 0x0000000094000000| Complete 
| 321|0x0000000094100000, 0x0000000094200000, 0x0000000094200000|100%| E|CS|TAMS 0x0000000094100000, 0x0000000094100000| Complete 
| 322|0x0000000094200000, 0x0000000094300000, 0x0000000094300000|100%| E|CS|TAMS 0x0000000094200000, 0x0000000094200000| Complete 
| 323|0x0000000094300000, 0x0000000094400000, 0x0000000094400000|100%| E|CS|TAMS 0x0000000094300000, 0x0000000094300000| Complete 

Card table byte_map: [0x00000161677d0000,0x0000016167bd0000] _byte_map_base: 0x00000161673d0000

Marking Bits (Prev, Next): (CMBitMap*) 0x0000016150558690, (CMBitMap*) 0x00000161505586d0
 Prev Bits: [0x0000016167fd0000, 0x0000016169fd0000)
 Next Bits: [0x0000016169fd0000, 0x000001616bfd0000)

Polling page: 0x000001614e4c0000

Metaspace:

Usage:
  Non-class:    107.58 MB used.
      Class:     15.97 MB used.
       Both:    123.55 MB used.

Virtual space:
  Non-class space:      128.00 MB reserved,     108.50 MB ( 85%) committed,  2 nodes.
      Class space:        1.00 GB reserved,      17.00 MB (  2%) committed,  1 nodes.
             Both:        1.12 GB reserved,     125.50 MB ( 11%) committed. 

Chunk freelists:
   Non-Class:  2.98 MB
       Class:  2.81 MB
        Both:  5.80 MB

MaxMetaspaceSize: unlimited
CompressedClassSpaceSize: 1.00 GB
Initial GC threshold: 21.00 MB
Current GC threshold: 180.62 MB
CDS: on
MetaspaceReclaimPolicy: balanced
 - commit_granule_bytes: 65536.
 - commit_granule_words: 8192.
 - virtual_space_node_default_size: 8388608.
 - enlarge_chunks_in_place: 1.
 - new_chunks_are_fully_committed: 0.
 - uncommit_free_chunks: 1.
 - use_allocation_guard: 0.


Internal statistics:

num_allocs_failed_limit: 18.
num_arena_births: 3796.
num_arena_deaths: 6.
num_vsnodes_births: 3.
num_vsnodes_deaths: 0.
num_space_committed: 2009.
num_space_uncommitted: 0.
num_chunks_returned_to_freelist: 25.
num_chunks_taken_from_freelist: 9214.
num_chunk_merges: 13.
num_chunk_splits: 6164.
num_chunks_enlarged: 4064.
num_inconsistent_stats: 0.

CodeHeap 'non-profiled nmethods': size=120000Kb used=9006Kb max_used=9006Kb free=110993Kb
 bounds [0x000001615fb70000, 0x0000016160440000, 0x00000161670a0000]
CodeHeap 'profiled nmethods': size=120000Kb used=29624Kb max_used=29624Kb free=90375Kb
 bounds [0x0000016158640000, 0x000001615a330000, 0x000001615fb70000]
CodeHeap 'non-nmethods': size=5760Kb used=2524Kb max_used=2549Kb free=3235Kb
 bounds [0x00000161580a0000, 0x0000016158330000, 0x0000016158640000]
 total_blobs=15942 nmethods=14894 adapters=959
 compilation: enabled
              stopped_count=0, restarted_count=0
 full_count=0

Compilation events (20 events):
Event: 35.906 Thread 0x000001616e9eea90 17566       1       kotlin.ranges.IntProgression::getLast (5 bytes)
Event: 35.906 Thread 0x000001616e9eea90 nmethod 17566 0x0000016160436110 code [0x00000161604362a0, 0x0000016160436378]
Event: 35.906 Thread 0x000001616e9eea90 17567       1       kotlin.text.DelimitedRangesSequence::access$getLimit$p (5 bytes)
Event: 35.906 Thread 0x000001616e9eea90 nmethod 17567 0x0000016160436410 code [0x00000161604365a0, 0x0000016160436658]
Event: 35.906 Thread 0x000001616e9eea90 17568       1       kotlin.text.DelimitedRangesSequence::access$getGetNextMatch$p (5 bytes)
Event: 35.906 Thread 0x000001616e9eea90 nmethod 17568 0x0000016160436710 code [0x00000161604368a0, 0x0000016160436958]
Event: 35.911 Thread 0x000001616e9eea90 17569       3       javax.lang.model.util.ElementScanner14::visitType (17 bytes)
Event: 35.911 Thread 0x000001616e9eea90 nmethod 17569 0x000001615a30f790 code [0x000001615a30f960, 0x000001615a30fbe8]
Event: 35.938 Thread 0x000001616e9e9a80 nmethod 17536 0x0000016160436a10 code [0x0000016160436d00, 0x0000016160439580]
Event: 35.938 Thread 0x000001616e9e9a80 17551       4       java.lang.String::split (327 bytes)
Event: 35.944 Thread 0x000001616e9eea90 17570       3       java.util.zip.ZipEntry::setExtra0 (493 bytes)
Event: 35.945 Thread 0x000001616e9eea90 nmethod 17570 0x000001615a30fd90 code [0x000001615a310140, 0x000001615a311df8]
Event: 35.997 Thread 0x000001616e9eea90 17571       1       com.google.gson.reflect.TypeToken::getRawType (5 bytes)
Event: 35.997 Thread 0x000001616e9eea90 nmethod 17571 0x000001616043b090 code [0x000001616043b220, 0x000001616043b2f8]
Event: 35.998 Thread 0x000001616e9eea90 17572       3       sun.reflect.generics.reflectiveObjects.TypeVariableImpl::equals (67 bytes)
Event: 35.998 Thread 0x000001616e9eea90 nmethod 17572 0x000001615a312790 code [0x000001615a3129c0, 0x000001615a313398]
Event: 36.002 Thread 0x000001616e9eea90 17573       3       com.google.gson.internal.bind.TypeAdapters$31::create (20 bytes)
Event: 36.002 Thread 0x000001616e9eea90 nmethod 17573 0x000001615a313590 code [0x000001615a313740, 0x000001615a3138f8]
Event: 36.003 Thread 0x000001616e9eea90 17574       1       com.google.gson.reflect.TypeToken::hashCode (5 bytes)
Event: 36.003 Thread 0x000001616e9eea90 nmethod 17574 0x000001616043b390 code [0x000001616043b520, 0x000001616043b5f8]

GC Heap History (20 events):
Event: 14.972 GC heap before
{Heap before GC invocations=42 (full 0):
 garbage-first heap   total 276480K, used 221766K [0x0000000080000000, 0x0000000100000000)
  region size 1024K, 105 young (107520K), 8 survivors (8192K)
 Metaspace       used 95061K, committed 96896K, reserved 1179648K
  class space    used 12805K, committed 13760K, reserved 1048576K
}
Event: 14.983 GC heap after
{Heap after GC invocations=43 (full 0):
 garbage-first heap   total 276480K, used 127351K [0x0000000080000000, 0x0000000100000000)
  region size 1024K, 12 young (12288K), 12 survivors (12288K)
 Metaspace       used 95061K, committed 96896K, reserved 1179648K
  class space    used 12805K, committed 13760K, reserved 1048576K
}
Event: 17.683 GC heap before
{Heap before GC invocations=43 (full 0):
 garbage-first heap   total 276480K, used 221559K [0x0000000080000000, 0x0000000100000000)
  region size 1024K, 105 young (107520K), 12 survivors (12288K)
 Metaspace       used 98373K, committed 100288K, reserved 1179648K
  class space    used 13196K, committed 14208K, reserved 1048576K
}
Event: 17.696 GC heap after
{Heap after GC invocations=44 (full 0):
 garbage-first heap   total 276480K, used 132507K [0x0000000080000000, 0x0000000100000000)
  region size 1024K, 9 young (9216K), 9 survivors (9216K)
 Metaspace       used 98373K, committed 100288K, reserved 1179648K
  class space    used 13196K, committed 14208K, reserved 1048576K
}
Event: 17.965 GC heap before
{Heap before GC invocations=44 (full 0):
 garbage-first heap   total 276480K, used 222619K [0x0000000080000000, 0x0000000100000000)
  region size 1024K, 98 young (100352K), 9 survivors (9216K)
 Metaspace       used 99044K, committed 100992K, reserved 1179648K
  class space    used 13291K, committed 14336K, reserved 1048576K
}
Event: 17.975 GC heap after
{Heap after GC invocations=45 (full 0):
 garbage-first heap   total 276480K, used 137249K [0x0000000080000000, 0x0000000100000000)
  region size 1024K, 8 young (8192K), 8 survivors (8192K)
 Metaspace       used 99044K, committed 100992K, reserved 1179648K
  class space    used 13291K, committed 14336K, reserved 1048576K
}
Event: 18.308 GC heap before
{Heap before GC invocations=45 (full 0):
 garbage-first heap   total 276480K, used 224289K [0x0000000080000000, 0x0000000100000000)
  region size 1024K, 94 young (96256K), 8 survivors (8192K)
 Metaspace       used 99383K, committed 101248K, reserved 1179648K
  class space    used 13354K, committed 14336K, reserved 1048576K
}
Event: 18.317 GC heap after
{Heap after GC invocations=46 (full 0):
 garbage-first heap   total 276480K, used 141138K [0x0000000080000000, 0x0000000100000000)
  region size 1024K, 8 young (8192K), 8 survivors (8192K)
 Metaspace       used 99383K, committed 101248K, reserved 1179648K
  class space    used 13354K, committed 14336K, reserved 1048576K
}
Event: 29.919 GC heap before
{Heap before GC invocations=46 (full 0):
 garbage-first heap   total 276480K, used 225106K [0x0000000080000000, 0x0000000100000000)
  region size 1024K, 91 young (93184K), 8 survivors (8192K)
 Metaspace       used 100069K, committed 102080K, reserved 1179648K
  class space    used 13464K, committed 14528K, reserved 1048576K
}
Event: 29.928 GC heap after
{Heap after GC invocations=47 (full 0):
 garbage-first heap   total 331776K, used 145807K [0x0000000080000000, 0x0000000100000000)
  region size 1024K, 8 young (8192K), 8 survivors (8192K)
 Metaspace       used 100069K, committed 102080K, reserved 1179648K
  class space    used 13464K, committed 14528K, reserved 1048576K
}
Event: 31.250 GC heap before
{Heap before GC invocations=47 (full 0):
 garbage-first heap   total 331776K, used 281999K [0x0000000080000000, 0x0000000100000000)
  region size 1024K, 131 young (134144K), 8 survivors (8192K)
 Metaspace       used 107451K, committed 109504K, reserved 1179648K
  class space    used 14254K, committed 15296K, reserved 1048576K
}
Event: 31.259 GC heap after
{Heap after GC invocations=48 (full 0):
 garbage-first heap   total 331776K, used 150746K [0x0000000080000000, 0x0000000100000000)
  region size 1024K, 12 young (12288K), 12 survivors (12288K)
 Metaspace       used 107451K, committed 109504K, reserved 1179648K
  class space    used 14254K, committed 15296K, reserved 1048576K
}
Event: 31.314 GC heap before
{Heap before GC invocations=48 (full 0):
 garbage-first heap   total 331776K, used 154842K [0x0000000080000000, 0x0000000100000000)
  region size 1024K, 17 young (17408K), 12 survivors (12288K)
 Metaspace       used 107881K, committed 109888K, reserved 1179648K
  class space    used 14317K, committed 15360K, reserved 1048576K
}
Event: 31.329 GC heap after
{Heap after GC invocations=49 (full 0):
 garbage-first heap   total 331776K, used 153489K [0x0000000080000000, 0x0000000100000000)
  region size 1024K, 10 young (10240K), 10 survivors (10240K)
 Metaspace       used 107881K, committed 109888K, reserved 1179648K
  class space    used 14317K, committed 15360K, reserved 1048576K
}
Event: 33.736 GC heap before
{Heap before GC invocations=50 (full 0):
 garbage-first heap   total 331776K, used 227217K [0x0000000080000000, 0x0000000100000000)
  region size 1024K, 79 young (80896K), 10 survivors (10240K)
 Metaspace       used 109496K, committed 111552K, reserved 1179648K
  class space    used 14441K, committed 15488K, reserved 1048576K
}
Event: 33.772 GC heap after
{Heap after GC invocations=51 (full 0):
 garbage-first heap   total 331776K, used 173410K [0x0000000080000000, 0x0000000100000000)
  region size 1024K, 10 young (10240K), 10 survivors (10240K)
 Metaspace       used 109496K, committed 111552K, reserved 1179648K
  class space    used 14441K, committed 15488K, reserved 1048576K
}
Event: 33.974 GC heap before
{Heap before GC invocations=51 (full 0):
 garbage-first heap   total 331776K, used 179554K [0x0000000080000000, 0x0000000100000000)
  region size 1024K, 16 young (16384K), 10 survivors (10240K)
 Metaspace       used 109622K, committed 111680K, reserved 1179648K
  class space    used 14443K, committed 15488K, reserved 1048576K
}
Event: 33.991 GC heap after
{Heap after GC invocations=52 (full 0):
 garbage-first heap   total 331776K, used 173488K [0x0000000080000000, 0x0000000100000000)
  region size 1024K, 2 young (2048K), 2 survivors (2048K)
 Metaspace       used 109622K, committed 111680K, reserved 1179648K
  class space    used 14443K, committed 15488K, reserved 1048576K
}
Event: 35.302 GC heap before
{Heap before GC invocations=52 (full 0):
 garbage-first heap   total 331776K, used 242096K [0x0000000080000000, 0x0000000100000000)
  region size 1024K, 64 young (65536K), 2 survivors (2048K)
 Metaspace       used 119784K, committed 121856K, reserved 1179648K
  class space    used 15561K, committed 16640K, reserved 1048576K
}
Event: 35.312 GC heap after
{Heap after GC invocations=53 (full 0):
 garbage-first heap   total 331776K, used 187569K [0x0000000080000000, 0x0000000100000000)
  region size 1024K, 8 young (8192K), 8 survivors (8192K)
 Metaspace       used 119784K, committed 121856K, reserved 1179648K
  class space    used 15561K, committed 16640K, reserved 1048576K
}

Deoptimization events (20 events):
Event: 35.450 Thread 0x0000016177bfd440 DEOPT PACKING pc=0x000001615999a968 sp=0x0000005240bfb980
Event: 35.450 Thread 0x0000016177bfd440 DEOPT UNPACKING pc=0x00000161580f6763 sp=0x0000005240bfae10 mode 0
Event: 35.519 Thread 0x0000016177bfd440 DEOPT PACKING pc=0x000001615a247102 sp=0x0000005240bfc760
Event: 35.519 Thread 0x0000016177bfd440 DEOPT UNPACKING pc=0x00000161580f6763 sp=0x0000005240bfbc20 mode 0
Event: 35.529 Thread 0x0000016177bfd440 Uncommon trap: trap_request=0xffffff45 fr.pc=0x0000016160411078 relative=0x0000000000000318
Event: 35.529 Thread 0x0000016177bfd440 Uncommon trap: reason=unstable_if action=reinterpret pc=0x0000016160411078 method=com.sun.tools.javac.file.BaseFileManager.getKind(Ljava/lang/String;)Ljavax/tools/JavaFileObject$Kind; @ 27 c2
Event: 35.529 Thread 0x0000016177bfd440 DEOPT PACKING pc=0x0000016160411078 sp=0x0000005240bfcfd0
Event: 35.529 Thread 0x0000016177bfd440 DEOPT UNPACKING pc=0x00000161580f5c23 sp=0x0000005240bfcec0 mode 2
Event: 35.547 Thread 0x0000016177bfd440 Uncommon trap: trap_request=0xffffff45 fr.pc=0x000001616040bc98 relative=0x00000000000002d8
Event: 35.547 Thread 0x0000016177bfd440 Uncommon trap: reason=unstable_if action=reinterpret pc=0x000001616040bc98 method=com.sun.tools.javac.file.BaseFileManager.getKind(Ljava/lang/String;)Ljavax/tools/JavaFileObject$Kind; @ 27 c2
Event: 35.547 Thread 0x0000016177bfd440 DEOPT PACKING pc=0x000001616040bc98 sp=0x0000005240bfcf30
Event: 35.547 Thread 0x0000016177bfd440 DEOPT UNPACKING pc=0x00000161580f5c23 sp=0x0000005240bfced8 mode 2
Event: 35.831 Thread 0x0000016177bfd440 DEOPT PACKING pc=0x000001615921c253 sp=0x0000005240bfbdd0
Event: 35.831 Thread 0x0000016177bfd440 DEOPT UNPACKING pc=0x00000161580f6763 sp=0x0000005240bfb2d8 mode 0
Event: 35.908 Thread 0x0000016177bfd440 DEOPT PACKING pc=0x000001615999a968 sp=0x0000005240bf8b40
Event: 35.908 Thread 0x0000016177bfd440 DEOPT UNPACKING pc=0x00000161580f6763 sp=0x0000005240bf7fd0 mode 0
Event: 35.924 Thread 0x0000016177bfd440 Uncommon trap: trap_request=0xffffffde fr.pc=0x000001615ff0d100 relative=0x0000000000002540
Event: 35.924 Thread 0x0000016177bfd440 Uncommon trap: reason=class_check action=maybe_recompile pc=0x000001615ff0d100 method=java.util.jar.JarFile.getManifestFromReference()Ljava/util/jar/Manifest; @ 152 c2
Event: 35.924 Thread 0x0000016177bfd440 DEOPT PACKING pc=0x000001615ff0d100 sp=0x0000005240bfcad0
Event: 35.924 Thread 0x0000016177bfd440 DEOPT UNPACKING pc=0x00000161580f5c23 sp=0x0000005240bfca40 mode 2

Classes loaded (20 events):
Event: 35.193 Loading class sun/util/locale/UnicodeLocaleExtension
Event: 35.193 Loading class sun/util/locale/Extension
Event: 35.193 Loading class sun/util/locale/Extension done
Event: 35.193 Loading class sun/util/locale/UnicodeLocaleExtension done
Event: 35.232 Loading class java/util/EmptyStackException
Event: 35.233 Loading class java/util/EmptyStackException done
Event: 35.238 Loading class java/io/InvalidClassException
Event: 35.238 Loading class java/io/InvalidClassException done
Event: 35.480 Loading class java/lang/Override
Event: 35.480 Loading class java/lang/Override done
Event: 35.485 Loading class java/util/Collections$UnmodifiableList$1
Event: 35.485 Loading class java/util/Collections$UnmodifiableList$1 done
Event: 35.513 Loading class java/io/FilterWriter
Event: 35.513 Loading class java/io/FilterWriter done
Event: 35.522 Loading class java/util/AbstractList$RandomAccessSubList
Event: 35.522 Loading class java/util/AbstractList$SubList
Event: 35.522 Loading class java/util/AbstractList$SubList done
Event: 35.522 Loading class java/util/AbstractList$RandomAccessSubList done
Event: 35.522 Loading class java/util/AbstractList$SubList$1
Event: 35.522 Loading class java/util/AbstractList$SubList$1 done

Classes unloaded (3 events):
Event: 31.665 Thread 0x000001615058ec10 Unloading class 0x0000000801964c00 'java/lang/invoke/LambdaForm$DMH+0x0000000801964c00'
Event: 31.666 Thread 0x000001615058ec10 Unloading class 0x0000000801964000 'java/lang/invoke/LambdaForm$DMH+0x0000000801964000'
Event: 31.666 Thread 0x000001615058ec10 Unloading class 0x0000000801964400 'java/lang/invoke/LambdaForm$DMH+0x0000000801964400'

Classes redefined (0 events):
No events

Internal exceptions (20 events):
Event: 35.804 Thread 0x0000016177bfd440 Exception <a 'java/lang/IncompatibleClassChangeError'{0x0000000091ecf1f0}: Found class java.lang.Object, but interface was expected> (0x0000000091ecf1f0) 
thrown [s\src\hotspot\share\interpreter\linkResolver.cpp, line 826]
Event: 35.828 Thread 0x0000016177bfd440 Exception <a 'sun/nio/fs/WindowsException'{0x0000000091c6d218}> (0x0000000091c6d218) 
thrown [s\src\hotspot\share\prims\jni.cpp, line 516]
Event: 35.828 Thread 0x0000016177bfd440 Exception <a 'sun/nio/fs/WindowsException'{0x0000000091c6d628}> (0x0000000091c6d628) 
thrown [s\src\hotspot\share\prims\jni.cpp, line 516]
Event: 35.828 Thread 0x0000016177bfd440 Exception <a 'sun/nio/fs/WindowsException'{0x0000000091c6f0e0}> (0x0000000091c6f0e0) 
thrown [s\src\hotspot\share\prims\jni.cpp, line 516]
Event: 35.830 Thread 0x0000016177bfd440 Exception <a 'sun/nio/fs/WindowsException'{0x0000000091c89710}> (0x0000000091c89710) 
thrown [s\src\hotspot\share\prims\jni.cpp, line 516]
Event: 35.830 Thread 0x0000016177bfd440 Exception <a 'sun/nio/fs/WindowsException'{0x0000000091c89b20}> (0x0000000091c89b20) 
thrown [s\src\hotspot\share\prims\jni.cpp, line 516]
Event: 35.834 Thread 0x0000016177bfd440 Exception <a 'sun/nio/fs/WindowsException'{0x0000000091cf00b8}> (0x0000000091cf00b8) 
thrown [s\src\hotspot\share\prims\jni.cpp, line 516]
Event: 35.834 Thread 0x0000016177bfd440 Exception <a 'sun/nio/fs/WindowsException'{0x0000000091cf0b98}> (0x0000000091cf0b98) 
thrown [s\src\hotspot\share\prims\jni.cpp, line 516]
Event: 35.876 Thread 0x0000016177bfd440 Exception <a 'java/lang/IncompatibleClassChangeError'{0x0000000091921d08}: Found class java.lang.Object, but interface was expected> (0x0000000091921d08) 
thrown [s\src\hotspot\share\interpreter\linkResolver.cpp, line 826]
Event: 35.877 Thread 0x0000016177bfd440 Exception <a 'java/lang/NoSuchMethodError'{0x00000000919297d8}: 'void java.lang.invoke.DirectMethodHandle$Holder.invokeStatic(java.lang.Object, java.lang.Object, java.lang.Object, int)'> (0x00000000919297d8) 
thrown [s\src\hotspot\share\interpreter\linkResolver.cpp, line 759]
Event: 35.879 Thread 0x0000016177bfd440 Exception <a 'sun/nio/fs/WindowsException'{0x0000000091946ba0}> (0x0000000091946ba0) 
thrown [s\src\hotspot\share\prims\jni.cpp, line 516]
Event: 35.879 Thread 0x0000016177bfd440 Exception <a 'sun/nio/fs/WindowsException'{0x0000000091947690}> (0x0000000091947690) 
thrown [s\src\hotspot\share\prims\jni.cpp, line 516]
Event: 35.899 Thread 0x0000016177bfd440 Exception <a 'sun/nio/fs/WindowsException'{0x0000000091878a38}> (0x0000000091878a38) 
thrown [s\src\hotspot\share\prims\jni.cpp, line 516]
Event: 35.899 Thread 0x0000016177bfd440 Exception <a 'sun/nio/fs/WindowsException'{0x0000000091879510}> (0x0000000091879510) 
thrown [s\src\hotspot\share\prims\jni.cpp, line 516]
Event: 35.919 Thread 0x0000016177bfd440 Exception <a 'sun/nio/fs/WindowsException'{0x0000000091644b08}> (0x0000000091644b08) 
thrown [s\src\hotspot\share\prims\jni.cpp, line 516]
Event: 35.919 Thread 0x0000016177bfd440 Exception <a 'sun/nio/fs/WindowsException'{0x0000000091644f18}> (0x0000000091644f18) 
thrown [s\src\hotspot\share\prims\jni.cpp, line 516]
Event: 35.919 Thread 0x0000016177bfd440 Exception <a 'sun/nio/fs/WindowsException'{0x0000000091646480}> (0x0000000091646480) 
thrown [s\src\hotspot\share\prims\jni.cpp, line 516]
Event: 35.919 Thread 0x0000016177bfd440 Exception <a 'sun/nio/fs/WindowsException'{0x00000000916468c0}> (0x00000000916468c0) 
thrown [s\src\hotspot\share\prims\jni.cpp, line 516]
Event: 35.919 Thread 0x0000016177bfd440 Exception <a 'sun/nio/fs/WindowsException'{0x0000000091647de8}> (0x0000000091647de8) 
thrown [s\src\hotspot\share\prims\jni.cpp, line 516]
Event: 35.919 Thread 0x0000016177bfd440 Exception <a 'sun/nio/fs/WindowsException'{0x00000000916481f0}> (0x00000000916481f0) 
thrown [s\src\hotspot\share\prims\jni.cpp, line 516]

VM Operations (20 events):
Event: 34.473 Executing VM operation: ICBufferFull
Event: 34.474 Executing VM operation: ICBufferFull done
Event: 34.935 Executing VM operation: HandshakeAllThreads
Event: 34.936 Executing VM operation: HandshakeAllThreads done
Event: 34.937 Executing VM operation: HandshakeAllThreads
Event: 34.937 Executing VM operation: HandshakeAllThreads done
Event: 35.247 Executing VM operation: HandshakeAllThreads
Event: 35.248 Executing VM operation: HandshakeAllThreads done
Event: 35.295 Executing VM operation: ICBufferFull
Event: 35.295 Executing VM operation: ICBufferFull done
Event: 35.301 Executing VM operation: HandshakeAllThreads
Event: 35.301 Executing VM operation: HandshakeAllThreads done
Event: 35.302 Executing VM operation: G1CollectForAllocation
Event: 35.313 Executing VM operation: G1CollectForAllocation done
Event: 35.418 Executing VM operation: HandshakeAllThreads
Event: 35.419 Executing VM operation: HandshakeAllThreads done
Event: 35.740 Executing VM operation: ICBufferFull
Event: 35.740 Executing VM operation: ICBufferFull done
Event: 36.001 Executing VM operation: HandshakeAllThreads
Event: 36.002 Executing VM operation: HandshakeAllThreads done

Events (20 events):
Event: 18.582 Thread 0x0000016177bf7da0 Thread added: 0x0000016177bf7da0
Event: 19.176 Thread 0x0000016177bf7da0 Thread exited: 0x0000016177bf7da0
Event: 19.180 Thread 0x0000016177bf7da0 Thread added: 0x0000016177bf7da0
Event: 19.237 Thread 0x0000016177bfadc0 Thread added: 0x0000016177bfadc0
Event: 19.283 Thread 0x00000161748bc430 Thread added: 0x00000161748bc430
Event: 19.284 Thread 0x0000016173b3b690 Thread added: 0x0000016173b3b690
Event: 19.327 Thread 0x000001617e1eec70 Thread added: 0x000001617e1eec70
Event: 29.933 Thread 0x0000016177bf7da0 Thread exited: 0x0000016177bf7da0
Event: 29.933 Thread 0x0000016177bfadc0 Thread exited: 0x0000016177bfadc0
Event: 30.554 Thread 0x000001617e1f1c90 Thread added: 0x000001617e1f1c90
Event: 31.821 Thread 0x0000016177bf7400 Thread exited: 0x0000016177bf7400
Event: 32.702 Thread 0x000001616ea059a0 flushing nmethod 0x000001615fd09e90
Event: 32.708 Thread 0x000001616ea059a0 flushing nmethod 0x00000161588a1390
Event: 32.709 Thread 0x000001616ea059a0 flushing nmethod 0x0000016158998410
Event: 32.712 Thread 0x000001616ea059a0 flushing nmethod 0x0000016158d36690
Event: 32.721 Thread 0x000001616ea059a0 flushing nmethod 0x0000016159a5a490
Event: 32.723 Thread 0x000001616ea059a0 flushing nmethod 0x0000016159d65810
Event: 33.091 Thread 0x000001617e47c9b0 Thread added: 0x000001617e47c9b0
Event: 33.341 Thread 0x000001617e47c9b0 Thread exited: 0x000001617e47c9b0
Event: 35.170 Loaded shared library C:\Users\amrhi\AppData\Local\Temp\sqlite-3.41.2.2-97d6eca3-c96e-4c25-947b-39a83cbae6fd-sqlitejdbc.dll


Dynamic libraries:
0x00007ff75b820000 - 0x00007ff75b82e000 	C:\Users\amrhi\.jdks\azul-18.0.2.1\bin\java.exe
0x00007ffefe350000 - 0x00007ffefe567000 	C:\WINDOWS\SYSTEM32\ntdll.dll
0x00007ffefd210000 - 0x00007ffefd2d4000 	C:\WINDOWS\System32\KERNEL32.DLL
0x00007ffefba40000 - 0x00007ffefbded000 	C:\WINDOWS\System32\KERNELBASE.dll
0x00007ffefb8a0000 - 0x00007ffefb9b1000 	C:\WINDOWS\System32\ucrtbase.dll
0x00007ffeee5f0000 - 0x00007ffeee607000 	C:\Users\amrhi\.jdks\azul-18.0.2.1\bin\jli.dll
0x00007ffeee610000 - 0x00007ffeee62b000 	C:\Users\amrhi\.jdks\azul-18.0.2.1\bin\VCRUNTIME140.dll
0x00007ffefd720000 - 0x00007ffefd8ce000 	C:\WINDOWS\System32\USER32.dll
0x00007ffee2b20000 - 0x00007ffee2db3000 	C:\WINDOWS\WinSxS\amd64_microsoft.windows.common-controls_6595b64144ccf1df_6.0.22621.3672_none_2713b9d173822955\COMCTL32.dll
0x00007ffefb7d0000 - 0x00007ffefb7f6000 	C:\WINDOWS\System32\win32u.dll
0x00007ffefc090000 - 0x00007ffefc137000 	C:\WINDOWS\System32\msvcrt.dll
0x00007ffefc450000 - 0x00007ffefc479000 	C:\WINDOWS\System32\GDI32.dll
0x00007ffefb6b0000 - 0x00007ffefb7c9000 	C:\WINDOWS\System32\gdi32full.dll
0x00007ffefb800000 - 0x00007ffefb89a000 	C:\WINDOWS\System32\msvcp_win.dll
0x00007ffefd050000 - 0x00007ffefd081000 	C:\WINDOWS\System32\IMM32.DLL
0x00007ffef5ce0000 - 0x00007ffef5cec000 	C:\Users\amrhi\.jdks\azul-18.0.2.1\bin\vcruntime140_1.dll
0x00007ffecfa20000 - 0x00007ffecfaad000 	C:\Users\amrhi\.jdks\azul-18.0.2.1\bin\msvcp140.dll
0x00007ffe6c220000 - 0x00007ffe6cec0000 	C:\Users\amrhi\.jdks\azul-18.0.2.1\bin\server\jvm.dll
0x00007ffefcf00000 - 0x00007ffefcfb2000 	C:\WINDOWS\System32\ADVAPI32.dll
0x00007ffefd670000 - 0x00007ffefd719000 	C:\WINDOWS\System32\sechost.dll
0x00007ffefb680000 - 0x00007ffefb6a8000 	C:\WINDOWS\System32\bcrypt.dll
0x00007ffefc480000 - 0x00007ffefc594000 	C:\WINDOWS\System32\RPCRT4.dll
0x00007ffefc360000 - 0x00007ffefc368000 	C:\WINDOWS\System32\PSAPI.DLL
0x00007ffee1e00000 - 0x00007ffee1e09000 	C:\WINDOWS\SYSTEM32\WSOCK32.dll
0x00007ffef0a20000 - 0x00007ffef0a2a000 	C:\WINDOWS\SYSTEM32\VERSION.dll
0x00007ffefcfc0000 - 0x00007ffefd031000 	C:\WINDOWS\System32\WS2_32.dll
0x00007ffef2e80000 - 0x00007ffef2eb4000 	C:\WINDOWS\SYSTEM32\WINMM.dll
0x00007ffefa740000 - 0x00007ffefa758000 	C:\WINDOWS\SYSTEM32\kernel.appcore.dll
0x00007ffee1a50000 - 0x00007ffee1a5a000 	C:\Users\amrhi\.jdks\azul-18.0.2.1\bin\jimage.dll
0x00007ffef8ff0000 - 0x00007ffef9222000 	C:\WINDOWS\SYSTEM32\DBGHELP.DLL
0x00007ffefd2e0000 - 0x00007ffefd668000 	C:\WINDOWS\System32\combase.dll
0x00007ffefc370000 - 0x00007ffefc447000 	C:\WINDOWS\System32\OLEAUT32.dll
0x00007ffeef220000 - 0x00007ffeef252000 	C:\WINDOWS\SYSTEM32\dbgcore.DLL
0x00007ffefb9c0000 - 0x00007ffefba3b000 	C:\WINDOWS\System32\bcryptPrimitives.dll
0x00007ffee1a10000 - 0x00007ffee1a35000 	C:\Users\amrhi\.jdks\azul-18.0.2.1\bin\java.dll
0x00007ffecb6e0000 - 0x00007ffecb7b7000 	C:\Users\amrhi\.jdks\azul-18.0.2.1\bin\jsvml.dll
0x00007ffefc6a0000 - 0x00007ffefceff000 	C:\WINDOWS\System32\SHELL32.dll
0x00007ffef95e0000 - 0x00007ffef9edc000 	C:\WINDOWS\SYSTEM32\windows.storage.dll
0x00007ffef94a0000 - 0x00007ffef95df000 	C:\WINDOWS\SYSTEM32\wintypes.dll
0x00007ffefe210000 - 0x00007ffefe304000 	C:\WINDOWS\System32\SHCORE.dll
0x00007ffefdd70000 - 0x00007ffefddce000 	C:\WINDOWS\System32\shlwapi.dll
0x00007ffefb5b0000 - 0x00007ffefb5d1000 	C:\WINDOWS\SYSTEM32\profapi.dll
0x00007ffee1870000 - 0x00007ffee1883000 	C:\Users\amrhi\.jdks\azul-18.0.2.1\bin\net.dll
0x00007ffef4950000 - 0x00007ffef4a86000 	C:\WINDOWS\SYSTEM32\WINHTTP.dll
0x00007ffefac10000 - 0x00007ffefac79000 	C:\WINDOWS\system32\mswsock.dll
0x00007ffee1850000 - 0x00007ffee1866000 	C:\Users\amrhi\.jdks\azul-18.0.2.1\bin\nio.dll
0x00007ffee1890000 - 0x00007ffee18a8000 	C:\Users\amrhi\.jdks\azul-18.0.2.1\bin\zip.dll
0x00007ffee14a0000 - 0x00007ffee14b0000 	C:\Users\amrhi\.jdks\azul-18.0.2.1\bin\verify.dll
0x00007ffef2720000 - 0x00007ffef2747000 	C:\Users\amrhi\.gradle\native\e1d6ef7f7dcc3fd88c89a11ec53ec762bb8ba0a96d01ffa2cd45eb1d1d8dd5c5\windows-amd64\native-platform.dll
0x00007ffea9e80000 - 0x00007ffea9fc4000 	C:\Users\amrhi\.gradle\native\0d407fdbe67a94daf76414ababcb853783967236a71b16ec16e742cd7a986fd3\windows-amd64\native-platform-file-events.dll
0x00007ffee1490000 - 0x00007ffee1499000 	C:\Users\amrhi\.jdks\azul-18.0.2.1\bin\management.dll
0x00007ffee1480000 - 0x00007ffee148b000 	C:\Users\amrhi\.jdks\azul-18.0.2.1\bin\management_ext.dll
0x00007ffefae70000 - 0x00007ffefae8b000 	C:\WINDOWS\SYSTEM32\CRYPTSP.dll
0x00007ffefa700000 - 0x00007ffefa735000 	C:\WINDOWS\system32\rsaenh.dll
0x00007ffefad10000 - 0x00007ffefad38000 	C:\WINDOWS\SYSTEM32\USERENV.dll
0x00007ffefae90000 - 0x00007ffefae9c000 	C:\WINDOWS\SYSTEM32\CRYPTBASE.dll
0x00007ffefa1b0000 - 0x00007ffefa1dd000 	C:\WINDOWS\SYSTEM32\IPHLPAPI.DLL
0x00007ffefd200000 - 0x00007ffefd209000 	C:\WINDOWS\System32\NSI.dll
0x00007ffef4770000 - 0x00007ffef4789000 	C:\WINDOWS\SYSTEM32\dhcpcsvc6.DLL
0x00007ffef4750000 - 0x00007ffef476f000 	C:\WINDOWS\SYSTEM32\dhcpcsvc.DLL
0x00007ffefa220000 - 0x00007ffefa318000 	C:\WINDOWS\SYSTEM32\DNSAPI.dll
0x00007ffecfa10000 - 0x00007ffecfa1e000 	C:\Users\amrhi\.jdks\azul-18.0.2.1\bin\sunmscapi.dll
0x00007ffefbe60000 - 0x00007ffefbfc7000 	C:\WINDOWS\System32\CRYPT32.dll
0x00007ffefb030000 - 0x00007ffefb05e000 	C:\WINDOWS\SYSTEM32\ncrypt.dll
0x00007ffefaff0000 - 0x00007ffefb027000 	C:\WINDOWS\SYSTEM32\NTASN1.dll
0x00007ffef4740000 - 0x00007ffef474a000 	C:\Windows\System32\rasadhlp.dll
0x00007ffef2ac0000 - 0x00007ffef2b43000 	C:\WINDOWS\System32\fwpuclnt.dll
0x00007ffed63b0000 - 0x00007ffed63c7000 	C:\WINDOWS\system32\napinsp.dll
0x00007ffed4480000 - 0x00007ffed449b000 	C:\WINDOWS\system32\pnrpnsp.dll
0x00007ffed2d10000 - 0x00007ffed2d21000 	C:\WINDOWS\System32\winrnr.dll
0x00007ffef2bd0000 - 0x00007ffef2be5000 	C:\WINDOWS\system32\wshbth.dll
0x00007ffed2c80000 - 0x00007ffed2ca7000 	C:\WINDOWS\system32\nlansp_c.dll
0x00007ffedae00000 - 0x00007ffedae07000 	C:\Users\amrhi\.jdks\azul-18.0.2.1\bin\rmi.dll
0x00007ffee1830000 - 0x00007ffee184e000 	C:\Users\amrhi\AppData\Local\Temp\native-platform16435769215254886386dir\native-platform.dll
0x00007ffecb5f0000 - 0x00007ffecb6d9000 	C:\Users\amrhi\AppData\Local\Temp\sqlite-3.41.2.2-97d6eca3-c96e-4c25-947b-39a83cbae6fd-sqlitejdbc.dll

dbghelp: loaded successfully - version: 4.0.5 - missing functions: none
symbol engine: initialized successfully - sym options: 0x614 - pdb path: .;C:\Users\amrhi\.jdks\azul-18.0.2.1\bin;C:\WINDOWS\SYSTEM32;C:\WINDOWS\WinSxS\amd64_microsoft.windows.common-controls_6595b64144ccf1df_6.0.22621.3672_none_2713b9d173822955;C:\Users\amrhi\.jdks\azul-18.0.2.1\bin\server;C:\Users\amrhi\.gradle\native\e1d6ef7f7dcc3fd88c89a11ec53ec762bb8ba0a96d01ffa2cd45eb1d1d8dd5c5\windows-amd64;C:\Users\amrhi\.gradle\native\0d407fdbe67a94daf76414ababcb853783967236a71b16ec16e742cd7a986fd3\windows-amd64;C:\Users\amrhi\AppData\Local\Temp\native-platform16435769215254886386dir;C:\Users\amrhi\AppData\Local\Temp

VM Arguments:
jvm_args: --add-opens=java.base/java.util=ALL-UNNAMED --add-opens=java.base/java.lang=ALL-UNNAMED --add-opens=java.base/java.lang.invoke=ALL-UNNAMED --add-opens=java.base/java.util=ALL-UNNAMED --add-opens=java.prefs/java.util.prefs=ALL-UNNAMED --add-opens=java.prefs/java.util.prefs=ALL-UNNAMED --add-opens=java.base/java.nio.charset=ALL-UNNAMED --add-opens=java.base/java.net=ALL-UNNAMED --add-opens=java.base/java.util.concurrent.atomic=ALL-UNNAMED -Xmx2048m -Dfile.encoding=UTF-8 -Duser.country=US -Duser.language=en -Duser.variant 
java_command: org.gradle.launcher.daemon.bootstrap.GradleDaemon 7.5
java_class_path (initial): C:\Users\amrhi\.gradle\wrapper\dists\gradle-7.5-bin\f1w0cc9nuo0eivz97x2xlu9sv\gradle-7.5\lib\gradle-launcher-7.5.jar
Launcher Type: SUN_STANDARD

[Global flags]
     intx CICompilerCount                          = 4                                         {product} {ergonomic}
     uint ConcGCThreads                            = 2                                         {product} {ergonomic}
     uint G1ConcRefinementThreads                  = 8                                         {product} {ergonomic}
   size_t G1HeapRegionSize                         = 1048576                                   {product} {ergonomic}
    uintx GCDrainStackTargetSize                   = 64                                        {product} {ergonomic}
   size_t InitialHeapSize                          = 130023424                                 {product} {ergonomic}
   size_t MarkStackSize                            = 4194304                                   {product} {ergonomic}
   size_t MaxHeapSize                              = 2147483648                                {product} {command line}
   size_t MaxNewSize                               = 1287651328                                {product} {ergonomic}
   size_t MinHeapDeltaBytes                        = 1048576                                   {product} {ergonomic}
   size_t MinHeapSize                              = 8388608                                   {product} {ergonomic}
    uintx NonNMethodCodeHeapSize                   = 5839372                                {pd product} {ergonomic}
    uintx NonProfiledCodeHeapSize                  = 122909434                              {pd product} {ergonomic}
    uintx ProfiledCodeHeapSize                     = 122909434                              {pd product} {ergonomic}
    uintx ReservedCodeCacheSize                    = 251658240                              {pd product} {ergonomic}
     bool SegmentedCodeCache                       = true                                      {product} {ergonomic}
   size_t SoftMaxHeapSize                          = 2147483648                             {manageable} {ergonomic}
     bool UseCompressedClassPointers               = true                           {product lp64_product} {ergonomic}
     bool UseCompressedOops                        = true                           {product lp64_product} {ergonomic}
     bool UseG1GC                                  = true                                      {product} {ergonomic}
     bool UseLargePagesIndividualAllocation        = false                                  {pd product} {ergonomic}

Logging:
Log output configuration:
 #0: stdout all=warning uptime,level,tags foldmultilines=false
 #1: stderr all=off uptime,level,tags foldmultilines=false

Environment Variables:
PATH=C:\Program Files (x86)\Common Files\Intel\Shared Files\fortran\bin\Intel64;C:\Program Files (x86)\Common Files\Intel\Shared Libraries\redist\intel64_win\mpirt;C:\Program Files (x86)\Common Files\Intel\Shared Libraries\redist\intel64_win\compiler;C:\Program Files (x86)\Common Files\Oracle\Java\javapath;C:\Windows\system32;C:\Windows;C:\Windows\System32\Wbem;C:\Windows\System32\WindowsPowerShell\v1.0\;C:\Windows\System32\OpenSSH\;C:\Program Files (x86)\NVIDIA Corporation\PhysX\Common;C:\Program Files\NVIDIA Corporation\NVIDIA NvDLISR;C:\WINDOWS\system32;C:\WINDOWS;C:\WINDOWS\System32\Wbem;C:\WINDOWS\System32\WindowsPowerShell\v1.0\;C:\WINDOWS\System32\OpenSSH\;C:\Program Files\Microsoft SQL Server\110\Tools\Binn\;C:\Program Files\Git\cmd;C:\Program Files\MySQL\MySQL Shell 8.0\bin\;C:\Users\amrhi\AppData\Local\Microsoft\WindowsApps;
USERNAME=amrhi
OS=Windows_NT
PROCESSOR_IDENTIFIER=Intel64 Family 6 Model 140 Stepping 1, GenuineIntel



---------------  S Y S T E M  ---------------

OS:
 Windows 11 , 64 bit Build 22621 (10.0.22621.3672)
OS uptime: 0 days 19:13 hours

CPU: total 8 (initial active 8) (4 cores per cpu, 2 threads per core) family 6 model 140 stepping 1 microcode 0x86, cx8, cmov, fxsr, ht, mmx, 3dnowpref, sse, sse2, sse3, ssse3, sse4.1, sse4.2, popcnt, lzcnt, tsc, tscinvbit, avx, avx2, aes, erms, clmul, bmi1, bmi2, adx, avx512f, avx512dq, avx512cd, avx512bw, avx512vl, sha, fma, vzeroupper, avx512_vpopcntdq, avx512_vpclmulqdq, avx512_vaes, avx512_vnni, clflush, clflushopt, clwb, avx512_vbmi2, avx512_vbmi

Memory: 4k page, system-wide physical 7886M (372M free)
TotalPageFile size 23114M (AvailPageFile size 6M)
current process WorkingSet (physical memory assigned to process): 497M, peak: 548M
current process commit charge ("private bytes"): 689M, peak: 689M

vm_info: OpenJDK 64-Bit Server VM (18.0.2.1+1) for windows-amd64 JRE (18.0.2.1+1) (Zulu18.32+13-CA), built on Aug 23 2022 15:53:35 by "zulu_re" with MS VC++ 16.10 / 16.11 (VS2019)

END.
