#
# There is insufficient memory for the Java Runtime Environment to continue.
# Native memory allocation (mmap) failed to map 631242752 bytes for G1 virtual space
# Possible reasons:
#   The system is out of physical RAM or swap space
#   The process is running with CompressedOops enabled, and the Java Heap may be blocking the growth of the native heap
# Possible solutions:
#   Reduce memory load on the system
#   Increase physical memory or swap space
#   Check if swap backing store is full
#   Decrease Java heap size (-Xmx/-Xms)
#   Decrease number of Java threads
#   Decrease Java thread stack sizes (-Xss)
#   Set larger code cache with -XX:ReservedCodeCacheSize=
#   JVM is running with Unscaled Compressed Oops mode in which the Java heap is
#     placed in the first 4GB address space. The Java Heap base address is the
#     maximum limit for the native heap growth. Please use -XX:HeapBaseMinAddress
#     to set the Java Heap base and to place the Java Heap above 4GB virtual address.
# This output file may be truncated or incomplete.
#
#  Out of Memory Error (os_windows.cpp:3530), pid=13688, tid=1708
#
# JRE version: OpenJDK Runtime Environment Zulu18.32+13-CA (18.0.2.1+1) (build 18.0.2.1+1)
# Java VM: OpenJDK 64-Bit Server VM Zulu18.32+13-CA (18.0.2.1+1, mixed mode, sharing, tiered, compressed oops, compressed class ptrs, g1 gc, windows-amd64)
# No core dump will be written. Minidumps are not enabled by default on client versions of Windows
#

---------------  S U M M A R Y ------------

Command Line: --add-opens=java.base/java.util=ALL-UNNAMED --add-opens=java.base/java.lang=ALL-UNNAMED --add-opens=java.base/java.lang.invoke=ALL-UNNAMED --add-opens=java.base/java.util=ALL-UNNAMED --add-opens=java.prefs/java.util.prefs=ALL-UNNAMED --add-opens=java.prefs/java.util.prefs=ALL-UNNAMED --add-opens=java.base/java.nio.charset=ALL-UNNAMED --add-opens=java.base/java.net=ALL-UNNAMED --add-opens=java.base/java.util.concurrent.atomic=ALL-UNNAMED -Xmx2048m -Dfile.encoding=UTF-8 -Duser.country=US -Duser.language=en -Duser.variant org.gradle.launcher.daemon.bootstrap.GradleDaemon 7.5

Host: 11th Gen Intel(R) Core(TM) i5-1135G7 @ 2.40GHz, 8 cores, 7G,  Windows 11 , 64 bit Build 22621 (10.0.22621.3672)
Time: Fri Jul 12 15:44:59 2024 Egypt Daylight Time elapsed time: 606.613275 seconds (0d 0h 10m 6s)

---------------  T H R E A D  ---------------

Current thread (0x000001ca9a5bb3b0):  VMThread "VM Thread" [stack: 0x00000058bc800000,0x00000058bc900000] [id=1708]

Stack: [0x00000058bc800000,0x00000058bc900000]
Native frames: (J=compiled Java code, j=interpreted, Vv=VM code, C=native code)
V  [jvm.dll+0x69ea0a]
V  [jvm.dll+0x84dfbd]
V  [jvm.dll+0x84f8ce]
V  [jvm.dll+0x84ff83]
V  [jvm.dll+0x25fa1f]
V  [jvm.dll+0x69b959]
V  [jvm.dll+0x69048a]
V  [jvm.dll+0x32579b]
V  [jvm.dll+0x32d0e6]
V  [jvm.dll+0x381cae]
V  [jvm.dll+0x381edf]
V  [jvm.dll+0x2fd48a]
V  [jvm.dll+0x2fd537]
V  [jvm.dll+0x341b62]
V  [jvm.dll+0x340104]
V  [jvm.dll+0x2fcc60]
V  [jvm.dll+0x33f6db]
V  [jvm.dll+0x854d6b]
V  [jvm.dll+0x855b04]
V  [jvm.dll+0x85603d]
V  [jvm.dll+0x856494]
V  [jvm.dll+0x856557]
V  [jvm.dll+0x7fa6da]
V  [jvm.dll+0x69d8b5]
C  [ucrtbase.dll+0x29333]
C  [KERNEL32.DLL+0x1257d]
C  [ntdll.dll+0x5af28]

VM_Operation (0x00000058c61fbe80): G1CollectForAllocation, mode: safepoint, requested by thread 0x000001cac35a5e00


---------------  P R O C E S S  ---------------

Threads class SMR info:
_java_thread_list=0x000001cac9081f00, length=165, elements={
0x000001ca9a53a5b0, 0x000001cab8a07f00, 0x000001cab8a088a0, 0x000001cab8a28920,
0x000001cab8a291d0, 0x000001cab8a29b70, 0x000001cab8a2a510, 0x000001cab8a2e6e0,
0x000001cab8a3a810, 0x000001cab8a47510, 0x000001cabccde540, 0x000001cabccdf030,
0x000001cabe368600, 0x000001cabe13a6c0, 0x000001cabe4b4f10, 0x000001cabdf863d0,
0x000001cabdf868a0, 0x000001cabe7e0f60, 0x000001cabe7e0a90, 0x000001cabe7e1430,
0x000001cabe7e00f0, 0x000001cabe7e2c40, 0x000001cabed50d90, 0x000001cabed52f40,
0x000001cabed53db0, 0x000001cabdbfdc30, 0x000001cabdbfc8f0, 0x000001cabdc01120,
0x000001cabdbfd760, 0x000001cabdc00c50, 0x000001cabdc002b0, 0x000001cabdbfef70,
0x000001cabefea5b0, 0x000001cac1f35550, 0x000001cac1f32530, 0x000001cac1f31b90,
0x000001cac1f33d40, 0x000001cac1f2f040, 0x000001cabefecc30, 0x000001cabefeaa80,
0x000001cabefed100, 0x000001cabefec290, 0x000001cabefed5d0, 0x000001cabefe8da0,
0x000001cabefee910, 0x000001cabefe88d0, 0x000001cabefedf70, 0x000001cabeff0120,
0x000001cabefeb420, 0x000001cabefec760, 0x000001cabefee440, 0x000001cabefe9740,
0x000001cabefe9c10, 0x000001cabefebdc0, 0x000001cabefeede0, 0x000001cabefef2b0,
0x000001cabefef780, 0x000001cabefefc50, 0x000001cabefea0e0, 0x000001cac28c48a0,
0x000001cac28c4d70, 0x000001cac28c0a10, 0x000001cac28c6a50, 0x000001cac28c26f0,
0x000001cac28c1880, 0x000001cac28c0540, 0x000001cac28c2bc0, 0x000001cac28c5240,
0x000001cac28c3090, 0x000001cac28c3f00, 0x000001cac28c5710, 0x000001cac28c5be0,
0x000001cac28c60b0, 0x000001cac28c6580, 0x000001cac28c73f0, 0x000001cac28c0ee0,
0x000001cac1f35a20, 0x000001cac1f2f9e0, 0x000001cac1f34210, 0x000001cac1f311f0,
0x000001cac1f32ed0, 0x000001cac1f32a00, 0x000001cac1f346e0, 0x000001cac1f35ef0,
0x000001cac1f316c0, 0x000001cac1f2feb0, 0x000001cac1f363c0, 0x000001cac1f2eb70,
0x000001cac1f30850, 0x000001cabdbfe5d0, 0x000001cabdbfcdc0, 0x000001cabdbfeaa0,
0x000001cabdc00780, 0x000001cabdc015f0, 0x000001cabdc01ac0, 0x000001cabdc01f90,
0x000001cabdc02460, 0x000001cabdc037a0, 0x000001cac067c130, 0x000001cac067d940,
0x000001cac067d470, 0x000001cac067de10, 0x000001cac067c600, 0x000001cac067e2e0,
0x000001cac067f150, 0x000001cac067f620, 0x000001cac067bc60, 0x000001cabed51260,
0x000001cabed51730, 0x000001cabed538e0, 0x000001cabed520d0, 0x000001cabed54280,
0x000001cabed508c0, 0x000001cabe7e3ab0, 0x000001cabe7e1900, 0x000001cabe7e1dd0,
0x000001cabe7e22a0, 0x000001cabdf86d70, 0x000001cabdf87240, 0x000001cabdf87710,
0x000001cac254eb40, 0x000001cac2549970, 0x000001cac254b650, 0x000001cac254bb20,
0x000001cac254f010, 0x000001cac254d330, 0x000001cac2547c90, 0x000001cac25477c0,
0x000001cac254b180, 0x000001cac2548b00, 0x000001cac2548160, 0x000001cac25494a0,
0x000001cac2548fd0, 0x000001cac254a310, 0x000001cac2549e40, 0x000001cac254a7e0,
0x000001cac254dcd0, 0x000001cac254e1a0, 0x000001cac254d800, 0x000001cac254bff0,
0x000001cac254acb0, 0x000001cac254c4c0, 0x000001cac254ce60, 0x000001cac254c990,
0x000001cabcfb9e60, 0x000001cabcfba330, 0x000001cabcfba800, 0x000001cabcfb64a0,
0x000001cabcfb6970, 0x000001cabcfb2fb0, 0x000001cabcfb3950, 0x000001cabcfb77e0,
0x000001cabcfb8180, 0x000001cabcfb5fd0, 0x000001cabcfb47c0, 0x000001cabcfb3e20,
0x000001cabcfb42f0, 0x000001cac35a5e00, 0x000001cac2add070, 0x000001cac35a2910,
0x000001cac35a1f70, 0x000001cac35a67a0, 0x000001cac35a4ac0, 0x000001cac35a0c30,
0x000001cac2adf8f0
}

Java Threads: ( => current thread )
  0x000001ca9a53a5b0 JavaThread "main" [_thread_blocked, id=14108, stack(0x00000058bc200000,0x00000058bc300000)]
  0x000001cab8a07f00 JavaThread "Reference Handler" daemon [_thread_blocked, id=17760, stack(0x00000058bc900000,0x00000058bca00000)]
  0x000001cab8a088a0 JavaThread "Finalizer" daemon [_thread_blocked, id=16140, stack(0x00000058bca00000,0x00000058bcb00000)]
  0x000001cab8a28920 JavaThread "Signal Dispatcher" daemon [_thread_blocked, id=13976, stack(0x00000058bcb00000,0x00000058bcc00000)]
  0x000001cab8a291d0 JavaThread "Attach Listener" daemon [_thread_blocked, id=6124, stack(0x00000058bcc00000,0x00000058bcd00000)]
  0x000001cab8a29b70 JavaThread "Service Thread" daemon [_thread_blocked, id=9952, stack(0x00000058bcd00000,0x00000058bce00000)]
  0x000001cab8a2a510 JavaThread "Monitor Deflation Thread" daemon [_thread_blocked, id=18408, stack(0x00000058bce00000,0x00000058bcf00000)]
  0x000001cab8a2e6e0 JavaThread "C2 CompilerThread0" daemon [_thread_blocked, id=16008, stack(0x00000058bcf00000,0x00000058bd000000)]
  0x000001cab8a3a810 JavaThread "C1 CompilerThread0" daemon [_thread_blocked, id=16224, stack(0x00000058bd000000,0x00000058bd100000)]
  0x000001cab8a47510 JavaThread "Sweeper thread" daemon [_thread_blocked, id=17272, stack(0x00000058bd100000,0x00000058bd200000)]
  0x000001cabccde540 JavaThread "Common-Cleaner" daemon [_thread_blocked, id=5880, stack(0x00000058bd200000,0x00000058bd300000)]
  0x000001cabccdf030 JavaThread "Notification Thread" daemon [_thread_blocked, id=13712, stack(0x00000058bd300000,0x00000058bd400000)]
  0x000001cabe368600 JavaThread "Daemon health stats" [_thread_blocked, id=10868, stack(0x00000058bda00000,0x00000058bdb00000)]
  0x000001cabe13a6c0 JavaThread "Incoming local TCP Connector on port 53340" [_thread_in_native, id=13948, stack(0x00000058bd500000,0x00000058bd600000)]
  0x000001cabe4b4f10 JavaThread "Daemon periodic checks" [_thread_blocked, id=14120, stack(0x00000058bdb00000,0x00000058bdc00000)]
  0x000001cabdf863d0 JavaThread "Cache worker for journal cache (C:\Users\amrhi\.gradle\caches\journal-1)" [_thread_blocked, id=6968, stack(0x00000058be300000,0x00000058be400000)]
  0x000001cabdf868a0 JavaThread "File lock request listener" [_thread_in_native, id=9392, stack(0x00000058be400000,0x00000058be500000)]
  0x000001cabe7e0f60 JavaThread "Cache worker for file hash cache (C:\Users\amrhi\.gradle\caches\7.5\fileHashes)" [_thread_blocked, id=11652, stack(0x00000058be500000,0x00000058be600000)]
  0x000001cabe7e0a90 JavaThread "File watcher server" daemon [_thread_blocked, id=12508, stack(0x00000058be900000,0x00000058bea00000)]
  0x000001cabe7e1430 JavaThread "File watcher consumer" daemon [_thread_blocked, id=15812, stack(0x00000058bea00000,0x00000058beb00000)]
  0x000001cabe7e00f0 JavaThread "Cache worker for file content cache (C:\Users\amrhi\.gradle\caches\7.5\fileContent)" [_thread_blocked, id=12708, stack(0x00000058bed00000,0x00000058bee00000)]
  0x000001cabe7e2c40 JavaThread "Cache worker for execution history cache (C:\Users\amrhi\.gradle\caches\7.5\executionHistory)" [_thread_blocked, id=13812, stack(0x00000058bf100000,0x00000058bf200000)]
  0x000001cabed50d90 JavaThread "jar transforms" [_thread_blocked, id=12156, stack(0x00000058bf200000,0x00000058bf300000)]
  0x000001cabed52f40 JavaThread "jar transforms Thread 2" [_thread_blocked, id=18108, stack(0x00000058bf300000,0x00000058bf400000)]
  0x000001cabed53db0 JavaThread "jar transforms Thread 3" [_thread_blocked, id=15924, stack(0x00000058bf500000,0x00000058bf600000)]
  0x000001cabdbfdc30 JavaThread "jar transforms Thread 4" [_thread_blocked, id=16076, stack(0x00000058c4700000,0x00000058c4800000)]
  0x000001cabdbfc8f0 JavaThread "jar transforms Thread 5" [_thread_blocked, id=15776, stack(0x00000058c4800000,0x00000058c4900000)]
  0x000001cabdc01120 JavaThread "jar transforms Thread 6" [_thread_blocked, id=12256, stack(0x00000058c4900000,0x00000058c4a00000)]
  0x000001cabdbfd760 JavaThread "jar transforms Thread 7" [_thread_blocked, id=13880, stack(0x00000058c4a00000,0x00000058c4b00000)]
  0x000001cabdc00c50 JavaThread "jar transforms Thread 8" [_thread_blocked, id=4656, stack(0x00000058c4b00000,0x00000058c4c00000)]
  0x000001cabdc002b0 JavaThread "Memory manager" [_thread_blocked, id=11784, stack(0x00000058c4d00000,0x00000058c4e00000)]
  0x000001cabdbfef70 JavaThread "pool-3-thread-1" [_thread_blocked, id=8396, stack(0x00000058c4e00000,0x00000058c4f00000)]
  0x000001cabefea5b0 JavaThread "pool-6-thread-1" [_thread_blocked, id=2004, stack(0x00000058c4600000,0x00000058c4700000)]
  0x000001cac1f35550 JavaThread "RMI Scheduler(0)" daemon [_thread_blocked, id=5348, stack(0x00000058c5a00000,0x00000058c5b00000)]
  0x000001cac1f32530 JavaThread "RMI GC Daemon" daemon [_thread_blocked, id=16476, stack(0x00000058c5c00000,0x00000058c5d00000)]
  0x000001cac1f31b90 JavaThread "RMI TCP Accept-0" daemon [_thread_in_native, id=9084, stack(0x00000058c5d00000,0x00000058c5e00000)]
  0x000001cac1f33d40 JavaThread "RMI Reaper" [_thread_blocked, id=4080, stack(0x00000058c5e00000,0x00000058c5f00000)]
  0x000001cac1f2f040 JavaThread "ForkJoinPool.commonPool-worker-6" daemon [_thread_blocked, id=17688, stack(0x00000058c6c00000,0x00000058c6d00000)]
  0x000001cabefecc30 JavaThread "RMI TCP Connection(idle)" daemon [_thread_blocked, id=16012, stack(0x00000058bbf00000,0x00000058bc000000)]
  0x000001cabefeaa80 JavaThread "Daemon Thread 3" [_thread_blocked, id=17264, stack(0x00000058bc000000,0x00000058bc100000)]
  0x000001cabefed100 JavaThread "Handler for socket connection from /127.0.0.1:53340 to /127.0.0.1:54068" [_thread_in_native, id=13420, stack(0x00000058bc100000,0x00000058bc200000)]
  0x000001cabefec290 JavaThread "Cancel handler" [_thread_blocked, id=2660, stack(0x00000058bdc00000,0x00000058bdd00000)]
  0x000001cabefed5d0 JavaThread "Daemon worker Thread 3" [_thread_blocked, id=6008, stack(0x00000058bdd00000,0x00000058bde00000)]
  0x000001cabefe8da0 JavaThread "Asynchronous log dispatcher for DefaultDaemonConnection: socket connection from /127.0.0.1:53340 to /127.0.0.1:54068" [_thread_blocked, id=9796, stack(0x00000058bdf00000,0x00000058be000000)]
  0x000001cabefee910 JavaThread "Daemon client event forwarder" [_thread_blocked, id=12772, stack(0x00000058be100000,0x00000058be200000)]
  0x000001cabefe88d0 JavaThread "Cache worker for checksums cache (C:\Users\amrhi\AndroidStudioProjects\Important Projects\UncleJacks\.gradle\7.5\checksums)" [_thread_blocked, id=7432, stack(0x00000058be200000,0x00000058be300000)]
  0x000001cabefedf70 JavaThread "Cache worker for cache directory md-rule (C:\Users\amrhi\.gradle\caches\7.5\md-rule)" [_thread_blocked, id=8388, stack(0x00000058beb00000,0x00000058bec00000)]
  0x000001cabeff0120 JavaThread "Cache worker for file hash cache (C:\Users\amrhi\AndroidStudioProjects\Important Projects\UncleJacks\.gradle\7.5\fileHashes)" [_thread_blocked, id=17524, stack(0x00000058bec00000,0x00000058bed00000)]
  0x000001cabefeb420 JavaThread "Cache worker for cache directory md-supplier (C:\Users\amrhi\.gradle\caches\7.5\md-supplier)" [_thread_blocked, id=10664, stack(0x00000058bef00000,0x00000058bf000000)]
  0x000001cabefec760 JavaThread "Cache worker for dependencies-accessors (C:\Users\amrhi\AndroidStudioProjects\Important Projects\UncleJacks\.gradle\7.5\dependencies-accessors)" [_thread_blocked, id=17292, stack(0x00000058bf000000,0x00000058bf100000)]
  0x000001cabefee440 JavaThread "Cache worker for Build Output Cleanup Cache (C:\Users\amrhi\AndroidStudioProjects\Important Projects\UncleJacks\.gradle\buildOutputCleanup)" [_thread_blocked, id=2144, stack(0x00000058bf400000,0x00000058bf500000)]
  0x000001cabefe9740 JavaThread "Unconstrained build operations" [_thread_blocked, id=12808, stack(0x00000058bf600000,0x00000058bf700000)]
  0x000001cabefe9c10 JavaThread "Unconstrained build operations Thread 2" [_thread_blocked, id=11064, stack(0x00000058bf700000,0x00000058bf800000)]
  0x000001cabefebdc0 JavaThread "Unconstrained build operations Thread 3" [_thread_blocked, id=2648, stack(0x00000058bf800000,0x00000058bf900000)]
  0x000001cabefeede0 JavaThread "Unconstrained build operations Thread 4" [_thread_blocked, id=1840, stack(0x00000058bf900000,0x00000058bfa00000)]
  0x000001cabefef2b0 JavaThread "Unconstrained build operations Thread 5" [_thread_blocked, id=13388, stack(0x00000058bfa00000,0x00000058bfb00000)]
  0x000001cabefef780 JavaThread "Unconstrained build operations Thread 6" [_thread_blocked, id=11272, stack(0x00000058bfb00000,0x00000058bfc00000)]
  0x000001cabefefc50 JavaThread "Unconstrained build operations Thread 7" [_thread_blocked, id=4392, stack(0x00000058bfc00000,0x00000058bfd00000)]
  0x000001cabefea0e0 JavaThread "Unconstrained build operations Thread 8" [_thread_blocked, id=17600, stack(0x00000058bfd00000,0x00000058bfe00000)]
  0x000001cac28c48a0 JavaThread "Unconstrained build operations Thread 9" [_thread_blocked, id=8728, stack(0x00000058bfe00000,0x00000058bff00000)]
  0x000001cac28c4d70 JavaThread "Unconstrained build operations Thread 10" [_thread_blocked, id=6708, stack(0x00000058bff00000,0x00000058c0000000)]
  0x000001cac28c0a10 JavaThread "Unconstrained build operations Thread 11" [_thread_blocked, id=13464, stack(0x00000058c0000000,0x00000058c0100000)]
  0x000001cac28c6a50 JavaThread "Unconstrained build operations Thread 12" [_thread_blocked, id=15724, stack(0x00000058c0100000,0x00000058c0200000)]
  0x000001cac28c26f0 JavaThread "Unconstrained build operations Thread 13" [_thread_blocked, id=3816, stack(0x00000058c0200000,0x00000058c0300000)]
  0x000001cac28c1880 JavaThread "Unconstrained build operations Thread 14" [_thread_blocked, id=14288, stack(0x00000058c0300000,0x00000058c0400000)]
  0x000001cac28c0540 JavaThread "Unconstrained build operations Thread 15" [_thread_blocked, id=15728, stack(0x00000058c0400000,0x00000058c0500000)]
  0x000001cac28c2bc0 JavaThread "Unconstrained build operations Thread 16" [_thread_blocked, id=16816, stack(0x00000058c0500000,0x00000058c0600000)]
  0x000001cac28c5240 JavaThread "Unconstrained build operations Thread 17" [_thread_blocked, id=10428, stack(0x00000058c0600000,0x00000058c0700000)]
  0x000001cac28c3090 JavaThread "Unconstrained build operations Thread 18" [_thread_blocked, id=18152, stack(0x00000058c0700000,0x00000058c0800000)]
  0x000001cac28c3f00 JavaThread "Unconstrained build operations Thread 19" [_thread_blocked, id=11596, stack(0x00000058c0800000,0x00000058c0900000)]
  0x000001cac28c5710 JavaThread "Unconstrained build operations Thread 20" [_thread_blocked, id=13404, stack(0x00000058c0900000,0x00000058c0a00000)]
  0x000001cac28c5be0 JavaThread "Unconstrained build operations Thread 21" [_thread_blocked, id=4344, stack(0x00000058c0a00000,0x00000058c0b00000)]
  0x000001cac28c60b0 JavaThread "Unconstrained build operations Thread 22" [_thread_blocked, id=15624, stack(0x00000058c0b00000,0x00000058c0c00000)]
  0x000001cac28c6580 JavaThread "Unconstrained build operations Thread 23" [_thread_blocked, id=6376, stack(0x00000058c0c00000,0x00000058c0d00000)]
  0x000001cac28c73f0 JavaThread "Unconstrained build operations Thread 24" [_thread_blocked, id=11668, stack(0x00000058c0d00000,0x00000058c0e00000)]
  0x000001cac28c0ee0 JavaThread "Unconstrained build operations Thread 25" [_thread_blocked, id=2368, stack(0x00000058c0e00000,0x00000058c0f00000)]
  0x000001cac1f35a20 JavaThread "Unconstrained build operations Thread 26" [_thread_blocked, id=5048, stack(0x00000058c0f00000,0x00000058c1000000)]
  0x000001cac1f2f9e0 JavaThread "Unconstrained build operations Thread 27" [_thread_blocked, id=8532, stack(0x00000058c1000000,0x00000058c1100000)]
  0x000001cac1f34210 JavaThread "Unconstrained build operations Thread 28" [_thread_blocked, id=11360, stack(0x00000058c1100000,0x00000058c1200000)]
  0x000001cac1f311f0 JavaThread "Unconstrained build operations Thread 29" [_thread_blocked, id=6260, stack(0x00000058c1200000,0x00000058c1300000)]
  0x000001cac1f32ed0 JavaThread "Unconstrained build operations Thread 30" [_thread_blocked, id=9268, stack(0x00000058c1300000,0x00000058c1400000)]
  0x000001cac1f32a00 JavaThread "Unconstrained build operations Thread 31" [_thread_blocked, id=11196, stack(0x00000058c1400000,0x00000058c1500000)]
  0x000001cac1f346e0 JavaThread "Unconstrained build operations Thread 32" [_thread_blocked, id=16388, stack(0x00000058c1500000,0x00000058c1600000)]
  0x000001cac1f35ef0 JavaThread "Unconstrained build operations Thread 33" [_thread_blocked, id=16312, stack(0x00000058c1600000,0x00000058c1700000)]
  0x000001cac1f316c0 JavaThread "Unconstrained build operations Thread 34" [_thread_blocked, id=5612, stack(0x00000058c1700000,0x00000058c1800000)]
  0x000001cac1f2feb0 JavaThread "Unconstrained build operations Thread 35" [_thread_blocked, id=17932, stack(0x00000058c1800000,0x00000058c1900000)]
  0x000001cac1f363c0 JavaThread "Unconstrained build operations Thread 36" [_thread_blocked, id=9228, stack(0x00000058c1900000,0x00000058c1a00000)]
  0x000001cac1f2eb70 JavaThread "Unconstrained build operations Thread 37" [_thread_blocked, id=10600, stack(0x00000058c1a00000,0x00000058c1b00000)]
  0x000001cac1f30850 JavaThread "Unconstrained build operations Thread 38" [_thread_blocked, id=17140, stack(0x00000058c1b00000,0x00000058c1c00000)]
  0x000001cabdbfe5d0 JavaThread "Unconstrained build operations Thread 39" [_thread_blocked, id=8236, stack(0x00000058c1c00000,0x00000058c1d00000)]
  0x000001cabdbfcdc0 JavaThread "Unconstrained build operations Thread 40" [_thread_blocked, id=16248, stack(0x00000058c1d00000,0x00000058c1e00000)]
  0x000001cabdbfeaa0 JavaThread "Unconstrained build operations Thread 41" [_thread_blocked, id=3952, stack(0x00000058c1e00000,0x00000058c1f00000)]
  0x000001cabdc00780 JavaThread "Unconstrained build operations Thread 42" [_thread_blocked, id=5680, stack(0x00000058c1f00000,0x00000058c2000000)]
  0x000001cabdc015f0 JavaThread "Unconstrained build operations Thread 43" [_thread_blocked, id=6056, stack(0x00000058c2000000,0x00000058c2100000)]
  0x000001cabdc01ac0 JavaThread "Unconstrained build operations Thread 44" [_thread_blocked, id=15520, stack(0x00000058c2100000,0x00000058c2200000)]
  0x000001cabdc01f90 JavaThread "Unconstrained build operations Thread 45" [_thread_blocked, id=4272, stack(0x00000058c2200000,0x00000058c2300000)]
  0x000001cabdc02460 JavaThread "Unconstrained build operations Thread 46" [_thread_blocked, id=5860, stack(0x00000058c2300000,0x00000058c2400000)]
  0x000001cabdc037a0 JavaThread "Unconstrained build operations Thread 47" [_thread_blocked, id=16684, stack(0x00000058c2400000,0x00000058c2500000)]
  0x000001cac067c130 JavaThread "Unconstrained build operations Thread 48" [_thread_blocked, id=8988, stack(0x00000058c2500000,0x00000058c2600000)]
  0x000001cac067d940 JavaThread "Unconstrained build operations Thread 49" [_thread_blocked, id=10388, stack(0x00000058c2600000,0x00000058c2700000)]
  0x000001cac067d470 JavaThread "Unconstrained build operations Thread 50" [_thread_blocked, id=5148, stack(0x00000058c2700000,0x00000058c2800000)]
  0x000001cac067de10 JavaThread "Unconstrained build operations Thread 51" [_thread_blocked, id=12672, stack(0x00000058c2800000,0x00000058c2900000)]
  0x000001cac067c600 JavaThread "Unconstrained build operations Thread 52" [_thread_blocked, id=12984, stack(0x00000058c2900000,0x00000058c2a00000)]
  0x000001cac067e2e0 JavaThread "Unconstrained build operations Thread 53" [_thread_blocked, id=15432, stack(0x00000058c2a00000,0x00000058c2b00000)]
  0x000001cac067f150 JavaThread "Unconstrained build operations Thread 54" [_thread_blocked, id=13256, stack(0x00000058c2b00000,0x00000058c2c00000)]
  0x000001cac067f620 JavaThread "Unconstrained build operations Thread 55" [_thread_blocked, id=14428, stack(0x00000058c2c00000,0x00000058c2d00000)]
  0x000001cac067bc60 JavaThread "Unconstrained build operations Thread 56" [_thread_blocked, id=10552, stack(0x00000058c2d00000,0x00000058c2e00000)]
  0x000001cabed51260 JavaThread "Unconstrained build operations Thread 57" [_thread_blocked, id=18248, stack(0x00000058c2e00000,0x00000058c2f00000)]
  0x000001cabed51730 JavaThread "Unconstrained build operations Thread 58" [_thread_blocked, id=10304, stack(0x00000058c2f00000,0x00000058c3000000)]
  0x000001cabed538e0 JavaThread "Unconstrained build operations Thread 59" [_thread_blocked, id=16056, stack(0x00000058c3000000,0x00000058c3100000)]
  0x000001cabed520d0 JavaThread "Unconstrained build operations Thread 60" [_thread_blocked, id=15660, stack(0x00000058c3100000,0x00000058c3200000)]
  0x000001cabed54280 JavaThread "Unconstrained build operations Thread 61" [_thread_blocked, id=14712, stack(0x00000058c3200000,0x00000058c3300000)]
  0x000001cabed508c0 JavaThread "Unconstrained build operations Thread 62" [_thread_blocked, id=4092, stack(0x00000058c3300000,0x00000058c3400000)]
  0x000001cabe7e3ab0 JavaThread "Unconstrained build operations Thread 63" [_thread_blocked, id=11852, stack(0x00000058c3400000,0x00000058c3500000)]
  0x000001cabe7e1900 JavaThread "Unconstrained build operations Thread 64" [_thread_blocked, id=10408, stack(0x00000058c3500000,0x00000058c3600000)]
  0x000001cabe7e1dd0 JavaThread "Unconstrained build operations Thread 65" [_thread_blocked, id=13252, stack(0x00000058c3600000,0x00000058c3700000)]
  0x000001cabe7e22a0 JavaThread "Unconstrained build operations Thread 66" [_thread_blocked, id=6588, stack(0x00000058c3700000,0x00000058c3800000)]
  0x000001cabdf86d70 JavaThread "Unconstrained build operations Thread 67" [_thread_blocked, id=15400, stack(0x00000058c3800000,0x00000058c3900000)]
  0x000001cabdf87240 JavaThread "Unconstrained build operations Thread 68" [_thread_blocked, id=15380, stack(0x00000058c3900000,0x00000058c3a00000)]
  0x000001cabdf87710 JavaThread "Unconstrained build operations Thread 69" [_thread_blocked, id=17192, stack(0x00000058c3a00000,0x00000058c3b00000)]
  0x000001cac254eb40 JavaThread "Unconstrained build operations Thread 70" [_thread_blocked, id=8392, stack(0x00000058c3b00000,0x00000058c3c00000)]
  0x000001cac2549970 JavaThread "Unconstrained build operations Thread 71" [_thread_blocked, id=10228, stack(0x00000058c3c00000,0x00000058c3d00000)]
  0x000001cac254b650 JavaThread "Unconstrained build operations Thread 72" [_thread_blocked, id=908, stack(0x00000058c3d00000,0x00000058c3e00000)]
  0x000001cac254bb20 JavaThread "Unconstrained build operations Thread 73" [_thread_blocked, id=12252, stack(0x00000058c3e00000,0x00000058c3f00000)]
  0x000001cac254f010 JavaThread "Unconstrained build operations Thread 74" [_thread_blocked, id=13788, stack(0x00000058c3f00000,0x00000058c4000000)]
  0x000001cac254d330 JavaThread "Unconstrained build operations Thread 75" [_thread_blocked, id=16308, stack(0x00000058c4000000,0x00000058c4100000)]
  0x000001cac2547c90 JavaThread "Unconstrained build operations Thread 76" [_thread_blocked, id=17180, stack(0x00000058c4100000,0x00000058c4200000)]
  0x000001cac25477c0 JavaThread "Unconstrained build operations Thread 77" [_thread_blocked, id=5812, stack(0x00000058c4200000,0x00000058c4300000)]
  0x000001cac254b180 JavaThread "Unconstrained build operations Thread 78" [_thread_blocked, id=14024, stack(0x00000058c4300000,0x00000058c4400000)]
  0x000001cac2548b00 JavaThread "Unconstrained build operations Thread 79" [_thread_blocked, id=17336, stack(0x00000058c4400000,0x00000058c4500000)]
  0x000001cac2548160 JavaThread "Unconstrained build operations Thread 80" [_thread_blocked, id=9780, stack(0x00000058c4500000,0x00000058c4600000)]
  0x000001cac25494a0 JavaThread "build event listener" [_thread_blocked, id=764, stack(0x00000058c4c00000,0x00000058c4d00000)]
  0x000001cac2548fd0 JavaThread "build event listener" [_thread_blocked, id=2284, stack(0x00000058c4f00000,0x00000058c5000000)]
  0x000001cac254a310 JavaThread "pool-10-thread-1" [_thread_blocked, id=17788, stack(0x00000058c5100000,0x00000058c5200000)]
  0x000001cac2549e40 JavaThread "build event listener" [_thread_blocked, id=14412, stack(0x00000058c5200000,0x00000058c5300000)]
  0x000001cac254a7e0 JavaThread "included builds" [_thread_blocked, id=4104, stack(0x00000058c5300000,0x00000058c5400000)]
  0x000001cac254dcd0 JavaThread "Execution worker" [_thread_blocked, id=16652, stack(0x00000058c5400000,0x00000058c5500000)]
  0x000001cac254e1a0 JavaThread "Execution worker Thread 2" [_thread_blocked, id=4328, stack(0x00000058c5500000,0x00000058c5600000)]
  0x000001cac254d800 JavaThread "Execution worker Thread 3" [_thread_blocked, id=14252, stack(0x00000058c5600000,0x00000058c5700000)]
  0x000001cac254bff0 JavaThread "Execution worker Thread 4" [_thread_blocked, id=1680, stack(0x00000058c5700000,0x00000058c5800000)]
  0x000001cac254acb0 JavaThread "Execution worker Thread 5" [_thread_blocked, id=14940, stack(0x00000058c5900000,0x00000058c5a00000)]
  0x000001cac254c4c0 JavaThread "Execution worker Thread 6" [_thread_blocked, id=4432, stack(0x00000058c5b00000,0x00000058c5c00000)]
  0x000001cac254ce60 JavaThread "Execution worker Thread 7" [_thread_blocked, id=15556, stack(0x00000058c5f00000,0x00000058c6000000)]
  0x000001cac254c990 JavaThread "Cache worker for execution history cache (C:\Users\amrhi\AndroidStudioProjects\Important Projects\UncleJacks\.gradle\7.5\executionHistory)" [_thread_blocked, id=9668, stack(0x00000058c6000000,0x00000058c6100000)]
  0x000001cabcfb9e60 JavaThread "WorkerExecutor Queue" [_thread_blocked, id=12936, stack(0x00000058c6200000,0x00000058c6300000)]
  0x000001cabcfba330 JavaThread "RMI TCP Connection(idle)" daemon [_thread_blocked, id=4892, stack(0x00000058c6400000,0x00000058c6500000)]
  0x000001cabcfba800 JavaThread "WorkerExecutor Queue Thread 2" [_thread_blocked, id=6096, stack(0x00000058c5000000,0x00000058c5100000)]
  0x000001cabcfb64a0 JavaThread "RMI TCP Connection(idle)" daemon [_thread_blocked, id=11536, stack(0x00000058c6500000,0x00000058c6600000)]
  0x000001cabcfb6970 JavaThread "Cache worker for Java compile cache (C:\Users\amrhi\.gradle\caches\7.5\javaCompile)" [_thread_blocked, id=1492, stack(0x00000058c6600000,0x00000058c6700000)]
  0x000001cabcfb2fb0 JavaThread "Build operations" [_thread_blocked, id=14564, stack(0x00000058c6800000,0x00000058c6900000)]
  0x000001cabcfb3950 JavaThread "Build operations Thread 2" [_thread_blocked, id=2204, stack(0x00000058c6900000,0x00000058c6a00000)]
  0x000001cabcfb77e0 JavaThread "Build operations Thread 3" [_thread_blocked, id=11856, stack(0x00000058c6a00000,0x00000058c6b00000)]
  0x000001cabcfb8180 JavaThread "Build operations Thread 4" [_thread_blocked, id=8784, stack(0x00000058c6b00000,0x00000058c6c00000)]
  0x000001cabcfb5fd0 JavaThread "Build operations Thread 5" [_thread_blocked, id=2192, stack(0x00000058c6d00000,0x00000058c6e00000)]
  0x000001cabcfb47c0 JavaThread "Build operations Thread 6" [_thread_blocked, id=9576, stack(0x00000058c6e00000,0x00000058c6f00000)]
  0x000001cabcfb3e20 JavaThread "Build operations Thread 7" [_thread_blocked, id=17112, stack(0x00000058c6f00000,0x00000058c7000000)]
  0x000001cabcfb42f0 JavaThread "Build operations Thread 8" [_thread_blocked, id=16088, stack(0x00000058c7000000,0x00000058c7100000)]
  0x000001cac35a5e00 JavaThread "WorkerExecutor Queue Thread 3" [_thread_blocked, id=7240, stack(0x00000058c6100000,0x00000058c6200000)]
  0x000001cac2add070 JavaThread "C2 CompilerThread1" daemon [_thread_blocked, id=684, stack(0x00000058bde00000,0x00000058bdf00000)]
  0x000001cac35a2910 JavaThread "WorkerExecutor Queue Thread 4" [_thread_blocked, id=13696, stack(0x00000058c6700000,0x00000058c6800000)]
  0x000001cac35a1f70 JavaThread "WorkerExecutor Queue Thread 5" [_thread_blocked, id=3136, stack(0x00000058c7100000,0x00000058c7200000)]
  0x000001cac35a67a0 JavaThread "WorkerExecutor Queue Thread 6" [_thread_blocked, id=17232, stack(0x00000058c7200000,0x00000058c7300000)]
  0x000001cac35a4ac0 JavaThread "WorkerExecutor Queue Thread 7" [_thread_blocked, id=9340, stack(0x00000058c7300000,0x00000058c7400000)]
  0x000001cac35a0c30 JavaThread "WorkerExecutor Queue Thread 8" [_thread_blocked, id=3560, stack(0x00000058c7400000,0x00000058c7500000)]
  0x000001cac2adf8f0 JavaThread "C2 CompilerThread2" daemon [_thread_blocked, id=11672, stack(0x00000058c7500000,0x00000058c7600000)]

Other Threads:
=>0x000001ca9a5bb3b0 VMThread "VM Thread" [stack: 0x00000058bc800000,0x00000058bc900000] [id=1708]
  0x000001cabcce0500 WatcherThread "VM Periodic Task Thread" [stack: 0x00000058bd400000,0x00000058bd500000] [id=17300]
  0x000001ca9a599f20 WorkerThread "GC Thread#0" [stack: 0x00000058bc300000,0x00000058bc400000] [id=8864]
  0x000001cabd66bd80 WorkerThread "GC Thread#1" [stack: 0x00000058bd600000,0x00000058bd700000] [id=17356]
  0x000001cabd78af40 WorkerThread "GC Thread#2" [stack: 0x00000058bd700000,0x00000058bd800000] [id=5992]
  0x000001cabd6799c0 WorkerThread "GC Thread#3" [stack: 0x00000058bd800000,0x00000058bd900000] [id=13476]
  0x000001cabdf25a30 WorkerThread "GC Thread#4" [stack: 0x00000058bd900000,0x00000058bda00000] [id=16364]
  0x000001cabe4720b0 WorkerThread "GC Thread#5" [stack: 0x00000058be600000,0x00000058be700000] [id=15716]
  0x000001cabe7cec20 WorkerThread "GC Thread#6" [stack: 0x00000058be700000,0x00000058be800000] [id=10896]
  0x000001cabee5ba00 WorkerThread "GC Thread#7" [stack: 0x00000058be800000,0x00000058be900000] [id=3232]
  0x000001ca9a5aacf0 ConcurrentGCThread "G1 Main Marker" [stack: 0x00000058bc400000,0x00000058bc500000] [id=13648]
  0x000001ca9a5abd20 WorkerThread "G1 Conc#0" [stack: 0x00000058bc500000,0x00000058bc600000] [id=12340]
  0x000001cabee5bca0 WorkerThread "G1 Conc#1" [stack: 0x00000058bee00000,0x00000058bef00000] [id=11644]
  0x000001ca9a5ee240 ConcurrentGCThread "G1 Refine#0" [stack: 0x00000058bc600000,0x00000058bc700000] [id=12172]
  0x000001cabe6963a0 ConcurrentGCThread "G1 Refine#1" [stack: 0x00000058c5800000,0x00000058c5900000] [id=2820]
  0x000001cabf5d1910 ConcurrentGCThread "G1 Refine#2" [stack: 0x00000058c6300000,0x00000058c6400000] [id=7820]
  0x000001ca9a5ee9f0 ConcurrentGCThread "G1 Service" [stack: 0x00000058bc700000,0x00000058bc800000] [id=17540]

Threads with active compile tasks:
C2 CompilerThread0   606651 27905 %     4       com.android.tools.r8.internal.No::a @ 1684 (3406 bytes)
C1 CompilerThread0   606651 28278       2       com.android.tools.r8.internal.uT::c (2132 bytes)
C2 CompilerThread1   606651 28167       4       com.android.tools.r8.internal.uc::i (696 bytes)
C2 CompilerThread2   606651 28228       4       java.util.Map::getOrDefault (28 bytes)

VM state: at safepoint (normal execution)

VM Mutex/Monitor currently owned by a thread:  ([mutex/lock_event])
[0x000001ca9a539f40] Threads_lock - owner thread: 0x000001ca9a5bb3b0
[0x000001ca9a5387a0] Heap_lock - owner thread: 0x000001cac35a5e00

Heap address: 0x0000000080000000, size: 2048 MB, Compressed Oops mode: 32-bit

CDS archive(s) mapped at: [0x0000000800000000-0x0000000800ba0000-0x0000000800ba0000), size 12189696, SharedBaseAddress: 0x0000000800000000, ArchiveRelocationMode: 0.
Compressed class space mapped at: 0x0000000800c00000-0x0000000840c00000, reserved size: 1073741824
Narrow klass base: 0x0000000800000000, Narrow klass shift: 0, Narrow klass range: 0x100000000

GC Precious Log:
 CardTable entry size: 512
 Card Set container configuration: InlinePtr #cards 5 size 8 Array Of Cards #cards 12 size 40 Howl #buckets 4 coarsen threshold 1843 Howl Bitmap #cards 512 size 80 coarsen threshold 460 Card regions per heap region 1 cards per card region 2048
 CPUs: 8 total, 8 available
 Memory: 7886M
 Large Page Support: Disabled
 NUMA Support: Disabled
 Compressed Oops: Enabled (32-bit)
 Heap Region Size: 1M
 Heap Min Capacity: 8M
 Heap Initial Capacity: 124M
 Heap Max Capacity: 2G
 Pre-touch: Disabled
 Parallel Workers: 8
 Concurrent Workers: 2
 Concurrent Refinement Workers: 8
 Periodic GC: Disabled

Heap:
 garbage-first heap   total 557056K, used 237501K [0x0000000080000000, 0x0000000100000000)
  region size 1024K, 8 young (8192K), 8 survivors (8192K)
 Metaspace       used 143615K, committed 145728K, reserved 1179648K
  class space    used 18654K, committed 19776K, reserved 1048576K

Heap Regions: E=young(eden), S=young(survivor), O=old, HS=humongous(starts), HC=humongous(continues), CS=collection set, F=free, OA=open archive, CA=closed archive, TAMS=top-at-mark-start (previous, next)
|   0|0x0000000080000000, 0x0000000080100000, 0x0000000080100000|100%| O|  |TAMS 0x0000000080100000, 0x0000000080100000| Untracked 
|   1|0x0000000080100000, 0x0000000080200000, 0x0000000080200000|100%| O|  |TAMS 0x0000000080200000, 0x0000000080200000| Untracked 
|   2|0x0000000080200000, 0x0000000080300000, 0x0000000080300000|100%| O|  |TAMS 0x0000000080300000, 0x0000000080300000| Untracked 
|   3|0x0000000080300000, 0x0000000080400000, 0x0000000080400000|100%|HS|  |TAMS 0x0000000080400000, 0x0000000080400000| Complete 
|   4|0x0000000080400000, 0x0000000080500000, 0x0000000080500000|100%|HC|  |TAMS 0x0000000080500000, 0x0000000080500000| Complete 
|   5|0x0000000080500000, 0x0000000080600000, 0x0000000080600000|100%|HC|  |TAMS 0x0000000080600000, 0x0000000080600000| Complete 
|   6|0x0000000080600000, 0x0000000080700000, 0x0000000080700000|100%| O|  |TAMS 0x0000000080700000, 0x0000000080700000| Untracked 
|   7|0x0000000080700000, 0x0000000080800000, 0x0000000080800000|100%| O|  |TAMS 0x0000000080800000, 0x0000000080800000| Untracked 
|   8|0x0000000080800000, 0x0000000080900000, 0x0000000080900000|100%| O|  |TAMS 0x0000000080900000, 0x0000000080900000| Untracked 
|   9|0x0000000080900000, 0x0000000080a00000, 0x0000000080a00000|100%| O|  |TAMS 0x0000000080a00000, 0x0000000080a00000| Untracked 
|  10|0x0000000080a00000, 0x0000000080b00000, 0x0000000080b00000|100%| O|  |TAMS 0x0000000080b00000, 0x0000000080b00000| Untracked 
|  11|0x0000000080b00000, 0x0000000080c00000, 0x0000000080c00000|100%| O|  |TAMS 0x0000000080c00000, 0x0000000080c00000| Untracked 
|  12|0x0000000080c00000, 0x0000000080d00000, 0x0000000080d00000|100%| O|  |TAMS 0x0000000080d00000, 0x0000000080d00000| Untracked 
|  13|0x0000000080d00000, 0x0000000080e00000, 0x0000000080e00000|100%| O|  |TAMS 0x0000000080e00000, 0x0000000080e00000| Untracked 
|  14|0x0000000080e00000, 0x0000000080f00000, 0x0000000080f00000|100%| O|  |TAMS 0x0000000080f00000, 0x0000000080f00000| Untracked 
|  15|0x0000000080f00000, 0x0000000081000000, 0x0000000081000000|100%| O|  |TAMS 0x0000000081000000, 0x0000000081000000| Untracked 
|  16|0x0000000081000000, 0x0000000081100000, 0x0000000081100000|100%| O|  |TAMS 0x0000000081100000, 0x0000000081100000| Untracked 
|  17|0x0000000081100000, 0x0000000081200000, 0x0000000081200000|100%| O|  |TAMS 0x0000000081200000, 0x0000000081200000| Untracked 
|  18|0x0000000081200000, 0x0000000081300000, 0x0000000081300000|100%| O|  |TAMS 0x0000000081300000, 0x0000000081300000| Untracked 
|  19|0x0000000081300000, 0x0000000081400000, 0x0000000081400000|100%| O|  |TAMS 0x0000000081400000, 0x0000000081400000| Untracked 
|  20|0x0000000081400000, 0x0000000081500000, 0x0000000081500000|100%| O|  |TAMS 0x0000000081500000, 0x0000000081500000| Untracked 
|  21|0x0000000081500000, 0x0000000081600000, 0x0000000081600000|100%| O|  |TAMS 0x0000000081600000, 0x0000000081600000| Untracked 
|  22|0x0000000081600000, 0x0000000081700000, 0x0000000081700000|100%| O|  |TAMS 0x0000000081700000, 0x0000000081700000| Untracked 
|  23|0x0000000081700000, 0x0000000081800000, 0x0000000081800000|100%| O|  |TAMS 0x0000000081800000, 0x0000000081800000| Untracked 
|  24|0x0000000081800000, 0x0000000081900000, 0x0000000081900000|100%| O|  |TAMS 0x0000000081900000, 0x0000000081900000| Untracked 
|  25|0x0000000081900000, 0x0000000081a00000, 0x0000000081a00000|100%| O|  |TAMS 0x0000000081a00000, 0x0000000081a00000| Untracked 
|  26|0x0000000081a00000, 0x0000000081b00000, 0x0000000081b00000|100%| O|  |TAMS 0x0000000081b00000, 0x0000000081b00000| Untracked 
|  27|0x0000000081b00000, 0x0000000081c00000, 0x0000000081c00000|100%| O|  |TAMS 0x0000000081c00000, 0x0000000081c00000| Untracked 
|  28|0x0000000081c00000, 0x0000000081d00000, 0x0000000081d00000|100%| O|  |TAMS 0x0000000081d00000, 0x0000000081d00000| Untracked 
|  29|0x0000000081d00000, 0x0000000081e00000, 0x0000000081e00000|100%| O|  |TAMS 0x0000000081e00000, 0x0000000081e00000| Untracked 
|  30|0x0000000081e00000, 0x0000000081e00000, 0x0000000081f00000|  0%| F|  |TAMS 0x0000000081e00000, 0x0000000081e00000| Untracked 
|  31|0x0000000081f00000, 0x0000000082000000, 0x0000000082000000|100%| O|  |TAMS 0x0000000082000000, 0x0000000082000000| Untracked 
|  32|0x0000000082000000, 0x0000000082100000, 0x0000000082100000|100%| O|  |TAMS 0x0000000082100000, 0x0000000082100000| Untracked 
|  33|0x0000000082100000, 0x0000000082200000, 0x0000000082200000|100%| O|  |TAMS 0x0000000082200000, 0x0000000082200000| Untracked 
|  34|0x0000000082200000, 0x0000000082300000, 0x0000000082300000|100%| O|  |TAMS 0x0000000082300000, 0x0000000082300000| Untracked 
|  35|0x0000000082300000, 0x0000000082400000, 0x0000000082400000|100%| O|  |TAMS 0x0000000082400000, 0x0000000082400000| Untracked 
|  36|0x0000000082400000, 0x0000000082500000, 0x0000000082500000|100%| O|  |TAMS 0x0000000082500000, 0x0000000082500000| Untracked 
|  37|0x0000000082500000, 0x0000000082600000, 0x0000000082600000|100%| O|  |TAMS 0x0000000082600000, 0x0000000082600000| Untracked 
|  38|0x0000000082600000, 0x0000000082700000, 0x0000000082700000|100%|HS|  |TAMS 0x0000000082600000, 0x0000000082700000| Complete 
|  39|0x0000000082700000, 0x0000000082800000, 0x0000000082800000|100%| O|  |TAMS 0x0000000082800000, 0x0000000082800000| Untracked 
|  40|0x0000000082800000, 0x0000000082900000, 0x0000000082900000|100%|HS|  |TAMS 0x0000000082900000, 0x0000000082900000| Complete 
|  41|0x0000000082900000, 0x0000000082a00000, 0x0000000082a00000|100%|HC|  |TAMS 0x0000000082a00000, 0x0000000082a00000| Complete 
|  42|0x0000000082a00000, 0x0000000082a00000, 0x0000000082b00000|  0%| F|  |TAMS 0x0000000082a00000, 0x0000000082a00000| Untracked 
|  43|0x0000000082b00000, 0x0000000082b00000, 0x0000000082c00000|  0%| F|  |TAMS 0x0000000082b00000, 0x0000000082b00000| Untracked 
|  44|0x0000000082c00000, 0x0000000082d00000, 0x0000000082d00000|100%| O|  |TAMS 0x0000000082d00000, 0x0000000082d00000| Untracked 
|  45|0x0000000082d00000, 0x0000000082e00000, 0x0000000082e00000|100%|HS|  |TAMS 0x0000000082e00000, 0x0000000082e00000| Complete 
|  46|0x0000000082e00000, 0x0000000082f00000, 0x0000000082f00000|100%|HS|  |TAMS 0x0000000082f00000, 0x0000000082f00000| Complete 
|  47|0x0000000082f00000, 0x0000000083000000, 0x0000000083000000|100%|HS|  |TAMS 0x0000000083000000, 0x0000000083000000| Complete 
|  48|0x0000000083000000, 0x0000000083100000, 0x0000000083100000|100%|HC|  |TAMS 0x0000000083100000, 0x0000000083100000| Complete 
|  49|0x0000000083100000, 0x0000000083200000, 0x0000000083200000|100%|HC|  |TAMS 0x0000000083200000, 0x0000000083200000| Complete 
|  50|0x0000000083200000, 0x0000000083300000, 0x0000000083300000|100%| O|  |TAMS 0x0000000083300000, 0x0000000083300000| Untracked 
|  51|0x0000000083300000, 0x0000000083400000, 0x0000000083400000|100%| O|  |TAMS 0x0000000083400000, 0x0000000083400000| Untracked 
|  52|0x0000000083400000, 0x0000000083500000, 0x0000000083500000|100%| O|  |TAMS 0x0000000083500000, 0x0000000083500000| Untracked 
|  53|0x0000000083500000, 0x0000000083600000, 0x0000000083600000|100%| O|  |TAMS 0x0000000083600000, 0x0000000083600000| Untracked 
|  54|0x0000000083600000, 0x0000000083700000, 0x0000000083700000|100%| O|  |TAMS 0x0000000083700000, 0x0000000083700000| Untracked 
|  55|0x0000000083700000, 0x0000000083800000, 0x0000000083800000|100%| O|  |TAMS 0x0000000083800000, 0x0000000083800000| Untracked 
|  56|0x0000000083800000, 0x0000000083900000, 0x0000000083900000|100%| O|  |TAMS 0x0000000083900000, 0x0000000083900000| Untracked 
|  57|0x0000000083900000, 0x0000000083a00000, 0x0000000083a00000|100%| O|  |TAMS 0x0000000083a00000, 0x0000000083a00000| Untracked 
|  58|0x0000000083a00000, 0x0000000083b00000, 0x0000000083b00000|100%| O|  |TAMS 0x0000000083b00000, 0x0000000083b00000| Untracked 
|  59|0x0000000083b00000, 0x0000000083c00000, 0x0000000083c00000|100%| O|  |TAMS 0x0000000083c00000, 0x0000000083c00000| Untracked 
|  60|0x0000000083c00000, 0x0000000083d00000, 0x0000000083d00000|100%| O|  |TAMS 0x0000000083d00000, 0x0000000083d00000| Untracked 
|  61|0x0000000083d00000, 0x0000000083e00000, 0x0000000083e00000|100%| O|  |TAMS 0x0000000083e00000, 0x0000000083e00000| Untracked 
|  62|0x0000000083e00000, 0x0000000083f00000, 0x0000000083f00000|100%| O|  |TAMS 0x0000000083f00000, 0x0000000083f00000| Untracked 
|  63|0x0000000083f00000, 0x0000000084000000, 0x0000000084000000|100%| O|  |TAMS 0x0000000084000000, 0x0000000084000000| Untracked 
|  64|0x0000000084000000, 0x0000000084100000, 0x0000000084100000|100%| O|  |TAMS 0x0000000084100000, 0x0000000084100000| Untracked 
|  65|0x0000000084100000, 0x0000000084200000, 0x0000000084200000|100%| O|  |TAMS 0x0000000084200000, 0x0000000084200000| Untracked 
|  66|0x0000000084200000, 0x0000000084300000, 0x0000000084300000|100%| O|  |TAMS 0x0000000084300000, 0x0000000084300000| Untracked 
|  67|0x0000000084300000, 0x0000000084400000, 0x0000000084400000|100%| O|  |TAMS 0x0000000084400000, 0x0000000084400000| Untracked 
|  68|0x0000000084400000, 0x0000000084500000, 0x0000000084500000|100%| O|  |TAMS 0x0000000084500000, 0x0000000084500000| Untracked 
|  69|0x0000000084500000, 0x0000000084600000, 0x0000000084600000|100%| O|  |TAMS 0x0000000084600000, 0x0000000084600000| Untracked 
|  70|0x0000000084600000, 0x0000000084700000, 0x0000000084700000|100%| O|  |TAMS 0x0000000084700000, 0x0000000084700000| Untracked 
|  71|0x0000000084700000, 0x0000000084700000, 0x0000000084800000|  0%| F|  |TAMS 0x0000000084700000, 0x0000000084700000| Untracked 
|  72|0x0000000084800000, 0x0000000084900000, 0x0000000084900000|100%| O|  |TAMS 0x0000000084900000, 0x0000000084900000| Untracked 
|  73|0x0000000084900000, 0x0000000084a00000, 0x0000000084a00000|100%| O|  |TAMS 0x0000000084a00000, 0x0000000084a00000| Untracked 
|  74|0x0000000084a00000, 0x0000000084b00000, 0x0000000084b00000|100%| O|  |TAMS 0x0000000084b00000, 0x0000000084b00000| Untracked 
|  75|0x0000000084b00000, 0x0000000084c00000, 0x0000000084c00000|100%| O|  |TAMS 0x0000000084c00000, 0x0000000084c00000| Untracked 
|  76|0x0000000084c00000, 0x0000000084d00000, 0x0000000084d00000|100%| O|  |TAMS 0x0000000084d00000, 0x0000000084d00000| Untracked 
|  77|0x0000000084d00000, 0x0000000084e00000, 0x0000000084e00000|100%| O|  |TAMS 0x0000000084e00000, 0x0000000084e00000| Untracked 
|  78|0x0000000084e00000, 0x0000000084f00000, 0x0000000084f00000|100%| O|  |TAMS 0x0000000084f00000, 0x0000000084f00000| Untracked 
|  79|0x0000000084f00000, 0x0000000085000000, 0x0000000085000000|100%| O|  |TAMS 0x0000000085000000, 0x0000000085000000| Untracked 
|  80|0x0000000085000000, 0x0000000085100000, 0x0000000085100000|100%| O|  |TAMS 0x0000000085000000, 0x0000000085100000| Untracked 
|  81|0x0000000085100000, 0x0000000085200000, 0x0000000085200000|100%| O|  |TAMS 0x0000000085200000, 0x0000000085200000| Untracked 
|  82|0x0000000085200000, 0x0000000085300000, 0x0000000085300000|100%| O|  |TAMS 0x0000000085200000, 0x0000000085300000| Untracked 
|  83|0x0000000085300000, 0x0000000085400000, 0x0000000085400000|100%| O|  |TAMS 0x0000000085400000, 0x0000000085400000| Untracked 
|  84|0x0000000085400000, 0x0000000085500000, 0x0000000085500000|100%| O|  |TAMS 0x0000000085500000, 0x0000000085500000| Untracked 
|  85|0x0000000085500000, 0x0000000085600000, 0x0000000085600000|100%| O|  |TAMS 0x0000000085600000, 0x0000000085600000| Untracked 
|  86|0x0000000085600000, 0x0000000085700000, 0x0000000085700000|100%| O|  |TAMS 0x0000000085700000, 0x0000000085700000| Untracked 
|  87|0x0000000085700000, 0x0000000085800000, 0x0000000085800000|100%| O|  |TAMS 0x0000000085800000, 0x0000000085800000| Untracked 
|  88|0x0000000085800000, 0x0000000085900000, 0x0000000085900000|100%| O|  |TAMS 0x0000000085900000, 0x0000000085900000| Untracked 
|  89|0x0000000085900000, 0x0000000085a00000, 0x0000000085a00000|100%|HS|  |TAMS 0x0000000085a00000, 0x0000000085a00000| Complete 
|  90|0x0000000085a00000, 0x0000000085b00000, 0x0000000085b00000|100%|HC|  |TAMS 0x0000000085b00000, 0x0000000085b00000| Complete 
|  91|0x0000000085b00000, 0x0000000085c00000, 0x0000000085c00000|100%| O|  |TAMS 0x0000000085c00000, 0x0000000085c00000| Untracked 
|  92|0x0000000085c00000, 0x0000000085d00000, 0x0000000085d00000|100%| O|  |TAMS 0x0000000085d00000, 0x0000000085d00000| Untracked 
|  93|0x0000000085d00000, 0x0000000085e00000, 0x0000000085e00000|100%| O|  |TAMS 0x0000000085e00000, 0x0000000085e00000| Untracked 
|  94|0x0000000085e00000, 0x0000000085f00000, 0x0000000085f00000|100%|HS|  |TAMS 0x0000000085f00000, 0x0000000085f00000| Complete 
|  95|0x0000000085f00000, 0x0000000086000000, 0x0000000086000000|100%| O|  |TAMS 0x0000000086000000, 0x0000000086000000| Untracked 
|  96|0x0000000086000000, 0x0000000086100000, 0x0000000086100000|100%| O|  |TAMS 0x0000000086100000, 0x0000000086100000| Untracked 
|  97|0x0000000086100000, 0x0000000086100000, 0x0000000086200000|  0%| F|  |TAMS 0x0000000086100000, 0x0000000086100000| Untracked 
|  98|0x0000000086200000, 0x0000000086300000, 0x0000000086300000|100%| O|  |TAMS 0x0000000086300000, 0x0000000086300000| Untracked 
|  99|0x0000000086300000, 0x0000000086400000, 0x0000000086400000|100%| O|  |TAMS 0x0000000086400000, 0x0000000086400000| Untracked 
| 100|0x0000000086400000, 0x0000000086500000, 0x0000000086500000|100%| O|  |TAMS 0x0000000086500000, 0x0000000086500000| Untracked 
| 101|0x0000000086500000, 0x0000000086600000, 0x0000000086600000|100%| O|  |TAMS 0x0000000086600000, 0x0000000086600000| Untracked 
| 102|0x0000000086600000, 0x0000000086700000, 0x0000000086700000|100%| O|  |TAMS 0x0000000086600000, 0x0000000086700000| Untracked 
| 103|0x0000000086700000, 0x0000000086800000, 0x0000000086800000|100%| O|  |TAMS 0x0000000086800000, 0x0000000086800000| Untracked 
| 104|0x0000000086800000, 0x0000000086900000, 0x0000000086900000|100%| O|  |TAMS 0x0000000086900000, 0x0000000086900000| Untracked 
| 105|0x0000000086900000, 0x0000000086a00000, 0x0000000086a00000|100%| O|  |TAMS 0x0000000086a00000, 0x0000000086a00000| Untracked 
| 106|0x0000000086a00000, 0x0000000086b00000, 0x0000000086b00000|100%| O|  |TAMS 0x0000000086b00000, 0x0000000086b00000| Untracked 
| 107|0x0000000086b00000, 0x0000000086c00000, 0x0000000086c00000|100%| O|  |TAMS 0x0000000086c00000, 0x0000000086c00000| Untracked 
| 108|0x0000000086c00000, 0x0000000086d00000, 0x0000000086d00000|100%| O|  |TAMS 0x0000000086d00000, 0x0000000086d00000| Untracked 
| 109|0x0000000086d00000, 0x0000000086e00000, 0x0000000086e00000|100%| O|  |TAMS 0x0000000086e00000, 0x0000000086e00000| Untracked 
| 110|0x0000000086e00000, 0x0000000086f00000, 0x0000000086f00000|100%| O|  |TAMS 0x0000000086f00000, 0x0000000086f00000| Untracked 
| 111|0x0000000086f00000, 0x0000000087000000, 0x0000000087000000|100%| O|  |TAMS 0x0000000087000000, 0x0000000087000000| Untracked 
| 112|0x0000000087000000, 0x0000000087100000, 0x0000000087100000|100%| O|  |TAMS 0x0000000087100000, 0x0000000087100000| Untracked 
| 113|0x0000000087100000, 0x0000000087200000, 0x0000000087200000|100%| O|  |TAMS 0x0000000087200000, 0x0000000087200000| Untracked 
| 114|0x0000000087200000, 0x0000000087300000, 0x0000000087300000|100%| O|  |TAMS 0x0000000087300000, 0x0000000087300000| Untracked 
| 115|0x0000000087300000, 0x0000000087400000, 0x0000000087400000|100%| O|  |TAMS 0x0000000087300000, 0x0000000087400000| Untracked 
| 116|0x0000000087400000, 0x0000000087500000, 0x0000000087500000|100%| O|  |TAMS 0x0000000087500000, 0x0000000087500000| Untracked 
| 117|0x0000000087500000, 0x0000000087600000, 0x0000000087600000|100%| O|  |TAMS 0x0000000087600000, 0x0000000087600000| Untracked 
| 118|0x0000000087600000, 0x0000000087700000, 0x0000000087700000|100%| O|  |TAMS 0x0000000087700000, 0x0000000087700000| Untracked 
| 119|0x0000000087700000, 0x0000000087800000, 0x0000000087800000|100%| O|  |TAMS 0x0000000087700000, 0x0000000087800000| Untracked 
| 120|0x0000000087800000, 0x0000000087900000, 0x0000000087900000|100%| O|  |TAMS 0x0000000087900000, 0x0000000087900000| Untracked 
| 121|0x0000000087900000, 0x0000000087a00000, 0x0000000087a00000|100%| O|  |TAMS 0x0000000087a00000, 0x0000000087a00000| Untracked 
| 122|0x0000000087a00000, 0x0000000087b00000, 0x0000000087b00000|100%| O|  |TAMS 0x0000000087b00000, 0x0000000087b00000| Untracked 
| 123|0x0000000087b00000, 0x0000000087c00000, 0x0000000087c00000|100%| O|  |TAMS 0x0000000087c00000, 0x0000000087c00000| Untracked 
| 124|0x0000000087c00000, 0x0000000087d00000, 0x0000000087d00000|100%| O|  |TAMS 0x0000000087d00000, 0x0000000087d00000| Untracked 
| 125|0x0000000087d00000, 0x0000000087d00000, 0x0000000087e00000|  0%| F|  |TAMS 0x0000000087d00000, 0x0000000087d00000| Untracked 
| 126|0x0000000087e00000, 0x0000000087f00000, 0x0000000087f00000|100%| O|  |TAMS 0x0000000087e00000, 0x0000000087f00000| Untracked 
| 127|0x0000000087f00000, 0x0000000087f00000, 0x0000000088000000|  0%| F|  |TAMS 0x0000000087f00000, 0x0000000087f00000| Untracked 
| 128|0x0000000088000000, 0x0000000088100000, 0x0000000088100000|100%| O|  |TAMS 0x0000000088000000, 0x0000000088100000| Untracked 
| 129|0x0000000088100000, 0x0000000088200000, 0x0000000088200000|100%|HS|  |TAMS 0x0000000088200000, 0x0000000088200000| Complete 
| 130|0x0000000088200000, 0x0000000088200000, 0x0000000088300000|  0%| F|  |TAMS 0x0000000088200000, 0x0000000088200000| Untracked 
| 131|0x0000000088300000, 0x0000000088400000, 0x0000000088400000|100%| O|  |TAMS 0x0000000088400000, 0x0000000088400000| Untracked 
| 132|0x0000000088400000, 0x0000000088500000, 0x0000000088500000|100%| O|  |TAMS 0x0000000088500000, 0x0000000088500000| Untracked 
| 133|0x0000000088500000, 0x0000000088600000, 0x0000000088600000|100%| O|  |TAMS 0x0000000088600000, 0x0000000088600000| Untracked 
| 134|0x0000000088600000, 0x0000000088700000, 0x0000000088700000|100%| O|  |TAMS 0x0000000088600000, 0x0000000088700000| Untracked 
| 135|0x0000000088700000, 0x0000000088800000, 0x0000000088800000|100%| O|  |TAMS 0x0000000088800000, 0x0000000088800000| Untracked 
| 136|0x0000000088800000, 0x0000000088900000, 0x0000000088900000|100%| O|  |TAMS 0x0000000088900000, 0x0000000088900000| Untracked 
| 137|0x0000000088900000, 0x0000000088a00000, 0x0000000088a00000|100%| O|  |TAMS 0x0000000088a00000, 0x0000000088a00000| Untracked 
| 138|0x0000000088a00000, 0x0000000088b00000, 0x0000000088b00000|100%| O|  |TAMS 0x0000000088b00000, 0x0000000088b00000| Untracked 
| 139|0x0000000088b00000, 0x0000000088c00000, 0x0000000088c00000|100%| O|  |TAMS 0x0000000088c00000, 0x0000000088c00000| Untracked 
| 140|0x0000000088c00000, 0x0000000088c00000, 0x0000000088d00000|  0%| F|  |TAMS 0x0000000088c00000, 0x0000000088c00000| Untracked 
| 141|0x0000000088d00000, 0x0000000088e00000, 0x0000000088e00000|100%| O|  |TAMS 0x0000000088e00000, 0x0000000088e00000| Untracked 
| 142|0x0000000088e00000, 0x0000000088f00000, 0x0000000088f00000|100%|HS|  |TAMS 0x0000000088f00000, 0x0000000088f00000| Complete 
| 143|0x0000000088f00000, 0x0000000089000000, 0x0000000089000000|100%|HC|  |TAMS 0x0000000089000000, 0x0000000089000000| Complete 
| 144|0x0000000089000000, 0x0000000089000000, 0x0000000089100000|  0%| F|  |TAMS 0x0000000089000000, 0x0000000089000000| Untracked 
| 145|0x0000000089100000, 0x0000000089100000, 0x0000000089200000|  0%| F|  |TAMS 0x0000000089100000, 0x0000000089100000| Untracked 
| 146|0x0000000089200000, 0x0000000089200000, 0x0000000089300000|  0%| F|  |TAMS 0x0000000089200000, 0x0000000089200000| Untracked 
| 147|0x0000000089300000, 0x0000000089300000, 0x0000000089400000|  0%| F|  |TAMS 0x0000000089300000, 0x0000000089300000| Untracked 
| 148|0x0000000089400000, 0x0000000089400000, 0x0000000089500000|  0%| F|  |TAMS 0x0000000089400000, 0x0000000089400000| Untracked 
| 149|0x0000000089500000, 0x0000000089500000, 0x0000000089600000|  0%| F|  |TAMS 0x0000000089500000, 0x0000000089500000| Untracked 
| 150|0x0000000089600000, 0x0000000089600000, 0x0000000089700000|  0%| F|  |TAMS 0x0000000089600000, 0x0000000089600000| Untracked 
| 151|0x0000000089700000, 0x0000000089700000, 0x0000000089800000|  0%| F|  |TAMS 0x0000000089700000, 0x0000000089700000| Untracked 
| 152|0x0000000089800000, 0x0000000089800000, 0x0000000089900000|  0%| F|  |TAMS 0x0000000089800000, 0x0000000089800000| Untracked 
| 153|0x0000000089900000, 0x0000000089900000, 0x0000000089a00000|  0%| F|  |TAMS 0x0000000089900000, 0x0000000089900000| Untracked 
| 154|0x0000000089a00000, 0x0000000089a00000, 0x0000000089b00000|  0%| F|  |TAMS 0x0000000089a00000, 0x0000000089a00000| Untracked 
| 155|0x0000000089b00000, 0x0000000089b00000, 0x0000000089c00000|  0%| F|  |TAMS 0x0000000089b00000, 0x0000000089b00000| Untracked 
| 156|0x0000000089c00000, 0x0000000089c00000, 0x0000000089d00000|  0%| F|  |TAMS 0x0000000089c00000, 0x0000000089c00000| Untracked 
| 157|0x0000000089d00000, 0x0000000089e00000, 0x0000000089e00000|100%| O|  |TAMS 0x0000000089d00000, 0x0000000089e00000| Untracked 
| 158|0x0000000089e00000, 0x0000000089e00000, 0x0000000089f00000|  0%| F|  |TAMS 0x0000000089e00000, 0x0000000089e00000| Untracked 
| 159|0x0000000089f00000, 0x000000008a000000, 0x000000008a000000|100%| O|  |TAMS 0x0000000089f00000, 0x000000008a000000| Untracked 
| 160|0x000000008a000000, 0x000000008a100000, 0x000000008a100000|100%| O|  |TAMS 0x000000008a100000, 0x000000008a100000| Untracked 
| 161|0x000000008a100000, 0x000000008a200000, 0x000000008a200000|100%| O|  |TAMS 0x000000008a200000, 0x000000008a200000| Untracked 
| 162|0x000000008a200000, 0x000000008a300000, 0x000000008a300000|100%|HS|  |TAMS 0x000000008a200000, 0x000000008a300000| Complete 
| 163|0x000000008a300000, 0x000000008a400000, 0x000000008a400000|100%|HC|  |TAMS 0x000000008a300000, 0x000000008a400000| Complete 
| 164|0x000000008a400000, 0x000000008a500000, 0x000000008a500000|100%| O|  |TAMS 0x000000008a500000, 0x000000008a500000| Untracked 
| 165|0x000000008a500000, 0x000000008a600000, 0x000000008a600000|100%| O|  |TAMS 0x000000008a600000, 0x000000008a600000| Untracked 
| 166|0x000000008a600000, 0x000000008a700000, 0x000000008a700000|100%| O|  |TAMS 0x000000008a700000, 0x000000008a700000| Untracked 
| 167|0x000000008a700000, 0x000000008a800000, 0x000000008a800000|100%| O|  |TAMS 0x000000008a800000, 0x000000008a800000| Untracked 
| 168|0x000000008a800000, 0x000000008a900000, 0x000000008a900000|100%| O|  |TAMS 0x000000008a900000, 0x000000008a900000| Untracked 
| 169|0x000000008a900000, 0x000000008aa00000, 0x000000008aa00000|100%| O|  |TAMS 0x000000008aa00000, 0x000000008aa00000| Untracked 
| 170|0x000000008aa00000, 0x000000008ab00000, 0x000000008ab00000|100%| O|  |TAMS 0x000000008ab00000, 0x000000008ab00000| Untracked 
| 171|0x000000008ab00000, 0x000000008ac00000, 0x000000008ac00000|100%| O|  |TAMS 0x000000008ac00000, 0x000000008ac00000| Untracked 
| 172|0x000000008ac00000, 0x000000008ad00000, 0x000000008ad00000|100%| O|  |TAMS 0x000000008ad00000, 0x000000008ad00000| Untracked 
| 173|0x000000008ad00000, 0x000000008ae00000, 0x000000008ae00000|100%| O|  |TAMS 0x000000008ae00000, 0x000000008ae00000| Untracked 
| 174|0x000000008ae00000, 0x000000008af00000, 0x000000008af00000|100%| O|  |TAMS 0x000000008af00000, 0x000000008af00000| Untracked 
| 175|0x000000008af00000, 0x000000008b000000, 0x000000008b000000|100%| O|  |TAMS 0x000000008b000000, 0x000000008b000000| Untracked 
| 176|0x000000008b000000, 0x000000008b100000, 0x000000008b100000|100%| O|  |TAMS 0x000000008b100000, 0x000000008b100000| Untracked 
| 177|0x000000008b100000, 0x000000008b200000, 0x000000008b200000|100%| O|  |TAMS 0x000000008b200000, 0x000000008b200000| Untracked 
| 178|0x000000008b200000, 0x000000008b300000, 0x000000008b300000|100%| O|  |TAMS 0x000000008b300000, 0x000000008b300000| Untracked 
| 179|0x000000008b300000, 0x000000008b400000, 0x000000008b400000|100%| O|  |TAMS 0x000000008b400000, 0x000000008b400000| Untracked 
| 180|0x000000008b400000, 0x000000008b500000, 0x000000008b500000|100%| O|  |TAMS 0x000000008b500000, 0x000000008b500000| Untracked 
| 181|0x000000008b500000, 0x000000008b600000, 0x000000008b600000|100%| O|  |TAMS 0x000000008b600000, 0x000000008b600000| Untracked 
| 182|0x000000008b600000, 0x000000008b700000, 0x000000008b700000|100%| O|  |TAMS 0x000000008b700000, 0x000000008b700000| Untracked 
| 183|0x000000008b700000, 0x000000008b800000, 0x000000008b800000|100%| O|  |TAMS 0x000000008b800000, 0x000000008b800000| Untracked 
| 184|0x000000008b800000, 0x000000008b900000, 0x000000008b900000|100%| O|  |TAMS 0x000000008b900000, 0x000000008b900000| Untracked 
| 185|0x000000008b900000, 0x000000008ba00000, 0x000000008ba00000|100%| O|  |TAMS 0x000000008ba00000, 0x000000008ba00000| Untracked 
| 186|0x000000008ba00000, 0x000000008bb00000, 0x000000008bb00000|100%| O|  |TAMS 0x000000008bb00000, 0x000000008bb00000| Untracked 
| 187|0x000000008bb00000, 0x000000008bc00000, 0x000000008bc00000|100%| O|  |TAMS 0x000000008bc00000, 0x000000008bc00000| Untracked 
| 188|0x000000008bc00000, 0x000000008bd00000, 0x000000008bd00000|100%| O|  |TAMS 0x000000008bd00000, 0x000000008bd00000| Untracked 
| 189|0x000000008bd00000, 0x000000008be00000, 0x000000008be00000|100%| O|  |TAMS 0x000000008be00000, 0x000000008be00000| Untracked 
| 190|0x000000008be00000, 0x000000008bf00000, 0x000000008bf00000|100%| O|  |TAMS 0x000000008bf00000, 0x000000008bf00000| Untracked 
| 191|0x000000008bf00000, 0x000000008c000000, 0x000000008c000000|100%| O|  |TAMS 0x000000008c000000, 0x000000008c000000| Untracked 
| 192|0x000000008c000000, 0x000000008c100000, 0x000000008c100000|100%| O|  |TAMS 0x000000008c100000, 0x000000008c100000| Untracked 
| 193|0x000000008c100000, 0x000000008c200000, 0x000000008c200000|100%| O|  |TAMS 0x000000008c200000, 0x000000008c200000| Untracked 
| 194|0x000000008c200000, 0x000000008c200000, 0x000000008c300000|  0%| F|  |TAMS 0x000000008c200000, 0x000000008c200000| Untracked 
| 195|0x000000008c300000, 0x000000008c400000, 0x000000008c400000|100%| O|  |TAMS 0x000000008c300000, 0x000000008c400000| Untracked 
| 196|0x000000008c400000, 0x000000008c500000, 0x000000008c500000|100%| O|  |TAMS 0x000000008c500000, 0x000000008c500000| Untracked 
| 197|0x000000008c500000, 0x000000008c600000, 0x000000008c600000|100%| O|  |TAMS 0x000000008c600000, 0x000000008c600000| Untracked 
| 198|0x000000008c600000, 0x000000008c700000, 0x000000008c700000|100%| O|  |TAMS 0x000000008c700000, 0x000000008c700000| Untracked 
| 199|0x000000008c700000, 0x000000008c800000, 0x000000008c800000|100%| O|  |TAMS 0x000000008c800000, 0x000000008c800000| Untracked 
| 200|0x000000008c800000, 0x000000008c800000, 0x000000008c900000|  0%| F|  |TAMS 0x000000008c800000, 0x000000008c800000| Untracked 
| 201|0x000000008c900000, 0x000000008ca00000, 0x000000008ca00000|100%| O|  |TAMS 0x000000008ca00000, 0x000000008ca00000| Untracked 
| 202|0x000000008ca00000, 0x000000008cb00000, 0x000000008cb00000|100%| O|  |TAMS 0x000000008cb00000, 0x000000008cb00000| Untracked 
| 203|0x000000008cb00000, 0x000000008cc00000, 0x000000008cc00000|100%| O|  |TAMS 0x000000008cc00000, 0x000000008cc00000| Untracked 
| 204|0x000000008cc00000, 0x000000008cd00000, 0x000000008cd00000|100%| O|  |TAMS 0x000000008cd00000, 0x000000008cd00000| Untracked 
| 205|0x000000008cd00000, 0x000000008ce00000, 0x000000008ce00000|100%| O|  |TAMS 0x000000008ce00000, 0x000000008ce00000| Untracked 
| 206|0x000000008ce00000, 0x000000008cf00000, 0x000000008cf00000|100%| O|  |TAMS 0x000000008cf00000, 0x000000008cf00000| Untracked 
| 207|0x000000008cf00000, 0x000000008d000000, 0x000000008d000000|100%| O|  |TAMS 0x000000008d000000, 0x000000008d000000| Untracked 
| 208|0x000000008d000000, 0x000000008d100000, 0x000000008d100000|100%| O|  |TAMS 0x000000008d100000, 0x000000008d100000| Untracked 
| 209|0x000000008d100000, 0x000000008d100000, 0x000000008d200000|  0%| F|  |TAMS 0x000000008d100000, 0x000000008d100000| Untracked 
| 210|0x000000008d200000, 0x000000008d200000, 0x000000008d300000|  0%| F|  |TAMS 0x000000008d200000, 0x000000008d200000| Untracked 
| 211|0x000000008d300000, 0x000000008d300000, 0x000000008d400000|  0%| F|  |TAMS 0x000000008d300000, 0x000000008d300000| Untracked 
| 212|0x000000008d400000, 0x000000008d400000, 0x000000008d500000|  0%| F|  |TAMS 0x000000008d400000, 0x000000008d400000| Untracked 
| 213|0x000000008d500000, 0x000000008d500000, 0x000000008d600000|  0%| F|  |TAMS 0x000000008d500000, 0x000000008d500000| Untracked 
| 214|0x000000008d600000, 0x000000008d700000, 0x000000008d700000|100%| O|  |TAMS 0x000000008d700000, 0x000000008d700000| Untracked 
| 215|0x000000008d700000, 0x000000008d800000, 0x000000008d800000|100%| O|  |TAMS 0x000000008d800000, 0x000000008d800000| Untracked 
| 216|0x000000008d800000, 0x000000008d900000, 0x000000008d900000|100%| O|  |TAMS 0x000000008d900000, 0x000000008d900000| Untracked 
| 217|0x000000008d900000, 0x000000008da00000, 0x000000008da00000|100%| O|  |TAMS 0x000000008da00000, 0x000000008da00000| Untracked 
| 218|0x000000008da00000, 0x000000008da00000, 0x000000008db00000|  0%| F|  |TAMS 0x000000008da00000, 0x000000008da00000| Untracked 
| 219|0x000000008db00000, 0x000000008db00000, 0x000000008dc00000|  0%| F|  |TAMS 0x000000008db00000, 0x000000008db00000| Untracked 
| 220|0x000000008dc00000, 0x000000008dc00000, 0x000000008dd00000|  0%| F|  |TAMS 0x000000008dc00000, 0x000000008dc00000| Untracked 
| 221|0x000000008dd00000, 0x000000008dd00000, 0x000000008de00000|  0%| F|  |TAMS 0x000000008dd00000, 0x000000008dd00000| Untracked 
| 222|0x000000008de00000, 0x000000008de00000, 0x000000008df00000|  0%| F|  |TAMS 0x000000008de00000, 0x000000008de00000| Untracked 
| 223|0x000000008df00000, 0x000000008df00000, 0x000000008e000000|  0%| F|  |TAMS 0x000000008df00000, 0x000000008df00000| Untracked 
| 224|0x000000008e000000, 0x000000008e000000, 0x000000008e100000|  0%| F|  |TAMS 0x000000008e000000, 0x000000008e000000| Untracked 
| 225|0x000000008e100000, 0x000000008e200000, 0x000000008e200000|100%| O|  |TAMS 0x000000008e100000, 0x000000008e200000| Untracked 
| 226|0x000000008e200000, 0x000000008e300000, 0x000000008e300000|100%| O|  |TAMS 0x000000008e200000, 0x000000008e300000| Untracked 
| 227|0x000000008e300000, 0x000000008e400000, 0x000000008e400000|100%| O|  |TAMS 0x000000008e300000, 0x000000008e400000| Untracked 
| 228|0x000000008e400000, 0x000000008e400000, 0x000000008e500000|  0%| F|  |TAMS 0x000000008e400000, 0x000000008e400000| Untracked 
| 229|0x000000008e500000, 0x000000008e600000, 0x000000008e600000|100%| O|  |TAMS 0x000000008e600000, 0x000000008e600000| Untracked 
| 230|0x000000008e600000, 0x000000008e600000, 0x000000008e700000|  0%| F|  |TAMS 0x000000008e600000, 0x000000008e600000| Untracked 
| 231|0x000000008e700000, 0x000000008e800000, 0x000000008e800000|100%| O|  |TAMS 0x000000008e800000, 0x000000008e800000| Untracked 
| 232|0x000000008e800000, 0x000000008e900000, 0x000000008e900000|100%| O|  |TAMS 0x000000008e900000, 0x000000008e900000| Untracked 
| 233|0x000000008e900000, 0x000000008ea00000, 0x000000008ea00000|100%| O|  |TAMS 0x000000008ea00000, 0x000000008ea00000| Untracked 
| 234|0x000000008ea00000, 0x000000008ea00000, 0x000000008eb00000|  0%| F|  |TAMS 0x000000008ea00000, 0x000000008ea00000| Untracked 
| 235|0x000000008eb00000, 0x000000008ec00000, 0x000000008ec00000|100%| O|  |TAMS 0x000000008ec00000, 0x000000008ec00000| Untracked 
| 236|0x000000008ec00000, 0x000000008ec00000, 0x000000008ed00000|  0%| F|  |TAMS 0x000000008ec00000, 0x000000008ec00000| Untracked 
| 237|0x000000008ed00000, 0x000000008ed00000, 0x000000008ee00000|  0%| F|  |TAMS 0x000000008ed00000, 0x000000008ed00000| Untracked 
| 238|0x000000008ee00000, 0x000000008ef00000, 0x000000008ef00000|100%| O|  |TAMS 0x000000008ef00000, 0x000000008ef00000| Untracked 
| 239|0x000000008ef00000, 0x000000008f000000, 0x000000008f000000|100%| O|  |TAMS 0x000000008f000000, 0x000000008f000000| Untracked 
| 240|0x000000008f000000, 0x000000008f000000, 0x000000008f100000|  0%| F|  |TAMS 0x000000008f000000, 0x000000008f000000| Untracked 
| 241|0x000000008f100000, 0x000000008f200000, 0x000000008f200000|100%| O|  |TAMS 0x000000008f200000, 0x000000008f200000| Untracked 
| 242|0x000000008f200000, 0x000000008f200000, 0x000000008f300000|  0%| F|  |TAMS 0x000000008f200000, 0x000000008f200000| Untracked 
| 243|0x000000008f300000, 0x000000008f300000, 0x000000008f400000|  0%| F|  |TAMS 0x000000008f300000, 0x000000008f300000| Untracked 
| 244|0x000000008f400000, 0x000000008f500000, 0x000000008f500000|100%| O|  |TAMS 0x000000008f500000, 0x000000008f500000| Untracked 
| 245|0x000000008f500000, 0x000000008f500000, 0x000000008f600000|  0%| F|  |TAMS 0x000000008f500000, 0x000000008f500000| Untracked 
| 246|0x000000008f600000, 0x000000008f700000, 0x000000008f700000|100%| O|  |TAMS 0x000000008f700000, 0x000000008f700000| Untracked 
| 247|0x000000008f700000, 0x000000008f800000, 0x000000008f800000|100%| O|  |TAMS 0x000000008f800000, 0x000000008f800000| Untracked 
| 248|0x000000008f800000, 0x000000008f800000, 0x000000008f900000|  0%| F|  |TAMS 0x000000008f800000, 0x000000008f800000| Untracked 
| 249|0x000000008f900000, 0x000000008fa00000, 0x000000008fa00000|100%| O|  |TAMS 0x000000008fa00000, 0x000000008fa00000| Untracked 
| 250|0x000000008fa00000, 0x000000008fb00000, 0x000000008fb00000|100%| O|  |TAMS 0x000000008fb00000, 0x000000008fb00000| Untracked 
| 251|0x000000008fb00000, 0x000000008fc00000, 0x000000008fc00000|100%| O|  |TAMS 0x000000008fc00000, 0x000000008fc00000| Untracked 
| 252|0x000000008fc00000, 0x000000008fd00000, 0x000000008fd00000|100%| O|  |TAMS 0x000000008fd00000, 0x000000008fd00000| Untracked 
| 253|0x000000008fd00000, 0x000000008fe00000, 0x000000008fe00000|100%| O|  |TAMS 0x000000008fe00000, 0x000000008fe00000| Untracked 
| 254|0x000000008fe00000, 0x000000008fe00000, 0x000000008ff00000|  0%| F|  |TAMS 0x000000008fe00000, 0x000000008fe00000| Untracked 
| 255|0x000000008ff00000, 0x0000000090000000, 0x0000000090000000|100%| O|  |TAMS 0x000000008ffa5200, 0x0000000090000000| Untracked 
| 256|0x0000000090000000, 0x0000000090100000, 0x0000000090100000|100%| O|  |TAMS 0x0000000090000000, 0x0000000090100000| Untracked 
| 257|0x0000000090100000, 0x0000000090200000, 0x0000000090200000|100%| O|  |TAMS 0x0000000090100000, 0x0000000090200000| Untracked 
| 258|0x0000000090200000, 0x0000000090300000, 0x0000000090300000|100%| O|  |TAMS 0x0000000090200000, 0x0000000090300000| Untracked 
| 259|0x0000000090300000, 0x0000000090400000, 0x0000000090400000|100%| O|  |TAMS 0x0000000090300000, 0x0000000090400000| Untracked 
| 260|0x0000000090400000, 0x0000000090500000, 0x0000000090500000|100%| O|  |TAMS 0x0000000090400000, 0x0000000090500000| Untracked 
| 261|0x0000000090500000, 0x0000000090600000, 0x0000000090600000|100%| O|  |TAMS 0x0000000090500000, 0x0000000090600000| Untracked 
| 262|0x0000000090600000, 0x0000000090700000, 0x0000000090700000|100%| O|  |TAMS 0x0000000090600000, 0x0000000090700000| Untracked 
| 263|0x0000000090700000, 0x0000000090800000, 0x0000000090800000|100%| O|  |TAMS 0x0000000090700000, 0x0000000090800000| Untracked 
| 264|0x0000000090800000, 0x0000000090900000, 0x0000000090900000|100%| O|  |TAMS 0x0000000090800000, 0x0000000090900000| Untracked 
| 265|0x0000000090900000, 0x0000000090a00000, 0x0000000090a00000|100%| O|  |TAMS 0x0000000090900000, 0x0000000090a00000| Untracked 
| 266|0x0000000090a00000, 0x0000000090b00000, 0x0000000090b00000|100%| O|  |TAMS 0x0000000090a00000, 0x0000000090b00000| Untracked 
| 267|0x0000000090b00000, 0x0000000090c00000, 0x0000000090c00000|100%| O|  |TAMS 0x0000000090b00000, 0x0000000090c00000| Untracked 
| 268|0x0000000090c00000, 0x0000000090d00000, 0x0000000090d00000|100%| O|  |TAMS 0x0000000090c00000, 0x0000000090d00000| Untracked 
| 269|0x0000000090d00000, 0x0000000090e00000, 0x0000000090e00000|100%| O|  |TAMS 0x0000000090d00000, 0x0000000090e00000| Untracked 
| 270|0x0000000090e00000, 0x0000000090f00000, 0x0000000090f00000|100%| O|  |TAMS 0x0000000090e00000, 0x0000000090f00000| Untracked 
| 271|0x0000000090f00000, 0x0000000090f2fc00, 0x0000000091000000| 18%| O|  |TAMS 0x0000000090f00000, 0x0000000090f2fc00| Untracked 
| 272|0x0000000091000000, 0x0000000091000000, 0x0000000091100000|  0%| F|  |TAMS 0x0000000091000000, 0x0000000091000000| Untracked 
| 273|0x0000000091100000, 0x0000000091100000, 0x0000000091200000|  0%| F|  |TAMS 0x0000000091100000, 0x0000000091100000| Untracked 
| 274|0x0000000091200000, 0x0000000091200000, 0x0000000091300000|  0%| F|  |TAMS 0x0000000091200000, 0x0000000091200000| Untracked 
| 275|0x0000000091300000, 0x0000000091300000, 0x0000000091400000|  0%| F|  |TAMS 0x0000000091300000, 0x0000000091300000| Untracked 
| 276|0x0000000091400000, 0x0000000091400000, 0x0000000091500000|  0%| F|  |TAMS 0x0000000091400000, 0x0000000091400000| Untracked 
| 277|0x0000000091500000, 0x0000000091500000, 0x0000000091600000|  0%| F|  |TAMS 0x0000000091500000, 0x0000000091500000| Untracked 
| 278|0x0000000091600000, 0x0000000091600000, 0x0000000091700000|  0%| F|  |TAMS 0x0000000091600000, 0x0000000091600000| Untracked 
| 279|0x0000000091700000, 0x0000000091700000, 0x0000000091800000|  0%| F|  |TAMS 0x0000000091700000, 0x0000000091700000| Untracked 
| 280|0x0000000091800000, 0x0000000091800000, 0x0000000091900000|  0%| F|  |TAMS 0x0000000091800000, 0x0000000091800000| Untracked 
| 281|0x0000000091900000, 0x0000000091900000, 0x0000000091a00000|  0%| F|  |TAMS 0x0000000091900000, 0x0000000091900000| Untracked 
| 282|0x0000000091a00000, 0x0000000091a00000, 0x0000000091b00000|  0%| F|  |TAMS 0x0000000091a00000, 0x0000000091a00000| Untracked 
| 283|0x0000000091b00000, 0x0000000091b00000, 0x0000000091c00000|  0%| F|  |TAMS 0x0000000091b00000, 0x0000000091b00000| Untracked 
| 284|0x0000000091c00000, 0x0000000091c00000, 0x0000000091d00000|  0%| F|  |TAMS 0x0000000091c00000, 0x0000000091c00000| Untracked 
| 285|0x0000000091d00000, 0x0000000091d00000, 0x0000000091e00000|  0%| F|  |TAMS 0x0000000091d00000, 0x0000000091d00000| Untracked 
| 286|0x0000000091e00000, 0x0000000091e00000, 0x0000000091f00000|  0%| F|  |TAMS 0x0000000091e00000, 0x0000000091e00000| Untracked 
| 287|0x0000000091f00000, 0x0000000091f00000, 0x0000000092000000|  0%| F|  |TAMS 0x0000000091f00000, 0x0000000091f00000| Untracked 
| 288|0x0000000092000000, 0x0000000092000000, 0x0000000092100000|  0%| F|  |TAMS 0x0000000092000000, 0x0000000092000000| Untracked 
| 289|0x0000000092100000, 0x0000000092100000, 0x0000000092200000|  0%| F|  |TAMS 0x0000000092100000, 0x0000000092100000| Untracked 
| 290|0x0000000092200000, 0x0000000092200000, 0x0000000092300000|  0%| F|  |TAMS 0x0000000092200000, 0x0000000092200000| Untracked 
| 291|0x0000000092300000, 0x0000000092300000, 0x0000000092400000|  0%| F|  |TAMS 0x0000000092300000, 0x0000000092300000| Untracked 
| 292|0x0000000092400000, 0x0000000092400000, 0x0000000092500000|  0%| F|  |TAMS 0x0000000092400000, 0x0000000092400000| Untracked 
| 293|0x0000000092500000, 0x0000000092500000, 0x0000000092600000|  0%| F|  |TAMS 0x0000000092500000, 0x0000000092500000| Untracked 
| 294|0x0000000092600000, 0x0000000092600000, 0x0000000092700000|  0%| F|  |TAMS 0x0000000092600000, 0x0000000092600000| Untracked 
| 295|0x0000000092700000, 0x0000000092700000, 0x0000000092800000|  0%| F|  |TAMS 0x0000000092700000, 0x0000000092700000| Untracked 
| 296|0x0000000092800000, 0x0000000092800000, 0x0000000092900000|  0%| F|  |TAMS 0x0000000092800000, 0x0000000092800000| Untracked 
| 297|0x0000000092900000, 0x0000000092900000, 0x0000000092a00000|  0%| F|  |TAMS 0x0000000092900000, 0x0000000092900000| Untracked 
| 298|0x0000000092a00000, 0x0000000092a00000, 0x0000000092b00000|  0%| F|  |TAMS 0x0000000092a00000, 0x0000000092a00000| Untracked 
| 299|0x0000000092b00000, 0x0000000092b00000, 0x0000000092c00000|  0%| F|  |TAMS 0x0000000092b00000, 0x0000000092b00000| Untracked 
| 300|0x0000000092c00000, 0x0000000092c00000, 0x0000000092d00000|  0%| F|  |TAMS 0x0000000092c00000, 0x0000000092c00000| Untracked 
| 301|0x0000000092d00000, 0x0000000092d00000, 0x0000000092e00000|  0%| F|  |TAMS 0x0000000092d00000, 0x0000000092d00000| Untracked 
| 302|0x0000000092e00000, 0x0000000092e00000, 0x0000000092f00000|  0%| F|  |TAMS 0x0000000092e00000, 0x0000000092e00000| Untracked 
| 303|0x0000000092f00000, 0x0000000092f00000, 0x0000000093000000|  0%| F|  |TAMS 0x0000000092f00000, 0x0000000092f00000| Untracked 
| 304|0x0000000093000000, 0x0000000093000000, 0x0000000093100000|  0%| F|  |TAMS 0x0000000093000000, 0x0000000093000000| Untracked 
| 305|0x0000000093100000, 0x0000000093100000, 0x0000000093200000|  0%| F|  |TAMS 0x0000000093100000, 0x0000000093100000| Untracked 
| 306|0x0000000093200000, 0x0000000093200000, 0x0000000093300000|  0%| F|  |TAMS 0x0000000093200000, 0x0000000093200000| Untracked 
| 307|0x0000000093300000, 0x0000000093300000, 0x0000000093400000|  0%| F|  |TAMS 0x0000000093300000, 0x0000000093300000| Untracked 
| 308|0x0000000093400000, 0x0000000093400000, 0x0000000093500000|  0%| F|  |TAMS 0x0000000093400000, 0x0000000093400000| Untracked 
| 309|0x0000000093500000, 0x0000000093500000, 0x0000000093600000|  0%| F|  |TAMS 0x0000000093500000, 0x0000000093500000| Untracked 
| 310|0x0000000093600000, 0x0000000093600000, 0x0000000093700000|  0%| F|  |TAMS 0x0000000093600000, 0x0000000093600000| Untracked 
| 311|0x0000000093700000, 0x0000000093700000, 0x0000000093800000|  0%| F|  |TAMS 0x0000000093700000, 0x0000000093700000| Untracked 
| 312|0x0000000093800000, 0x0000000093800000, 0x0000000093900000|  0%| F|  |TAMS 0x0000000093800000, 0x0000000093800000| Untracked 
| 313|0x0000000093900000, 0x0000000093a00000, 0x0000000093a00000|100%| O|  |TAMS 0x0000000093a00000, 0x0000000093a00000| Untracked 
| 314|0x0000000093a00000, 0x0000000093a00000, 0x0000000093b00000|  0%| F|  |TAMS 0x0000000093a00000, 0x0000000093a00000| Untracked 
| 315|0x0000000093b00000, 0x0000000093b00000, 0x0000000093c00000|  0%| F|  |TAMS 0x0000000093b00000, 0x0000000093b00000| Untracked 
| 316|0x0000000093c00000, 0x0000000093c00000, 0x0000000093d00000|  0%| F|  |TAMS 0x0000000093c00000, 0x0000000093c00000| Untracked 
| 317|0x0000000093d00000, 0x0000000093d00000, 0x0000000093e00000|  0%| F|  |TAMS 0x0000000093d00000, 0x0000000093d00000| Untracked 
| 318|0x0000000093e00000, 0x0000000093e00000, 0x0000000093f00000|  0%| F|  |TAMS 0x0000000093e00000, 0x0000000093e00000| Untracked 
| 319|0x0000000093f00000, 0x0000000093f00000, 0x0000000094000000|  0%| F|  |TAMS 0x0000000093f00000, 0x0000000093f00000| Untracked 
| 320|0x0000000094000000, 0x0000000094000000, 0x0000000094100000|  0%| F|  |TAMS 0x0000000094000000, 0x0000000094000000| Untracked 
| 321|0x0000000094100000, 0x0000000094100000, 0x0000000094200000|  0%| F|  |TAMS 0x0000000094100000, 0x0000000094100000| Untracked 
| 322|0x0000000094200000, 0x0000000094200000, 0x0000000094300000|  0%| F|  |TAMS 0x0000000094200000, 0x0000000094200000| Untracked 
| 323|0x0000000094300000, 0x0000000094300000, 0x0000000094400000|  0%| F|  |TAMS 0x0000000094300000, 0x0000000094300000| Untracked 
| 324|0x0000000094400000, 0x0000000094400000, 0x0000000094500000|  0%| F|  |TAMS 0x0000000094400000, 0x0000000094400000| Untracked 
| 325|0x0000000094500000, 0x0000000094500000, 0x0000000094600000|  0%| F|  |TAMS 0x0000000094500000, 0x0000000094500000| Untracked 
| 326|0x0000000094600000, 0x0000000094600000, 0x0000000094700000|  0%| F|  |TAMS 0x0000000094600000, 0x0000000094600000| Untracked 
| 327|0x0000000094700000, 0x0000000094700000, 0x0000000094800000|  0%| F|  |TAMS 0x0000000094700000, 0x0000000094700000| Untracked 
| 328|0x0000000094800000, 0x0000000094800000, 0x0000000094900000|  0%| F|  |TAMS 0x0000000094800000, 0x0000000094800000| Untracked 
| 329|0x0000000094900000, 0x0000000094900000, 0x0000000094a00000|  0%| F|  |TAMS 0x0000000094900000, 0x0000000094900000| Untracked 
| 330|0x0000000094a00000, 0x0000000094a00000, 0x0000000094b00000|  0%| F|  |TAMS 0x0000000094a00000, 0x0000000094a00000| Untracked 
| 331|0x0000000094b00000, 0x0000000094b00000, 0x0000000094c00000|  0%| F|  |TAMS 0x0000000094b00000, 0x0000000094b00000| Untracked 
| 332|0x0000000094c00000, 0x0000000094c00000, 0x0000000094d00000|  0%| F|  |TAMS 0x0000000094c00000, 0x0000000094c00000| Untracked 
| 333|0x0000000094d00000, 0x0000000094d00000, 0x0000000094e00000|  0%| F|  |TAMS 0x0000000094d00000, 0x0000000094d00000| Untracked 
| 334|0x0000000094e00000, 0x0000000094e00000, 0x0000000094f00000|  0%| F|  |TAMS 0x0000000094e00000, 0x0000000094e00000| Untracked 
| 335|0x0000000094f00000, 0x0000000094f00000, 0x0000000095000000|  0%| F|  |TAMS 0x0000000094f00000, 0x0000000094f00000| Untracked 
| 336|0x0000000095000000, 0x0000000095000000, 0x0000000095100000|  0%| F|  |TAMS 0x0000000095000000, 0x0000000095000000| Untracked 
| 337|0x0000000095100000, 0x0000000095100000, 0x0000000095200000|  0%| F|  |TAMS 0x0000000095100000, 0x0000000095100000| Untracked 
| 338|0x0000000095200000, 0x0000000095200000, 0x0000000095300000|  0%| F|  |TAMS 0x0000000095200000, 0x0000000095200000| Untracked 
| 339|0x0000000095300000, 0x0000000095300000, 0x0000000095400000|  0%| F|  |TAMS 0x0000000095300000, 0x0000000095300000| Untracked 
| 340|0x0000000095400000, 0x0000000095400000, 0x0000000095500000|  0%| F|  |TAMS 0x0000000095400000, 0x0000000095400000| Untracked 
| 341|0x0000000095500000, 0x00000000955bfb00, 0x0000000095600000| 74%| S|CS|TAMS 0x0000000095500000, 0x0000000095500000| Complete 
| 342|0x0000000095600000, 0x0000000095700000, 0x0000000095700000|100%| S|CS|TAMS 0x0000000095600000, 0x0000000095600000| Complete 
| 343|0x0000000095700000, 0x0000000095800000, 0x0000000095800000|100%| S|CS|TAMS 0x0000000095700000, 0x0000000095700000| Complete 
| 344|0x0000000095800000, 0x0000000095900000, 0x0000000095900000|100%| S|CS|TAMS 0x0000000095800000, 0x0000000095800000| Complete 
| 345|0x0000000095900000, 0x0000000095a00000, 0x0000000095a00000|100%| S|CS|TAMS 0x0000000095900000, 0x0000000095900000| Complete 
| 346|0x0000000095a00000, 0x0000000095b00000, 0x0000000095b00000|100%| S|CS|TAMS 0x0000000095a00000, 0x0000000095a00000| Complete 
| 347|0x0000000095b00000, 0x0000000095c00000, 0x0000000095c00000|100%| S|CS|TAMS 0x0000000095b00000, 0x0000000095b00000| Complete 
| 348|0x0000000095c00000, 0x0000000095d00000, 0x0000000095d00000|100%| S|CS|TAMS 0x0000000095c00000, 0x0000000095c00000| Complete 
| 349|0x0000000095d00000, 0x0000000095d00000, 0x0000000095e00000|  0%| F|  |TAMS 0x0000000095d00000, 0x0000000095d00000| Untracked 
| 350|0x0000000095e00000, 0x0000000095e00000, 0x0000000095f00000|  0%| F|  |TAMS 0x0000000095e00000, 0x0000000095e00000| Untracked 
| 351|0x0000000095f00000, 0x0000000095f00000, 0x0000000096000000|  0%| F|  |TAMS 0x0000000095f00000, 0x0000000095f00000| Untracked 
| 352|0x0000000096000000, 0x0000000096000000, 0x0000000096100000|  0%| F|  |TAMS 0x0000000096000000, 0x0000000096000000| Untracked 
| 353|0x0000000096100000, 0x0000000096100000, 0x0000000096200000|  0%| F|  |TAMS 0x0000000096100000, 0x0000000096100000| Untracked 
| 354|0x0000000096200000, 0x0000000096200000, 0x0000000096300000|  0%| F|  |TAMS 0x0000000096200000, 0x0000000096200000| Untracked 
| 355|0x0000000096300000, 0x0000000096300000, 0x0000000096400000|  0%| F|  |TAMS 0x0000000096300000, 0x0000000096300000| Untracked 
| 356|0x0000000096400000, 0x0000000096400000, 0x0000000096500000|  0%| F|  |TAMS 0x0000000096400000, 0x0000000096400000| Untracked 
| 357|0x0000000096500000, 0x0000000096500000, 0x0000000096600000|  0%| F|  |TAMS 0x0000000096500000, 0x0000000096500000| Untracked 
| 358|0x0000000096600000, 0x0000000096600000, 0x0000000096700000|  0%| F|  |TAMS 0x0000000096600000, 0x0000000096600000| Untracked 
| 359|0x0000000096700000, 0x0000000096700000, 0x0000000096800000|  0%| F|  |TAMS 0x0000000096700000, 0x0000000096700000| Untracked 
| 360|0x0000000096800000, 0x0000000096800000, 0x0000000096900000|  0%| F|  |TAMS 0x0000000096800000, 0x0000000096800000| Untracked 
| 361|0x0000000096900000, 0x0000000096900000, 0x0000000096a00000|  0%| F|  |TAMS 0x0000000096900000, 0x0000000096900000| Untracked 
| 362|0x0000000096a00000, 0x0000000096a00000, 0x0000000096b00000|  0%| F|  |TAMS 0x0000000096a00000, 0x0000000096a00000| Untracked 
| 363|0x0000000096b00000, 0x0000000096b00000, 0x0000000096c00000|  0%| F|  |TAMS 0x0000000096b00000, 0x0000000096b00000| Untracked 
| 364|0x0000000096c00000, 0x0000000096c00000, 0x0000000096d00000|  0%| F|  |TAMS 0x0000000096c00000, 0x0000000096c00000| Untracked 
| 365|0x0000000096d00000, 0x0000000096d00000, 0x0000000096e00000|  0%| F|  |TAMS 0x0000000096d00000, 0x0000000096d00000| Untracked 
| 366|0x0000000096e00000, 0x0000000096e00000, 0x0000000096f00000|  0%| F|  |TAMS 0x0000000096e00000, 0x0000000096e00000| Untracked 
| 367|0x0000000096f00000, 0x0000000096f00000, 0x0000000097000000|  0%| F|  |TAMS 0x0000000096f00000, 0x0000000096f00000| Untracked 
| 368|0x0000000097000000, 0x0000000097000000, 0x0000000097100000|  0%| F|  |TAMS 0x0000000097000000, 0x0000000097000000| Untracked 
| 369|0x0000000097100000, 0x0000000097100000, 0x0000000097200000|  0%| F|  |TAMS 0x0000000097100000, 0x0000000097100000| Untracked 
| 370|0x0000000097200000, 0x0000000097200000, 0x0000000097300000|  0%| F|  |TAMS 0x0000000097200000, 0x0000000097200000| Untracked 
| 371|0x0000000097300000, 0x0000000097300000, 0x0000000097400000|  0%| F|  |TAMS 0x0000000097300000, 0x0000000097300000| Untracked 
| 372|0x0000000097400000, 0x0000000097400000, 0x0000000097500000|  0%| F|  |TAMS 0x0000000097400000, 0x0000000097400000| Untracked 
| 373|0x0000000097500000, 0x0000000097500000, 0x0000000097600000|  0%| F|  |TAMS 0x0000000097500000, 0x0000000097500000| Untracked 
| 374|0x0000000097600000, 0x0000000097600000, 0x0000000097700000|  0%| F|  |TAMS 0x0000000097600000, 0x0000000097600000| Untracked 
| 375|0x0000000097700000, 0x0000000097700000, 0x0000000097800000|  0%| F|  |TAMS 0x0000000097700000, 0x0000000097700000| Untracked 
| 376|0x0000000097800000, 0x0000000097800000, 0x0000000097900000|  0%| F|  |TAMS 0x0000000097800000, 0x0000000097800000| Untracked 
| 377|0x0000000097900000, 0x0000000097900000, 0x0000000097a00000|  0%| F|  |TAMS 0x0000000097900000, 0x0000000097900000| Untracked 
| 378|0x0000000097a00000, 0x0000000097a00000, 0x0000000097b00000|  0%| F|  |TAMS 0x0000000097a00000, 0x0000000097a00000| Untracked 
| 379|0x0000000097b00000, 0x0000000097b00000, 0x0000000097c00000|  0%| F|  |TAMS 0x0000000097b00000, 0x0000000097b00000| Untracked 
| 380|0x0000000097c00000, 0x0000000097c00000, 0x0000000097d00000|  0%| F|  |TAMS 0x0000000097c00000, 0x0000000097c00000| Untracked 
| 381|0x0000000097d00000, 0x0000000097d00000, 0x0000000097e00000|  0%| F|  |TAMS 0x0000000097d00000, 0x0000000097d00000| Untracked 
| 382|0x0000000097e00000, 0x0000000097e00000, 0x0000000097f00000|  0%| F|  |TAMS 0x0000000097e00000, 0x0000000097e00000| Untracked 
| 383|0x0000000097f00000, 0x0000000097f00000, 0x0000000098000000|  0%| F|  |TAMS 0x0000000097f00000, 0x0000000097f00000| Untracked 
| 384|0x0000000098000000, 0x0000000098000000, 0x0000000098100000|  0%| F|  |TAMS 0x0000000098000000, 0x0000000098000000| Untracked 
| 385|0x0000000098100000, 0x0000000098100000, 0x0000000098200000|  0%| F|  |TAMS 0x0000000098100000, 0x0000000098100000| Untracked 
| 386|0x0000000098200000, 0x0000000098200000, 0x0000000098300000|  0%| F|  |TAMS 0x0000000098200000, 0x0000000098200000| Untracked 
| 387|0x0000000098300000, 0x0000000098300000, 0x0000000098400000|  0%| F|  |TAMS 0x0000000098300000, 0x0000000098300000| Untracked 
| 388|0x0000000098400000, 0x0000000098400000, 0x0000000098500000|  0%| F|  |TAMS 0x0000000098400000, 0x0000000098400000| Untracked 
| 389|0x0000000098500000, 0x0000000098500000, 0x0000000098600000|  0%| F|  |TAMS 0x0000000098500000, 0x0000000098500000| Untracked 
| 390|0x0000000098600000, 0x0000000098600000, 0x0000000098700000|  0%| F|  |TAMS 0x0000000098600000, 0x0000000098600000| Untracked 
| 391|0x0000000098700000, 0x0000000098700000, 0x0000000098800000|  0%| F|  |TAMS 0x0000000098700000, 0x0000000098700000| Untracked 
| 392|0x0000000098800000, 0x0000000098800000, 0x0000000098900000|  0%| F|  |TAMS 0x0000000098800000, 0x0000000098800000| Untracked 
| 393|0x0000000098900000, 0x0000000098900000, 0x0000000098a00000|  0%| F|  |TAMS 0x0000000098900000, 0x0000000098900000| Untracked 
| 394|0x0000000098a00000, 0x0000000098a00000, 0x0000000098b00000|  0%| F|  |TAMS 0x0000000098a00000, 0x0000000098a00000| Untracked 
| 395|0x0000000098b00000, 0x0000000098b00000, 0x0000000098c00000|  0%| F|  |TAMS 0x0000000098b00000, 0x0000000098b00000| Untracked 
| 396|0x0000000098c00000, 0x0000000098c00000, 0x0000000098d00000|  0%| F|  |TAMS 0x0000000098c00000, 0x0000000098c00000| Untracked 
| 397|0x0000000098d00000, 0x0000000098d00000, 0x0000000098e00000|  0%| F|  |TAMS 0x0000000098d00000, 0x0000000098d00000| Untracked 
| 398|0x0000000098e00000, 0x0000000098e00000, 0x0000000098f00000|  0%| F|  |TAMS 0x0000000098e00000, 0x0000000098e00000| Untracked 
| 399|0x0000000098f00000, 0x0000000098f00000, 0x0000000099000000|  0%| F|  |TAMS 0x0000000098f00000, 0x0000000098f00000| Untracked 
| 400|0x0000000099000000, 0x0000000099000000, 0x0000000099100000|  0%| F|  |TAMS 0x0000000099000000, 0x0000000099000000| Untracked 
| 401|0x0000000099100000, 0x0000000099100000, 0x0000000099200000|  0%| F|  |TAMS 0x0000000099100000, 0x0000000099100000| Untracked 
| 402|0x0000000099200000, 0x0000000099200000, 0x0000000099300000|  0%| F|  |TAMS 0x0000000099200000, 0x0000000099200000| Untracked 
| 403|0x0000000099300000, 0x0000000099300000, 0x0000000099400000|  0%| F|  |TAMS 0x0000000099300000, 0x0000000099300000| Untracked 
| 404|0x0000000099400000, 0x0000000099400000, 0x0000000099500000|  0%| F|  |TAMS 0x0000000099400000, 0x0000000099400000| Untracked 
| 405|0x0000000099500000, 0x0000000099500000, 0x0000000099600000|  0%| F|  |TAMS 0x0000000099500000, 0x0000000099500000| Untracked 
| 406|0x0000000099600000, 0x0000000099600000, 0x0000000099700000|  0%| F|  |TAMS 0x0000000099600000, 0x0000000099600000| Untracked 
| 407|0x0000000099700000, 0x0000000099700000, 0x0000000099800000|  0%| F|  |TAMS 0x0000000099700000, 0x0000000099700000| Untracked 
| 408|0x0000000099800000, 0x0000000099800000, 0x0000000099900000|  0%| F|  |TAMS 0x0000000099800000, 0x0000000099800000| Untracked 
| 409|0x0000000099900000, 0x0000000099900000, 0x0000000099a00000|  0%| F|  |TAMS 0x0000000099900000, 0x0000000099900000| Untracked 
| 410|0x0000000099a00000, 0x0000000099a00000, 0x0000000099b00000|  0%| F|  |TAMS 0x0000000099a00000, 0x0000000099a00000| Untracked 
| 411|0x0000000099b00000, 0x0000000099b00000, 0x0000000099c00000|  0%| F|  |TAMS 0x0000000099b00000, 0x0000000099b00000| Untracked 
| 412|0x0000000099c00000, 0x0000000099c00000, 0x0000000099d00000|  0%| F|  |TAMS 0x0000000099c00000, 0x0000000099c00000| Untracked 
| 413|0x0000000099d00000, 0x0000000099d00000, 0x0000000099e00000|  0%| F|  |TAMS 0x0000000099d00000, 0x0000000099d00000| Untracked 
| 414|0x0000000099e00000, 0x0000000099e00000, 0x0000000099f00000|  0%| F|  |TAMS 0x0000000099e00000, 0x0000000099e00000| Untracked 
| 415|0x0000000099f00000, 0x0000000099f00000, 0x000000009a000000|  0%| F|  |TAMS 0x0000000099f00000, 0x0000000099f00000| Untracked 
| 416|0x000000009a000000, 0x000000009a000000, 0x000000009a100000|  0%| F|  |TAMS 0x000000009a000000, 0x000000009a000000| Untracked 
| 417|0x000000009a100000, 0x000000009a100000, 0x000000009a200000|  0%| F|  |TAMS 0x000000009a100000, 0x000000009a100000| Untracked 
| 418|0x000000009a200000, 0x000000009a200000, 0x000000009a300000|  0%| F|  |TAMS 0x000000009a200000, 0x000000009a200000| Untracked 
| 419|0x000000009a300000, 0x000000009a300000, 0x000000009a400000|  0%| F|  |TAMS 0x000000009a300000, 0x000000009a300000| Untracked 
| 420|0x000000009a400000, 0x000000009a400000, 0x000000009a500000|  0%| F|  |TAMS 0x000000009a400000, 0x000000009a400000| Untracked 
| 421|0x000000009a500000, 0x000000009a500000, 0x000000009a600000|  0%| F|  |TAMS 0x000000009a500000, 0x000000009a500000| Untracked 
| 422|0x000000009a600000, 0x000000009a600000, 0x000000009a700000|  0%| F|  |TAMS 0x000000009a600000, 0x000000009a600000| Untracked 
| 423|0x000000009a700000, 0x000000009a700000, 0x000000009a800000|  0%| F|  |TAMS 0x000000009a700000, 0x000000009a700000| Untracked 
| 424|0x000000009a800000, 0x000000009a800000, 0x000000009a900000|  0%| F|  |TAMS 0x000000009a800000, 0x000000009a800000| Untracked 
| 425|0x000000009a900000, 0x000000009a900000, 0x000000009aa00000|  0%| F|  |TAMS 0x000000009a900000, 0x000000009a900000| Untracked 
| 426|0x000000009aa00000, 0x000000009aa00000, 0x000000009ab00000|  0%| F|  |TAMS 0x000000009aa00000, 0x000000009aa00000| Untracked 
| 427|0x000000009ab00000, 0x000000009ab00000, 0x000000009ac00000|  0%| F|  |TAMS 0x000000009ab00000, 0x000000009ab00000| Untracked 
| 428|0x000000009ac00000, 0x000000009ac00000, 0x000000009ad00000|  0%| F|  |TAMS 0x000000009ac00000, 0x000000009ac00000| Untracked 
| 429|0x000000009ad00000, 0x000000009ad00000, 0x000000009ae00000|  0%| F|  |TAMS 0x000000009ad00000, 0x000000009ad00000| Untracked 
| 430|0x000000009ae00000, 0x000000009ae00000, 0x000000009af00000|  0%| F|  |TAMS 0x000000009ae00000, 0x000000009ae00000| Untracked 
| 431|0x000000009af00000, 0x000000009af00000, 0x000000009b000000|  0%| F|  |TAMS 0x000000009af00000, 0x000000009af00000| Untracked 
| 432|0x000000009b000000, 0x000000009b000000, 0x000000009b100000|  0%| F|  |TAMS 0x000000009b000000, 0x000000009b000000| Untracked 
| 433|0x000000009b100000, 0x000000009b100000, 0x000000009b200000|  0%| F|  |TAMS 0x000000009b100000, 0x000000009b100000| Untracked 
| 434|0x000000009b200000, 0x000000009b200000, 0x000000009b300000|  0%| F|  |TAMS 0x000000009b200000, 0x000000009b200000| Untracked 
| 435|0x000000009b300000, 0x000000009b300000, 0x000000009b400000|  0%| F|  |TAMS 0x000000009b300000, 0x000000009b300000| Untracked 
| 436|0x000000009b400000, 0x000000009b400000, 0x000000009b500000|  0%| F|  |TAMS 0x000000009b400000, 0x000000009b400000| Untracked 
| 437|0x000000009b500000, 0x000000009b500000, 0x000000009b600000|  0%| F|  |TAMS 0x000000009b500000, 0x000000009b500000| Untracked 
| 438|0x000000009b600000, 0x000000009b600000, 0x000000009b700000|  0%| F|  |TAMS 0x000000009b600000, 0x000000009b600000| Untracked 
| 439|0x000000009b700000, 0x000000009b700000, 0x000000009b800000|  0%| F|  |TAMS 0x000000009b700000, 0x000000009b700000| Untracked 
| 440|0x000000009b800000, 0x000000009b800000, 0x000000009b900000|  0%| F|  |TAMS 0x000000009b800000, 0x000000009b800000| Untracked 
| 441|0x000000009b900000, 0x000000009b900000, 0x000000009ba00000|  0%| F|  |TAMS 0x000000009b900000, 0x000000009b900000| Untracked 
| 442|0x000000009ba00000, 0x000000009ba00000, 0x000000009bb00000|  0%| F|  |TAMS 0x000000009ba00000, 0x000000009ba00000| Untracked 
| 443|0x000000009bb00000, 0x000000009bb00000, 0x000000009bc00000|  0%| F|  |TAMS 0x000000009bb00000, 0x000000009bb00000| Untracked 
| 444|0x000000009bc00000, 0x000000009bc00000, 0x000000009bd00000|  0%| F|  |TAMS 0x000000009bc00000, 0x000000009bc00000| Untracked 
| 445|0x000000009bd00000, 0x000000009bd00000, 0x000000009be00000|  0%| F|  |TAMS 0x000000009bd00000, 0x000000009bd00000| Untracked 
| 446|0x000000009be00000, 0x000000009be00000, 0x000000009bf00000|  0%| F|  |TAMS 0x000000009be00000, 0x000000009be00000| Untracked 
| 447|0x000000009bf00000, 0x000000009bf00000, 0x000000009c000000|  0%| F|  |TAMS 0x000000009bf00000, 0x000000009bf00000| Untracked 
| 448|0x000000009c000000, 0x000000009c000000, 0x000000009c100000|  0%| F|  |TAMS 0x000000009c000000, 0x000000009c000000| Untracked 
| 449|0x000000009c100000, 0x000000009c100000, 0x000000009c200000|  0%| F|  |TAMS 0x000000009c100000, 0x000000009c100000| Untracked 
| 450|0x000000009c200000, 0x000000009c200000, 0x000000009c300000|  0%| F|  |TAMS 0x000000009c200000, 0x000000009c200000| Untracked 
| 451|0x000000009c300000, 0x000000009c300000, 0x000000009c400000|  0%| F|  |TAMS 0x000000009c300000, 0x000000009c300000| Untracked 
| 452|0x000000009c400000, 0x000000009c400000, 0x000000009c500000|  0%| F|  |TAMS 0x000000009c400000, 0x000000009c400000| Untracked 
| 453|0x000000009c500000, 0x000000009c500000, 0x000000009c600000|  0%| F|  |TAMS 0x000000009c500000, 0x000000009c500000| Untracked 
| 454|0x000000009c600000, 0x000000009c600000, 0x000000009c700000|  0%| F|  |TAMS 0x000000009c600000, 0x000000009c600000| Untracked 
| 455|0x000000009c700000, 0x000000009c700000, 0x000000009c800000|  0%| F|  |TAMS 0x000000009c700000, 0x000000009c700000| Untracked 
| 456|0x000000009c800000, 0x000000009c800000, 0x000000009c900000|  0%| F|  |TAMS 0x000000009c800000, 0x000000009c800000| Untracked 
| 457|0x000000009c900000, 0x000000009c900000, 0x000000009ca00000|  0%| F|  |TAMS 0x000000009c900000, 0x000000009c900000| Untracked 
| 458|0x000000009ca00000, 0x000000009ca00000, 0x000000009cb00000|  0%| F|  |TAMS 0x000000009ca00000, 0x000000009ca00000| Untracked 
| 459|0x000000009cb00000, 0x000000009cb00000, 0x000000009cc00000|  0%| F|  |TAMS 0x000000009cb00000, 0x000000009cb00000| Untracked 
| 460|0x000000009cc00000, 0x000000009cc00000, 0x000000009cd00000|  0%| F|  |TAMS 0x000000009cc00000, 0x000000009cc00000| Untracked 
| 461|0x000000009cd00000, 0x000000009cd00000, 0x000000009ce00000|  0%| F|  |TAMS 0x000000009cd00000, 0x000000009cd00000| Untracked 
| 462|0x000000009ce00000, 0x000000009ce00000, 0x000000009cf00000|  0%| F|  |TAMS 0x000000009ce00000, 0x000000009ce00000| Untracked 
| 463|0x000000009cf00000, 0x000000009cf00000, 0x000000009d000000|  0%| F|  |TAMS 0x000000009cf00000, 0x000000009cf00000| Untracked 
| 464|0x000000009d000000, 0x000000009d000000, 0x000000009d100000|  0%| F|  |TAMS 0x000000009d000000, 0x000000009d000000| Untracked 
| 465|0x000000009d100000, 0x000000009d100000, 0x000000009d200000|  0%| F|  |TAMS 0x000000009d100000, 0x000000009d100000| Untracked 
| 466|0x000000009d200000, 0x000000009d200000, 0x000000009d300000|  0%| F|  |TAMS 0x000000009d200000, 0x000000009d200000| Untracked 
| 467|0x000000009d300000, 0x000000009d300000, 0x000000009d400000|  0%| F|  |TAMS 0x000000009d300000, 0x000000009d300000| Untracked 
| 468|0x000000009d400000, 0x000000009d400000, 0x000000009d500000|  0%| F|  |TAMS 0x000000009d400000, 0x000000009d400000| Untracked 
| 469|0x000000009d500000, 0x000000009d500000, 0x000000009d600000|  0%| F|  |TAMS 0x000000009d500000, 0x000000009d500000| Untracked 
| 470|0x000000009d600000, 0x000000009d600000, 0x000000009d700000|  0%| F|  |TAMS 0x000000009d600000, 0x000000009d600000| Untracked 
| 471|0x000000009d700000, 0x000000009d700000, 0x000000009d800000|  0%| F|  |TAMS 0x000000009d700000, 0x000000009d700000| Untracked 
| 472|0x000000009d800000, 0x000000009d800000, 0x000000009d900000|  0%| F|  |TAMS 0x000000009d800000, 0x000000009d800000| Untracked 
| 473|0x000000009d900000, 0x000000009d900000, 0x000000009da00000|  0%| F|  |TAMS 0x000000009d900000, 0x000000009d900000| Untracked 
| 474|0x000000009da00000, 0x000000009da00000, 0x000000009db00000|  0%| F|  |TAMS 0x000000009da00000, 0x000000009da00000| Untracked 
| 475|0x000000009db00000, 0x000000009db00000, 0x000000009dc00000|  0%| F|  |TAMS 0x000000009db00000, 0x000000009db00000| Untracked 
| 476|0x000000009dc00000, 0x000000009dc00000, 0x000000009dd00000|  0%| F|  |TAMS 0x000000009dc00000, 0x000000009dc00000| Untracked 
| 477|0x000000009dd00000, 0x000000009dd00000, 0x000000009de00000|  0%| F|  |TAMS 0x000000009dd00000, 0x000000009dd00000| Untracked 
| 478|0x000000009de00000, 0x000000009de00000, 0x000000009df00000|  0%| F|  |TAMS 0x000000009de00000, 0x000000009de00000| Untracked 
| 479|0x000000009df00000, 0x000000009df00000, 0x000000009e000000|  0%| F|  |TAMS 0x000000009df00000, 0x000000009df00000| Untracked 
| 480|0x000000009e000000, 0x000000009e000000, 0x000000009e100000|  0%| F|  |TAMS 0x000000009e000000, 0x000000009e000000| Untracked 
| 481|0x000000009e100000, 0x000000009e100000, 0x000000009e200000|  0%| F|  |TAMS 0x000000009e100000, 0x000000009e100000| Untracked 
| 482|0x000000009e200000, 0x000000009e200000, 0x000000009e300000|  0%| F|  |TAMS 0x000000009e200000, 0x000000009e200000| Untracked 
| 483|0x000000009e300000, 0x000000009e300000, 0x000000009e400000|  0%| F|  |TAMS 0x000000009e300000, 0x000000009e300000| Untracked 
| 484|0x000000009e400000, 0x000000009e400000, 0x000000009e500000|  0%| F|  |TAMS 0x000000009e400000, 0x000000009e400000| Untracked 
| 485|0x000000009e500000, 0x000000009e500000, 0x000000009e600000|  0%| F|  |TAMS 0x000000009e500000, 0x000000009e500000| Untracked 
| 486|0x000000009e600000, 0x000000009e600000, 0x000000009e700000|  0%| F|  |TAMS 0x000000009e600000, 0x000000009e600000| Untracked 
| 487|0x000000009e700000, 0x000000009e700000, 0x000000009e800000|  0%| F|  |TAMS 0x000000009e700000, 0x000000009e700000| Untracked 
| 488|0x000000009e800000, 0x000000009e800000, 0x000000009e900000|  0%| F|  |TAMS 0x000000009e800000, 0x000000009e800000| Untracked 
| 489|0x000000009e900000, 0x000000009e900000, 0x000000009ea00000|  0%| F|  |TAMS 0x000000009e900000, 0x000000009e900000| Untracked 
| 490|0x000000009ea00000, 0x000000009ea00000, 0x000000009eb00000|  0%| F|  |TAMS 0x000000009ea00000, 0x000000009ea00000| Untracked 
| 491|0x000000009eb00000, 0x000000009eb00000, 0x000000009ec00000|  0%| F|  |TAMS 0x000000009eb00000, 0x000000009eb00000| Untracked 
| 492|0x000000009ec00000, 0x000000009ec00000, 0x000000009ed00000|  0%| F|  |TAMS 0x000000009ec00000, 0x000000009ec00000| Untracked 
| 493|0x000000009ed00000, 0x000000009ed00000, 0x000000009ee00000|  0%| F|  |TAMS 0x000000009ed00000, 0x000000009ed00000| Untracked 
| 494|0x000000009ee00000, 0x000000009ee00000, 0x000000009ef00000|  0%| F|  |TAMS 0x000000009ee00000, 0x000000009ee00000| Untracked 
| 495|0x000000009ef00000, 0x000000009ef00000, 0x000000009f000000|  0%| F|  |TAMS 0x000000009ef00000, 0x000000009ef00000| Untracked 
| 496|0x000000009f000000, 0x000000009f000000, 0x000000009f100000|  0%| F|  |TAMS 0x000000009f000000, 0x000000009f000000| Untracked 
| 497|0x000000009f100000, 0x000000009f100000, 0x000000009f200000|  0%| F|  |TAMS 0x000000009f100000, 0x000000009f100000| Untracked 
| 498|0x000000009f200000, 0x000000009f200000, 0x000000009f300000|  0%| F|  |TAMS 0x000000009f200000, 0x000000009f200000| Untracked 
| 499|0x000000009f300000, 0x000000009f300000, 0x000000009f400000|  0%| F|  |TAMS 0x000000009f300000, 0x000000009f300000| Untracked 
| 500|0x000000009f400000, 0x000000009f400000, 0x000000009f500000|  0%| F|  |TAMS 0x000000009f400000, 0x000000009f400000| Untracked 
| 501|0x000000009f500000, 0x000000009f500000, 0x000000009f600000|  0%| F|  |TAMS 0x000000009f500000, 0x000000009f500000| Untracked 
| 502|0x000000009f600000, 0x000000009f600000, 0x000000009f700000|  0%| F|  |TAMS 0x000000009f600000, 0x000000009f600000| Untracked 
| 503|0x000000009f700000, 0x000000009f700000, 0x000000009f800000|  0%| F|  |TAMS 0x000000009f700000, 0x000000009f700000| Untracked 
| 504|0x000000009f800000, 0x000000009f800000, 0x000000009f900000|  0%| F|  |TAMS 0x000000009f800000, 0x000000009f800000| Untracked 
| 505|0x000000009f900000, 0x000000009f900000, 0x000000009fa00000|  0%| F|  |TAMS 0x000000009f900000, 0x000000009f900000| Untracked 
| 506|0x000000009fa00000, 0x000000009fa00000, 0x000000009fb00000|  0%| F|  |TAMS 0x000000009fa00000, 0x000000009fa00000| Untracked 
| 507|0x000000009fb00000, 0x000000009fb00000, 0x000000009fc00000|  0%| F|  |TAMS 0x000000009fb00000, 0x000000009fb00000| Untracked 
| 508|0x000000009fc00000, 0x000000009fc00000, 0x000000009fd00000|  0%| F|  |TAMS 0x000000009fc00000, 0x000000009fc00000| Untracked 
| 509|0x000000009fd00000, 0x000000009fd00000, 0x000000009fe00000|  0%| F|  |TAMS 0x000000009fd00000, 0x000000009fd00000| Untracked 
| 510|0x000000009fe00000, 0x000000009fe00000, 0x000000009ff00000|  0%| F|  |TAMS 0x000000009fe00000, 0x000000009fe00000| Untracked 
| 511|0x000000009ff00000, 0x000000009ff00000, 0x00000000a0000000|  0%| F|  |TAMS 0x000000009ff00000, 0x000000009ff00000| Untracked 
| 512|0x00000000a0000000, 0x00000000a0000000, 0x00000000a0100000|  0%| F|  |TAMS 0x00000000a0000000, 0x00000000a0000000| Untracked 
| 513|0x00000000a0100000, 0x00000000a0100000, 0x00000000a0200000|  0%| F|  |TAMS 0x00000000a0100000, 0x00000000a0100000| Untracked 
| 514|0x00000000a0200000, 0x00000000a0200000, 0x00000000a0300000|  0%| F|  |TAMS 0x00000000a0200000, 0x00000000a0200000| Untracked 
| 515|0x00000000a0300000, 0x00000000a0300000, 0x00000000a0400000|  0%| F|  |TAMS 0x00000000a0300000, 0x00000000a0300000| Untracked 
| 516|0x00000000a0400000, 0x00000000a0400000, 0x00000000a0500000|  0%| F|  |TAMS 0x00000000a0400000, 0x00000000a0400000| Untracked 
| 517|0x00000000a0500000, 0x00000000a0500000, 0x00000000a0600000|  0%| F|  |TAMS 0x00000000a0500000, 0x00000000a0500000| Untracked 
| 518|0x00000000a0600000, 0x00000000a0600000, 0x00000000a0700000|  0%| F|  |TAMS 0x00000000a0600000, 0x00000000a0600000| Untracked 
| 519|0x00000000a0700000, 0x00000000a0700000, 0x00000000a0800000|  0%| F|  |TAMS 0x00000000a0700000, 0x00000000a0700000| Untracked 
| 520|0x00000000a0800000, 0x00000000a0800000, 0x00000000a0900000|  0%| F|  |TAMS 0x00000000a0800000, 0x00000000a0800000| Untracked 
| 521|0x00000000a0900000, 0x00000000a0900000, 0x00000000a0a00000|  0%| F|  |TAMS 0x00000000a0900000, 0x00000000a0900000| Untracked 
| 522|0x00000000a0a00000, 0x00000000a0a00000, 0x00000000a0b00000|  0%| F|  |TAMS 0x00000000a0a00000, 0x00000000a0a00000| Untracked 
| 523|0x00000000a0b00000, 0x00000000a0b00000, 0x00000000a0c00000|  0%| F|  |TAMS 0x00000000a0b00000, 0x00000000a0b00000| Untracked 
| 524|0x00000000a0c00000, 0x00000000a0c00000, 0x00000000a0d00000|  0%| F|  |TAMS 0x00000000a0c00000, 0x00000000a0c00000| Untracked 
| 525|0x00000000a0d00000, 0x00000000a0d00000, 0x00000000a0e00000|  0%| F|  |TAMS 0x00000000a0d00000, 0x00000000a0d00000| Untracked 
| 526|0x00000000a0e00000, 0x00000000a0e00000, 0x00000000a0f00000|  0%| F|  |TAMS 0x00000000a0e00000, 0x00000000a0e00000| Untracked 
| 527|0x00000000a0f00000, 0x00000000a0f00000, 0x00000000a1000000|  0%| F|  |TAMS 0x00000000a0f00000, 0x00000000a0f00000| Untracked 
| 528|0x00000000a1000000, 0x00000000a1000000, 0x00000000a1100000|  0%| F|  |TAMS 0x00000000a1000000, 0x00000000a1000000| Untracked 
| 529|0x00000000a1100000, 0x00000000a1100000, 0x00000000a1200000|  0%| F|  |TAMS 0x00000000a1100000, 0x00000000a1100000| Untracked 
| 530|0x00000000a1200000, 0x00000000a1200000, 0x00000000a1300000|  0%| F|  |TAMS 0x00000000a1200000, 0x00000000a1200000| Untracked 
| 531|0x00000000a1300000, 0x00000000a1300000, 0x00000000a1400000|  0%| F|  |TAMS 0x00000000a1300000, 0x00000000a1300000| Untracked 
| 532|0x00000000a1400000, 0x00000000a1400000, 0x00000000a1500000|  0%| F|  |TAMS 0x00000000a1400000, 0x00000000a1400000| Untracked 
| 533|0x00000000a1500000, 0x00000000a1500000, 0x00000000a1600000|  0%| F|  |TAMS 0x00000000a1500000, 0x00000000a1500000| Untracked 
| 534|0x00000000a1600000, 0x00000000a1600000, 0x00000000a1700000|  0%| F|  |TAMS 0x00000000a1600000, 0x00000000a1600000| Untracked 
| 535|0x00000000a1700000, 0x00000000a1700000, 0x00000000a1800000|  0%| F|  |TAMS 0x00000000a1700000, 0x00000000a1700000| Untracked 
| 536|0x00000000a1800000, 0x00000000a1800000, 0x00000000a1900000|  0%| F|  |TAMS 0x00000000a1800000, 0x00000000a1800000| Untracked 
| 537|0x00000000a1900000, 0x00000000a1900000, 0x00000000a1a00000|  0%| F|  |TAMS 0x00000000a1900000, 0x00000000a1900000| Untracked 
| 538|0x00000000a1a00000, 0x00000000a1a00000, 0x00000000a1b00000|  0%| F|  |TAMS 0x00000000a1a00000, 0x00000000a1a00000| Untracked 
| 539|0x00000000a1b00000, 0x00000000a1b00000, 0x00000000a1c00000|  0%| F|  |TAMS 0x00000000a1b00000, 0x00000000a1b00000| Untracked 
| 540|0x00000000a1c00000, 0x00000000a1c00000, 0x00000000a1d00000|  0%| F|  |TAMS 0x00000000a1c00000, 0x00000000a1c00000| Untracked 
| 541|0x00000000a1d00000, 0x00000000a1d00000, 0x00000000a1e00000|  0%| F|  |TAMS 0x00000000a1d00000, 0x00000000a1d00000| Untracked 
| 542|0x00000000a1e00000, 0x00000000a1e00000, 0x00000000a1f00000|  0%| F|  |TAMS 0x00000000a1e00000, 0x00000000a1e00000| Untracked 
| 543|0x00000000a1f00000, 0x00000000a1f00000, 0x00000000a2000000|  0%| F|  |TAMS 0x00000000a1f00000, 0x00000000a1f00000| Untracked 

Card table byte_map: [0x000001cab1810000,0x000001cab1c10000] _byte_map_base: 0x000001cab1410000

Marking Bits (Prev, Next): (CMBitMap*) 0x000001ca9a59a3c0, (CMBitMap*) 0x000001ca9a59a400
 Prev Bits: [0x000001cab2010000, 0x000001cab4010000)
 Next Bits: [0x000001cab4010000, 0x000001cab6010000)

Polling page: 0x000001ca984a0000

Metaspace:

Usage:
  Non-class:    122.03 MB used.
      Class:     18.22 MB used.
       Both:    140.25 MB used.

Virtual space:
  Non-class space:      128.00 MB reserved,     123.00 MB ( 96%) committed,  2 nodes.
      Class space:        1.00 GB reserved,      19.31 MB (  2%) committed,  1 nodes.
             Both:        1.12 GB reserved,     142.31 MB ( 12%) committed. 

Chunk freelists:
   Non-Class:  848.00 KB
       Class:  559.00 KB
        Both:  1.37 MB

MaxMetaspaceSize: unlimited
CompressedClassSpaceSize: 1.00 GB
Initial GC threshold: 21.00 MB
Current GC threshold: 233.69 MB
CDS: on
MetaspaceReclaimPolicy: balanced
 - commit_granule_bytes: 65536.
 - commit_granule_words: 8192.
 - virtual_space_node_default_size: 8388608.
 - enlarge_chunks_in_place: 1.
 - new_chunks_are_fully_committed: 0.
 - uncommit_free_chunks: 1.
 - use_allocation_guard: 0.


Internal statistics:

num_allocs_failed_limit: 9.
num_arena_births: 3930.
num_arena_deaths: 24.
num_vsnodes_births: 3.
num_vsnodes_deaths: 0.
num_space_committed: 2277.
num_space_uncommitted: 0.
num_chunks_returned_to_freelist: 44.
num_chunks_taken_from_freelist: 10160.
num_chunk_merges: 19.
num_chunk_splits: 6847.
num_chunks_enlarged: 4598.
num_inconsistent_stats: 0.

CodeHeap 'non-profiled nmethods': size=120000Kb used=15167Kb max_used=15408Kb free=104832Kb
 bounds [0x000001caa9bb0000, 0x000001caaaae0000, 0x000001cab10e0000]
CodeHeap 'profiled nmethods': size=120000Kb used=46210Kb max_used=47392Kb free=73789Kb
 bounds [0x000001caa2680000, 0x000001caa5540000, 0x000001caa9bb0000]
CodeHeap 'non-nmethods': size=5760Kb used=2508Kb max_used=2581Kb free=3251Kb
 bounds [0x000001caa20e0000, 0x000001caa2370000, 0x000001caa2680000]
 total_blobs=23071 nmethods=22036 adapters=945
 compilation: enabled
              stopped_count=0, restarted_count=0
 full_count=0

Compilation events (20 events):
Event: 606.569 Thread 0x000001cab8a3a810 nmethod 28137 0x000001caaa9d9a10 code [0x000001caaa9d9ba0, 0x000001caaa9d9c78]
Event: 606.569 Thread 0x000001cab8a3a810 28206       1       com.android.tools.r8.internal.O3::d (5 bytes)
Event: 606.569 Thread 0x000001cab8a3a810 nmethod 28206 0x000001caaa9f1a90 code [0x000001caaa9f1c20, 0x000001caaa9f1cf8]
Event: 606.569 Thread 0x000001cab8a3a810 28265       2       com.android.tools.r8.internal.wn::b (27 bytes)
Event: 606.569 Thread 0x000001cab8a3a810 nmethod 28265 0x000001caa31b7e90 code [0x000001caa31b8060, 0x000001caa31b8238]
Event: 606.569 Thread 0x000001cab8a3a810 28269       2       com.android.tools.r8.ir.regalloc.f::a (132 bytes)
Event: 606.570 Thread 0x000001cab8a3a810 nmethod 28269 0x000001caa2f73110 code [0x000001caa2f73360, 0x000001caa2f738c8]
Event: 606.570 Thread 0x000001cab8a3a810 28277 %     3       com.android.tools.r8.ir.regalloc.c::d @ 30 (103 bytes)
Event: 606.571 Thread 0x000001cab8a3a810 nmethod 28277% 0x000001caa42f3790 code [0x000001caa42f39e0, 0x000001caa42f4688]
Event: 606.571 Thread 0x000001cab8a3a810 28276       2       com.android.tools.r8.internal.Fd::a (327 bytes)
Event: 606.572 Thread 0x000001cab8a3a810 nmethod 28276 0x000001caa2fd8b10 code [0x000001caa2fd8e60, 0x000001caa2fd9f38]
Event: 606.572 Thread 0x000001cab8a3a810 28281 %     3       com.android.tools.r8.internal.wh::a @ 1020 (1086 bytes)
Event: 606.582 Thread 0x000001cac2adf8f0 nmethod 28113 0x000001caaa9c5290 code [0x000001caaa9c5740, 0x000001caaa9c8cd8]
Event: 606.583 Thread 0x000001cac2adf8f0 28228       4       java.util.Map::getOrDefault (28 bytes)
Event: 606.584 Thread 0x000001cab8a3a810 nmethod 28281% 0x000001caa510e790 code [0x000001caa510f480, 0x000001caa5118c48]
Event: 606.584 Thread 0x000001cab8a3a810 28293       3       com.android.tools.r8.internal.EY::b (348 bytes)
Event: 606.588 Thread 0x000001cab8a3a810 nmethod 28293 0x000001caa5211310 code [0x000001caa52118e0, 0x000001caa5215288]
Event: 606.588 Thread 0x000001cab8a3a810 28290 %     3       com.android.tools.r8.internal.Np::indexOf @ 18 (50 bytes)
Event: 606.589 Thread 0x000001cab8a3a810 nmethod 28290% 0x000001caa2d2a290 code [0x000001caa2d2a480, 0x000001caa2d2aa68]
Event: 606.589 Thread 0x000001cab8a3a810 28278       2       com.android.tools.r8.internal.uT::c (2132 bytes)

GC Heap History (20 events):
Event: 544.861 GC heap after
{Heap after GC invocations=48 (full 0):
 garbage-first heap   total 557056K, used 188174K [0x0000000080000000, 0x0000000100000000)
  region size 1024K, 4 young (4096K), 4 survivors (4096K)
 Metaspace       used 116485K, committed 118528K, reserved 1179648K
  class space    used 15634K, committed 16704K, reserved 1048576K
}
Event: 574.871 GC heap before
{Heap before GC invocations=48 (full 0):
 garbage-first heap   total 557056K, used 433934K [0x0000000080000000, 0x0000000100000000)
  region size 1024K, 246 young (251904K), 4 survivors (4096K)
 Metaspace       used 119174K, committed 121216K, reserved 1179648K
  class space    used 15955K, committed 17024K, reserved 1048576K
}
Event: 575.097 GC heap after
{Heap after GC invocations=49 (full 0):
 garbage-first heap   total 557056K, used 214497K [0x0000000080000000, 0x0000000100000000)
  region size 1024K, 29 young (29696K), 29 survivors (29696K)
 Metaspace       used 119174K, committed 121216K, reserved 1179648K
  class space    used 15955K, committed 17024K, reserved 1048576K
}
Event: 580.393 GC heap before
{Heap before GC invocations=50 (full 0):
 garbage-first heap   total 557056K, used 276961K [0x0000000080000000, 0x0000000100000000)
  region size 1024K, 88 young (90112K), 29 survivors (29696K)
 Metaspace       used 124623K, committed 126720K, reserved 1179648K
  class space    used 16605K, committed 17664K, reserved 1048576K
}
Event: 580.467 GC heap after
{Heap after GC invocations=51 (full 0):
 garbage-first heap   total 557056K, used 231019K [0x0000000080000000, 0x0000000100000000)
  region size 1024K, 11 young (11264K), 11 survivors (11264K)
 Metaspace       used 124623K, committed 126720K, reserved 1179648K
  class space    used 16605K, committed 17664K, reserved 1048576K
}
Event: 580.883 GC heap before
{Heap before GC invocations=51 (full 0):
 garbage-first heap   total 557056K, used 247403K [0x0000000080000000, 0x0000000100000000)
  region size 1024K, 27 young (27648K), 11 survivors (11264K)
 Metaspace       used 125708K, committed 127808K, reserved 1179648K
  class space    used 16755K, committed 17856K, reserved 1048576K
}
Event: 580.912 GC heap after
{Heap after GC invocations=52 (full 0):
 garbage-first heap   total 557056K, used 205824K [0x0000000080000000, 0x0000000100000000)
  region size 1024K, 4 young (4096K), 4 survivors (4096K)
 Metaspace       used 125708K, committed 127808K, reserved 1179648K
  class space    used 16755K, committed 17856K, reserved 1048576K
}
Event: 581.657 GC heap before
{Heap before GC invocations=52 (full 0):
 garbage-first heap   total 557056K, used 311296K [0x0000000080000000, 0x0000000100000000)
  region size 1024K, 109 young (111616K), 4 survivors (4096K)
 Metaspace       used 125848K, committed 127936K, reserved 1179648K
  class space    used 16773K, committed 17856K, reserved 1048576K
}
Event: 581.677 GC heap after
{Heap after GC invocations=53 (full 0):
 garbage-first heap   total 557056K, used 219419K [0x0000000080000000, 0x0000000100000000)
  region size 1024K, 18 young (18432K), 18 survivors (18432K)
 Metaspace       used 125848K, committed 127936K, reserved 1179648K
  class space    used 16773K, committed 17856K, reserved 1048576K
}
Event: 594.688 GC heap before
{Heap before GC invocations=54 (full 0):
 garbage-first heap   total 557056K, used 437531K [0x0000000080000000, 0x0000000100000000)
  region size 1024K, 225 young (230400K), 18 survivors (18432K)
 Metaspace       used 137609K, committed 139712K, reserved 1179648K
  class space    used 18140K, committed 19264K, reserved 1048576K
}
Event: 594.736 GC heap after
{Heap after GC invocations=55 (full 0):
 garbage-first heap   total 557056K, used 254976K [0x0000000080000000, 0x0000000100000000)
  region size 1024K, 29 young (29696K), 29 survivors (29696K)
 Metaspace       used 137609K, committed 139712K, reserved 1179648K
  class space    used 18140K, committed 19264K, reserved 1048576K
}
Event: 594.748 GC heap before
{Heap before GC invocations=55 (full 0):
 garbage-first heap   total 557056K, used 256000K [0x0000000080000000, 0x0000000100000000)
  region size 1024K, 30 young (30720K), 29 survivors (29696K)
 Metaspace       used 137611K, committed 139712K, reserved 1179648K
  class space    used 18141K, committed 19264K, reserved 1048576K
}
Event: 594.819 GC heap after
{Heap after GC invocations=56 (full 0):
 garbage-first heap   total 557056K, used 248980K [0x0000000080000000, 0x0000000100000000)
  region size 1024K, 4 young (4096K), 4 survivors (4096K)
 Metaspace       used 137611K, committed 139712K, reserved 1179648K
  class space    used 18141K, committed 19264K, reserved 1048576K
}
Event: 598.023 GC heap before
{Heap before GC invocations=56 (full 0):
 garbage-first heap   total 557056K, used 408724K [0x0000000080000000, 0x0000000100000000)
  region size 1024K, 162 young (165888K), 4 survivors (4096K)
 Metaspace       used 141464K, committed 143552K, reserved 1179648K
  class space    used 18617K, committed 19712K, reserved 1048576K
}
Event: 598.034 GC heap after
{Heap after GC invocations=57 (full 0):
 garbage-first heap   total 557056K, used 255058K [0x0000000080000000, 0x0000000100000000)
  region size 1024K, 10 young (10240K), 10 survivors (10240K)
 Metaspace       used 141464K, committed 143552K, reserved 1179648K
  class space    used 18617K, committed 19712K, reserved 1048576K
}
Event: 604.955 GC heap before
{Heap before GC invocations=58 (full 0):
 garbage-first heap   total 557056K, used 445522K [0x0000000080000000, 0x0000000100000000)
  region size 1024K, 190 young (194560K), 10 survivors (10240K)
 Metaspace       used 143011K, committed 145088K, reserved 1179648K
  class space    used 18629K, committed 19712K, reserved 1048576K
}
Event: 604.973 GC heap after
{Heap after GC invocations=59 (full 0):
 garbage-first heap   total 557056K, used 268559K [0x0000000080000000, 0x0000000100000000)
  region size 1024K, 21 young (21504K), 21 survivors (21504K)
 Metaspace       used 143011K, committed 145088K, reserved 1179648K
  class space    used 18629K, committed 19712K, reserved 1048576K
}
Event: 605.071 GC heap before
{Heap before GC invocations=59 (full 0):
 garbage-first heap   total 557056K, used 275727K [0x0000000080000000, 0x0000000100000000)
  region size 1024K, 27 young (27648K), 21 survivors (21504K)
 Metaspace       used 143025K, committed 145152K, reserved 1179648K
  class space    used 18629K, committed 19712K, reserved 1048576K
}
Event: 605.129 GC heap after
{Heap after GC invocations=60 (full 0):
 garbage-first heap   total 557056K, used 231982K [0x0000000080000000, 0x0000000100000000)
  region size 1024K, 3 young (3072K), 3 survivors (3072K)
 Metaspace       used 143025K, committed 145152K, reserved 1179648K
  class space    used 18629K, committed 19712K, reserved 1048576K
}
Event: 606.589 GC heap before
{Heap before GC invocations=60 (full 0):
 garbage-first heap   total 557056K, used 427566K [0x0000000080000000, 0x0000000100000000)
  region size 1024K, 195 young (199680K), 3 survivors (3072K)
 Metaspace       used 143615K, committed 145728K, reserved 1179648K
  class space    used 18654K, committed 19776K, reserved 1048576K
}

Deoptimization events (20 events):
Event: 606.214 Thread 0x000001cac35a5e00 DEOPT PACKING pc=0x000001caa50f26b4 sp=0x00000058c61fc660
Event: 606.214 Thread 0x000001cac35a5e00 DEOPT UNPACKING pc=0x000001caa2136763 sp=0x00000058c61fbcb0 mode 0
Event: 606.304 Thread 0x000001cabcfb9e60 DEOPT PACKING pc=0x000001caa4ff3a5f sp=0x00000058c62fc630
Event: 606.304 Thread 0x000001cabcfb9e60 DEOPT UNPACKING pc=0x000001caa2136763 sp=0x00000058c62fbb98 mode 0
Event: 606.382 Thread 0x000001cabcfb9e60 DEOPT PACKING pc=0x000001caa52dbf57 sp=0x00000058c62fbfa0
Event: 606.382 Thread 0x000001cabcfb9e60 DEOPT UNPACKING pc=0x000001caa2136763 sp=0x00000058c62fb7e0 mode 0
Event: 606.465 Thread 0x000001cac35a5e00 DEOPT PACKING pc=0x000001caa5418eb8 sp=0x00000058c61fb350
Event: 606.465 Thread 0x000001cac35a5e00 DEOPT UNPACKING pc=0x000001caa2136763 sp=0x00000058c61fa8c0 mode 0
Event: 606.477 Thread 0x000001cabcfba800 Uncommon trap: trap_request=0xffffff45 fr.pc=0x000001caaa20f6d0 relative=0x00000000000014d0
Event: 606.477 Thread 0x000001cabcfba800 Uncommon trap: reason=unstable_if action=reinterpret pc=0x000001caaa20f6d0 method=com.android.tools.r8.internal.ct.a(ILjava/lang/Object;)Ljava/lang/Object; @ 485 c2
Event: 606.477 Thread 0x000001cabcfba800 DEOPT PACKING pc=0x000001caaa20f6d0 sp=0x00000058c50fc1c0
Event: 606.477 Thread 0x000001cabcfba800 DEOPT UNPACKING pc=0x000001caa2135c23 sp=0x00000058c50fc168 mode 2
Event: 606.539 Thread 0x000001cabcfb9e60 DEOPT PACKING pc=0x000001caa5127617 sp=0x00000058c62fc2a0
Event: 606.539 Thread 0x000001cabcfb9e60 DEOPT UNPACKING pc=0x000001caa2136763 sp=0x00000058c62fba10 mode 0
Event: 606.539 Thread 0x000001cac35a5e00 Uncommon trap: trap_request=0xffffff45 fr.pc=0x000001caaaab32e8 relative=0x0000000000000828
Event: 606.539 Thread 0x000001cac35a5e00 Uncommon trap: reason=unstable_if action=reinterpret pc=0x000001caaaab32e8 method=com.android.tools.r8.graph.d.a(Lcom/android/tools/r8/graph/f1;Lcom/android/tools/r8/graph/q0;Lcom/android/tools/r8/graph/u3;)Lcom/android/tools/r8/graph/I1; @ 28 c2
Event: 606.539 Thread 0x000001cac35a5e00 DEOPT PACKING pc=0x000001caaaab32e8 sp=0x00000058c61fc6a0
Event: 606.540 Thread 0x000001cac35a5e00 DEOPT UNPACKING pc=0x000001caa2135c23 sp=0x00000058c61fc510 mode 2
Event: 606.574 Thread 0x000001cabcfb9e60 DEOPT PACKING pc=0x000001caa4ff1a2e sp=0x00000058c62fc650
Event: 606.574 Thread 0x000001cabcfb9e60 DEOPT UNPACKING pc=0x000001caa2136763 sp=0x00000058c62fbbd8 mode 0

Classes loaded (20 events):
Event: 592.815 Loading class java/util/Collections$UnmodifiableList$1
Event: 592.816 Loading class java/util/Collections$UnmodifiableList$1 done
Event: 592.844 Loading class java/util/regex/Matcher$ImmutableMatchResult
Event: 592.845 Loading class java/util/regex/Matcher$ImmutableMatchResult done
Event: 592.853 Loading class java/io/FilterWriter
Event: 592.853 Loading class java/io/FilterWriter done
Event: 592.854 Loading class java/nio/file/Path$1
Event: 592.855 Loading class java/nio/file/Path$1 done
Event: 592.902 Loading class java/lang/Override
Event: 592.903 Loading class java/lang/Override done
Event: 593.292 Loading class java/util/Comparators$NullComparator
Event: 593.293 Loading class java/util/Comparators$NullComparator done
Event: 595.237 Loading class java/util/ArrayDeque$DescendingIterator
Event: 595.237 Loading class java/util/ArrayDeque$DescendingIterator done
Event: 595.295 Loading class java/util/stream/Stream$1
Event: 595.300 Loading class java/util/stream/Stream$1 done
Event: 595.575 Loading class java/lang/SuppressWarnings
Event: 595.575 Loading class java/lang/SuppressWarnings done
Event: 595.576 Loading class java/util/ArrayList$SubList$2
Event: 595.576 Loading class java/util/ArrayList$SubList$2 done

Classes unloaded (16 events):
Event: 240.627 Thread 0x000001ca9a5bb3b0 Unloading class 0x00000008018d5c00 'java/lang/invoke/LambdaForm$DMH+0x00000008018d5c00'
Event: 240.627 Thread 0x000001ca9a5bb3b0 Unloading class 0x00000008018d5800 'java/lang/invoke/LambdaForm$DMH+0x00000008018d5800'
Event: 240.627 Thread 0x000001ca9a5bb3b0 Unloading class 0x00000008018d5400 'java/lang/invoke/LambdaForm$DMH+0x00000008018d5400'
Event: 240.627 Thread 0x000001ca9a5bb3b0 Unloading class 0x00000008018d5000 'java/lang/invoke/LambdaForm$DMH+0x00000008018d5000'
Event: 240.627 Thread 0x000001ca9a5bb3b0 Unloading class 0x00000008018d4c00 'java/lang/invoke/LambdaForm$DMH+0x00000008018d4c00'
Event: 240.627 Thread 0x000001ca9a5bb3b0 Unloading class 0x00000008018d4400 'java/lang/invoke/LambdaForm$DMH+0x00000008018d4400'
Event: 240.627 Thread 0x000001ca9a5bb3b0 Unloading class 0x00000008018d4800 'java/lang/invoke/LambdaForm$DMH+0x00000008018d4800'
Event: 576.062 Thread 0x000001ca9a5bb3b0 Unloading class 0x0000000801a04c00 'jdk/internal/reflect/GeneratedSerializationConstructorAccessor167'
Event: 576.062 Thread 0x000001ca9a5bb3b0 Unloading class 0x0000000801a04800 'jdk/internal/reflect/GeneratedSerializationConstructorAccessor168'
Event: 576.062 Thread 0x000001ca9a5bb3b0 Unloading class 0x0000000801a04400 'jdk/internal/reflect/GeneratedSerializationConstructorAccessor166'
Event: 576.062 Thread 0x000001ca9a5bb3b0 Unloading class 0x0000000801a04000 'jdk/internal/reflect/GeneratedSerializationConstructorAccessor165'
Event: 598.281 Thread 0x000001ca9a5bb3b0 Unloading class 0x0000000801cd3210 'javax/xml/bind/JAXBException'
Event: 598.281 Thread 0x000001ca9a5bb3b0 Unloading class 0x0000000801cd3000 'android/databinding/tool/writer/AnnotationJavaFileWriter'
Event: 598.281 Thread 0x000001ca9a5bb3b0 Unloading class 0x0000000801cd2c58 'android/databinding/tool/writer/JavaFileWriter'
Event: 598.281 Thread 0x000001ca9a5bb3b0 Unloading class 0x0000000801cd2a70 'android/databinding/annotationprocessor/ProcessDataBinding$Callback'
Event: 598.281 Thread 0x000001ca9a5bb3b0 Unloading class 0x0000000801cd2800 'android/databinding/annotationprocessor/ProcessDataBinding'

Classes redefined (0 events):
No events

Internal exceptions (20 events):
Event: 603.330 Thread 0x000001cabcfba800 Exception <a 'sun/nio/fs/WindowsException'{0x00000000a0642618}> (0x00000000a0642618) 
thrown [s\src\hotspot\share\prims\jni.cpp, line 516]
Event: 603.331 Thread 0x000001cabcfba800 Exception <a 'sun/nio/fs/WindowsException'{0x00000000a064a0a8}> (0x00000000a064a0a8) 
thrown [s\src\hotspot\share\prims\jni.cpp, line 516]
Event: 603.333 Thread 0x000001cabcfba800 Exception <a 'sun/nio/fs/WindowsException'{0x00000000a0653cc0}> (0x00000000a0653cc0) 
thrown [s\src\hotspot\share\prims\jni.cpp, line 516]
Event: 603.334 Thread 0x000001cabcfba800 Exception <a 'sun/nio/fs/WindowsException'{0x00000000a065da48}> (0x00000000a065da48) 
thrown [s\src\hotspot\share\prims\jni.cpp, line 516]
Event: 603.335 Thread 0x000001cabcfba800 Exception <a 'sun/nio/fs/WindowsException'{0x00000000a0665448}> (0x00000000a0665448) 
thrown [s\src\hotspot\share\prims\jni.cpp, line 516]
Event: 603.336 Thread 0x000001cabcfba800 Exception <a 'sun/nio/fs/WindowsException'{0x00000000a066f170}> (0x00000000a066f170) 
thrown [s\src\hotspot\share\prims\jni.cpp, line 516]
Event: 603.338 Thread 0x000001cabcfba800 Exception <a 'sun/nio/fs/WindowsException'{0x00000000a0676b28}> (0x00000000a0676b28) 
thrown [s\src\hotspot\share\prims\jni.cpp, line 516]
Event: 603.339 Thread 0x000001cabcfba800 Exception <a 'sun/nio/fs/WindowsException'{0x00000000a067fcc8}> (0x00000000a067fcc8) 
thrown [s\src\hotspot\share\prims\jni.cpp, line 516]
Event: 603.528 Thread 0x000001cabeff0120 Implicit null exception at 0x000001caa9e63be6 to 0x000001caa9e6593c
Event: 603.947 Thread 0x000001cac254c4c0 Exception <a 'sun/nio/fs/WindowsException'{0x00000000a01ce340}> (0x00000000a01ce340) 
thrown [s\src\hotspot\share\prims\jni.cpp, line 516]
Event: 604.342 Thread 0x000001cac35a67a0 Implicit null exception at 0x000001caaa14067b to 0x000001caaa140d64
Event: 604.342 Thread 0x000001cac35a67a0 Implicit null exception at 0x000001caa9f3cb7b to 0x000001caa9f3d238
Event: 605.292 Thread 0x000001cac35a2910 Exception <a 'sun/nio/fs/WindowsException'{0x00000000a1b16678}> (0x00000000a1b16678) 
thrown [s\src\hotspot\share\prims\jni.cpp, line 516]
Event: 605.348 Thread 0x000001cac35a2910 Implicit null exception at 0x000001caaa9f9977 to 0x000001caaa9f9b70
Event: 605.438 Thread 0x000001cac35a2910 Implicit null exception at 0x000001caaa9f7ff0 to 0x000001caaa9f8190
Event: 605.515 Thread 0x000001cabcfb9e60 Exception <a 'sun/nio/fs/WindowsException'{0x00000000a0e8b668}> (0x00000000a0e8b668) 
thrown [s\src\hotspot\share\prims\jni.cpp, line 516]
Event: 605.516 Thread 0x000001cabcfba800 Exception <a 'sun/nio/fs/WindowsException'{0x00000000a0e95380}> (0x00000000a0e95380) 
thrown [s\src\hotspot\share\prims\jni.cpp, line 516]
Event: 605.670 Thread 0x000001cac35a2910 Exception <a 'java/lang/NoSuchMethodError'{0x000000009f026678}: 'int java.lang.invoke.DirectMethodHandle$Holder.invokeInterface(java.lang.Object, java.lang.Object, int)'> (0x000000009f026678) 
thrown [s\src\hotspot\share\interpreter\linkResolver.cpp, line 759]
Event: 605.721 Thread 0x000001cac35a5e00 Exception <a 'sun/nio/fs/WindowsException'{0x000000009eafde20}> (0x000000009eafde20) 
thrown [s\src\hotspot\share\prims\jni.cpp, line 516]
Event: 605.926 Thread 0x000001cac35a2910 Implicit null exception at 0x000001caaaa76170 to 0x000001caaaa7625c

VM Operations (20 events):
Event: 605.628 Executing VM operation: HandshakeAllThreads done
Event: 605.684 Executing VM operation: ICBufferFull
Event: 605.684 Executing VM operation: ICBufferFull done
Event: 605.879 Executing VM operation: ICBufferFull
Event: 605.880 Executing VM operation: ICBufferFull done
Event: 606.000 Executing VM operation: ICBufferFull
Event: 606.009 Executing VM operation: ICBufferFull done
Event: 606.082 Executing VM operation: HandshakeAllThreads
Event: 606.098 Executing VM operation: HandshakeAllThreads done
Event: 606.162 Executing VM operation: ICBufferFull
Event: 606.201 Executing VM operation: ICBufferFull done
Event: 606.227 Executing VM operation: HandshakeAllThreads
Event: 606.228 Executing VM operation: HandshakeAllThreads done
Event: 606.384 Executing VM operation: ICBufferFull
Event: 606.385 Executing VM operation: ICBufferFull done
Event: 606.427 Executing VM operation: HandshakeAllThreads
Event: 606.442 Executing VM operation: HandshakeAllThreads done
Event: 606.526 Executing VM operation: ICBufferFull
Event: 606.527 Executing VM operation: ICBufferFull done
Event: 606.589 Executing VM operation: G1CollectForAllocation

Events (20 events):
Event: 606.500 Thread 0x000001cab8a47510 flushing nmethod 0x000001caa5138e90
Event: 606.500 Thread 0x000001cab8a47510 flushing nmethod 0x000001caa5143c10
Event: 606.501 Thread 0x000001cab8a47510 flushing nmethod 0x000001caa514cb10
Event: 606.501 Thread 0x000001cab8a47510 flushing nmethod 0x000001caa515a690
Event: 606.501 Thread 0x000001cab8a47510 flushing nmethod 0x000001caa5167810
Event: 606.501 Thread 0x000001cab8a47510 flushing nmethod 0x000001caa5187a90
Event: 606.501 Thread 0x000001cab8a47510 flushing nmethod 0x000001caa519f210
Event: 606.501 Thread 0x000001cab8a47510 flushing nmethod 0x000001caa51ef810
Event: 606.501 Thread 0x000001cab8a47510 flushing nmethod 0x000001caa5210310
Event: 606.501 Thread 0x000001cab8a47510 flushing nmethod 0x000001caa5212b10
Event: 606.502 Thread 0x000001cab8a47510 flushing nmethod 0x000001caa5253d90
Event: 606.502 Thread 0x000001cab8a47510 flushing nmethod 0x000001caa525a990
Event: 606.502 Thread 0x000001cab8a47510 flushing nmethod 0x000001caa5281790
Event: 606.502 Thread 0x000001cab8a47510 flushing nmethod 0x000001caa52b0e90
Event: 606.502 Thread 0x000001cab8a47510 flushing nmethod 0x000001caa52bcb10
Event: 606.502 Thread 0x000001cab8a47510 flushing nmethod 0x000001caa52cf810
Event: 606.502 Thread 0x000001cab8a47510 flushing nmethod 0x000001caa52cfb90
Event: 606.502 Thread 0x000001cab8a47510 flushing nmethod 0x000001caa52d4910
Event: 606.502 Thread 0x000001cab8a47510 flushing nmethod 0x000001caa52e3190
Event: 606.502 Thread 0x000001cab8a47510 flushing nmethod 0x000001caa52f8790


Dynamic libraries:
0x00007ff7bb1e0000 - 0x00007ff7bb1ee000 	C:\Users\amrhi\.jdks\azul-18.0.2.1\bin\java.exe
0x00007ffef9e50000 - 0x00007ffefa067000 	C:\WINDOWS\SYSTEM32\ntdll.dll
0x00007ffef8140000 - 0x00007ffef8204000 	C:\WINDOWS\System32\KERNEL32.DLL
0x00007ffef77e0000 - 0x00007ffef7b8d000 	C:\WINDOWS\System32\KERNELBASE.dll
0x00007ffef7300000 - 0x00007ffef7411000 	C:\WINDOWS\System32\ucrtbase.dll
0x00007ffeda2f0000 - 0x00007ffeda307000 	C:\Users\amrhi\.jdks\azul-18.0.2.1\bin\jli.dll
0x00007ffeda310000 - 0x00007ffeda32b000 	C:\Users\amrhi\.jdks\azul-18.0.2.1\bin\VCRUNTIME140.dll
0x00007ffef9430000 - 0x00007ffef95de000 	C:\WINDOWS\System32\USER32.dll
0x00007ffef71b0000 - 0x00007ffef71d6000 	C:\WINDOWS\System32\win32u.dll
0x00007ffed94d0000 - 0x00007ffed9763000 	C:\WINDOWS\WinSxS\amd64_microsoft.windows.common-controls_6595b64144ccf1df_6.0.22621.3672_none_2713b9d173822955\COMCTL32.dll
0x00007ffef7c20000 - 0x00007ffef7c49000 	C:\WINDOWS\System32\GDI32.dll
0x00007ffef8c20000 - 0x00007ffef8cc7000 	C:\WINDOWS\System32\msvcrt.dll
0x00007ffef7420000 - 0x00007ffef7539000 	C:\WINDOWS\System32\gdi32full.dll
0x00007ffef7260000 - 0x00007ffef72fa000 	C:\WINDOWS\System32\msvcp_win.dll
0x00007ffef8db0000 - 0x00007ffef8de1000 	C:\WINDOWS\System32\IMM32.DLL
0x00007ffeda2e0000 - 0x00007ffeda2ec000 	C:\Users\amrhi\.jdks\azul-18.0.2.1\bin\vcruntime140_1.dll
0x00007ffeda250000 - 0x00007ffeda2dd000 	C:\Users\amrhi\.jdks\azul-18.0.2.1\bin\msvcp140.dll
0x00007ffe872e0000 - 0x00007ffe87f80000 	C:\Users\amrhi\.jdks\azul-18.0.2.1\bin\server\jvm.dll
0x00007ffef90b0000 - 0x00007ffef9162000 	C:\WINDOWS\System32\ADVAPI32.dll
0x00007ffef99d0000 - 0x00007ffef9a79000 	C:\WINDOWS\System32\sechost.dll
0x00007ffef7180000 - 0x00007ffef71a8000 	C:\WINDOWS\System32\bcrypt.dll
0x00007ffef98a0000 - 0x00007ffef99b4000 	C:\WINDOWS\System32\RPCRT4.dll
0x00007ffef99c0000 - 0x00007ffef99c8000 	C:\WINDOWS\System32\PSAPI.DLL
0x00007ffed4900000 - 0x00007ffed4909000 	C:\WINDOWS\SYSTEM32\WSOCK32.dll
0x00007ffeeea00000 - 0x00007ffeeea34000 	C:\WINDOWS\SYSTEM32\WINMM.dll
0x00007ffef7ba0000 - 0x00007ffef7c11000 	C:\WINDOWS\System32\WS2_32.dll
0x00007ffeec530000 - 0x00007ffeec53a000 	C:\WINDOWS\SYSTEM32\VERSION.dll
0x00007ffef62a0000 - 0x00007ffef62b8000 	C:\WINDOWS\SYSTEM32\kernel.appcore.dll
0x00007ffed52f0000 - 0x00007ffed52fa000 	C:\Users\amrhi\.jdks\azul-18.0.2.1\bin\jimage.dll
0x00007ffef4b50000 - 0x00007ffef4d82000 	C:\WINDOWS\SYSTEM32\DBGHELP.DLL
0x00007ffef9a80000 - 0x00007ffef9e08000 	C:\WINDOWS\System32\combase.dll
0x00007ffef92d0000 - 0x00007ffef93a7000 	C:\WINDOWS\System32\OLEAUT32.dll
0x00007ffedb100000 - 0x00007ffedb132000 	C:\WINDOWS\SYSTEM32\dbgcore.DLL
0x00007ffef71e0000 - 0x00007ffef725b000 	C:\WINDOWS\System32\bcryptPrimitives.dll
0x00007ffed52b0000 - 0x00007ffed52d5000 	C:\Users\amrhi\.jdks\azul-18.0.2.1\bin\java.dll
0x00007ffed51d0000 - 0x00007ffed52a7000 	C:\Users\amrhi\.jdks\azul-18.0.2.1\bin\jsvml.dll
0x00007ffef83c0000 - 0x00007ffef8c1f000 	C:\WINDOWS\System32\SHELL32.dll
0x00007ffef50d0000 - 0x00007ffef59cc000 	C:\WINDOWS\SYSTEM32\windows.storage.dll
0x00007ffef4f90000 - 0x00007ffef50cf000 	C:\WINDOWS\SYSTEM32\wintypes.dll
0x00007ffef8fb0000 - 0x00007ffef90a4000 	C:\WINDOWS\System32\SHCORE.dll
0x00007ffef8cd0000 - 0x00007ffef8d2e000 	C:\WINDOWS\System32\shlwapi.dll
0x00007ffef70b0000 - 0x00007ffef70d1000 	C:\WINDOWS\SYSTEM32\profapi.dll
0x00007ffed5190000 - 0x00007ffed51a3000 	C:\Users\amrhi\.jdks\azul-18.0.2.1\bin\net.dll
0x00007ffef0180000 - 0x00007ffef02b6000 	C:\WINDOWS\SYSTEM32\WINHTTP.dll
0x00007ffef6710000 - 0x00007ffef6779000 	C:\WINDOWS\system32\mswsock.dll
0x00007ffed5170000 - 0x00007ffed5186000 	C:\Users\amrhi\.jdks\azul-18.0.2.1\bin\nio.dll
0x00007ffed51b0000 - 0x00007ffed51c8000 	C:\Users\amrhi\.jdks\azul-18.0.2.1\bin\zip.dll
0x00007ffed5140000 - 0x00007ffed5150000 	C:\Users\amrhi\.jdks\azul-18.0.2.1\bin\verify.dll
0x00007ffec6620000 - 0x00007ffec6647000 	C:\Users\amrhi\.gradle\native\e1d6ef7f7dcc3fd88c89a11ec53ec762bb8ba0a96d01ffa2cd45eb1d1d8dd5c5\windows-amd64\native-platform.dll
0x00007ffea0fb0000 - 0x00007ffea10f4000 	C:\Users\amrhi\.gradle\native\0d407fdbe67a94daf76414ababcb853783967236a71b16ec16e742cd7a986fd3\windows-amd64\native-platform-file-events.dll
0x00007ffeb45a0000 - 0x00007ffeb45a9000 	C:\Users\amrhi\.jdks\azul-18.0.2.1\bin\management.dll
0x00007ffeb00a0000 - 0x00007ffeb00ab000 	C:\Users\amrhi\.jdks\azul-18.0.2.1\bin\management_ext.dll
0x00007ffef6970000 - 0x00007ffef698b000 	C:\WINDOWS\SYSTEM32\CRYPTSP.dll
0x00007ffef6200000 - 0x00007ffef6235000 	C:\WINDOWS\system32\rsaenh.dll
0x00007ffef6810000 - 0x00007ffef6838000 	C:\WINDOWS\SYSTEM32\USERENV.dll
0x00007ffef6990000 - 0x00007ffef699c000 	C:\WINDOWS\SYSTEM32\CRYPTBASE.dll
0x00007ffef5cb0000 - 0x00007ffef5cdd000 	C:\WINDOWS\SYSTEM32\IPHLPAPI.DLL
0x00007ffef95e0000 - 0x00007ffef95e9000 	C:\WINDOWS\System32\NSI.dll
0x00007ffef2940000 - 0x00007ffef2959000 	C:\WINDOWS\SYSTEM32\dhcpcsvc6.DLL
0x00007ffef0160000 - 0x00007ffef017f000 	C:\WINDOWS\SYSTEM32\dhcpcsvc.DLL
0x00007ffef5ce0000 - 0x00007ffef5dd8000 	C:\WINDOWS\SYSTEM32\DNSAPI.dll
0x00007ffecb510000 - 0x00007ffecb527000 	C:\WINDOWS\system32\napinsp.dll
0x00007ffecb4f0000 - 0x00007ffecb50b000 	C:\WINDOWS\system32\pnrpnsp.dll
0x00007ffecb4d0000 - 0x00007ffecb4e1000 	C:\WINDOWS\System32\winrnr.dll
0x00007ffeee590000 - 0x00007ffeee5a5000 	C:\WINDOWS\system32\wshbth.dll
0x00007ffecb4a0000 - 0x00007ffecb4c7000 	C:\WINDOWS\system32\nlansp_c.dll
0x00007ffef2930000 - 0x00007ffef293a000 	C:\Windows\System32\rasadhlp.dll
0x00007ffeee750000 - 0x00007ffeee7d3000 	C:\WINDOWS\System32\fwpuclnt.dll
0x00007ffeedc00000 - 0x00007ffeedc1e000 	C:\Users\amrhi\AppData\Local\Temp\native-platform14032788413765483dir\native-platform.dll
0x00007ffeedbf0000 - 0x00007ffeedbf7000 	C:\Users\amrhi\.jdks\azul-18.0.2.1\bin\rmi.dll
0x00007ffef62c0000 - 0x00007ffef62f4000 	C:\WINDOWS\SYSTEM32\ntmarta.dll

dbghelp: loaded successfully - version: 4.0.5 - missing functions: none
symbol engine: initialized successfully - sym options: 0x614 - pdb path: .;C:\Users\amrhi\.jdks\azul-18.0.2.1\bin;C:\WINDOWS\SYSTEM32;C:\WINDOWS\WinSxS\amd64_microsoft.windows.common-controls_6595b64144ccf1df_6.0.22621.3672_none_2713b9d173822955;C:\Users\amrhi\.jdks\azul-18.0.2.1\bin\server;C:\Users\amrhi\.gradle\native\e1d6ef7f7dcc3fd88c89a11ec53ec762bb8ba0a96d01ffa2cd45eb1d1d8dd5c5\windows-amd64;C:\Users\amrhi\.gradle\native\0d407fdbe67a94daf76414ababcb853783967236a71b16ec16e742cd7a986fd3\windows-amd64;C:\Users\amrhi\AppData\Local\Temp\native-platform14032788413765483dir

VM Arguments:
jvm_args: --add-opens=java.base/java.util=ALL-UNNAMED --add-opens=java.base/java.lang=ALL-UNNAMED --add-opens=java.base/java.lang.invoke=ALL-UNNAMED --add-opens=java.base/java.util=ALL-UNNAMED --add-opens=java.prefs/java.util.prefs=ALL-UNNAMED --add-opens=java.prefs/java.util.prefs=ALL-UNNAMED --add-opens=java.base/java.nio.charset=ALL-UNNAMED --add-opens=java.base/java.net=ALL-UNNAMED --add-opens=java.base/java.util.concurrent.atomic=ALL-UNNAMED -Xmx2048m -Dfile.encoding=UTF-8 -Duser.country=US -Duser.language=en -Duser.variant 
java_command: org.gradle.launcher.daemon.bootstrap.GradleDaemon 7.5
java_class_path (initial): C:\Users\amrhi\.gradle\wrapper\dists\gradle-7.5-bin\f1w0cc9nuo0eivz97x2xlu9sv\gradle-7.5\lib\gradle-launcher-7.5.jar
Launcher Type: SUN_STANDARD

[Global flags]
     intx CICompilerCount                          = 4                                         {product} {ergonomic}
     uint ConcGCThreads                            = 2                                         {product} {ergonomic}
     uint G1ConcRefinementThreads                  = 8                                         {product} {ergonomic}
   size_t G1HeapRegionSize                         = 1048576                                   {product} {ergonomic}
    uintx GCDrainStackTargetSize                   = 64                                        {product} {ergonomic}
   size_t InitialHeapSize                          = 130023424                                 {product} {ergonomic}
   size_t MarkStackSize                            = 4194304                                   {product} {ergonomic}
   size_t MaxHeapSize                              = 2147483648                                {product} {command line}
   size_t MaxNewSize                               = 1287651328                                {product} {ergonomic}
   size_t MinHeapDeltaBytes                        = 1048576                                   {product} {ergonomic}
   size_t MinHeapSize                              = 8388608                                   {product} {ergonomic}
    uintx NonNMethodCodeHeapSize                   = 5839372                                {pd product} {ergonomic}
    uintx NonProfiledCodeHeapSize                  = 122909434                              {pd product} {ergonomic}
    uintx ProfiledCodeHeapSize                     = 122909434                              {pd product} {ergonomic}
    uintx ReservedCodeCacheSize                    = 251658240                              {pd product} {ergonomic}
     bool SegmentedCodeCache                       = true                                      {product} {ergonomic}
   size_t SoftMaxHeapSize                          = 2147483648                             {manageable} {ergonomic}
     bool UseCompressedClassPointers               = true                           {product lp64_product} {ergonomic}
     bool UseCompressedOops                        = true                           {product lp64_product} {ergonomic}
     bool UseG1GC                                  = true                                      {product} {ergonomic}
     bool UseLargePagesIndividualAllocation        = false                                  {pd product} {ergonomic}

Logging:
Log output configuration:
 #0: stdout all=warning uptime,level,tags foldmultilines=false
 #1: stderr all=off uptime,level,tags foldmultilines=false

Environment Variables:
PATH=C:\Program Files (x86)\Common Files\Intel\Shared Files\fortran\bin\Intel64;C:\Program Files (x86)\Common Files\Intel\Shared Libraries\redist\intel64_win\mpirt;C:\Program Files (x86)\Common Files\Intel\Shared Libraries\redist\intel64_win\compiler;C:\Program Files (x86)\Common Files\Oracle\Java\javapath;C:\Windows\system32;C:\Windows;C:\Windows\System32\Wbem;C:\Windows\System32\WindowsPowerShell\v1.0\;C:\Windows\System32\OpenSSH\;C:\Program Files (x86)\NVIDIA Corporation\PhysX\Common;C:\Program Files\NVIDIA Corporation\NVIDIA NvDLISR;C:\WINDOWS\system32;C:\WINDOWS;C:\WINDOWS\System32\Wbem;C:\WINDOWS\System32\WindowsPowerShell\v1.0\;C:\WINDOWS\System32\OpenSSH\;C:\Program Files\Microsoft SQL Server\110\Tools\Binn\;C:\Program Files\Git\cmd;C:\Program Files\MySQL\MySQL Shell 8.0\bin\;C:\Users\amrhi\AppData\Local\Microsoft\WindowsApps;
USERNAME=amrhi
OS=Windows_NT
PROCESSOR_IDENTIFIER=Intel64 Family 6 Model 140 Stepping 1, GenuineIntel



---------------  S Y S T E M  ---------------

OS:
 Windows 11 , 64 bit Build 22621 (10.0.22621.3672)
OS uptime: 0 days 0:40 hours

CPU: total 8 (initial active 8) (4 cores per cpu, 2 threads per core) family 6 model 140 stepping 1 microcode 0x86, cx8, cmov, fxsr, ht, mmx, 3dnowpref, sse, sse2, sse3, ssse3, sse4.1, sse4.2, popcnt, lzcnt, tsc, tscinvbit, avx, avx2, aes, erms, clmul, bmi1, bmi2, adx, avx512f, avx512dq, avx512cd, avx512bw, avx512vl, sha, fma, vzeroupper, avx512_vpopcntdq, avx512_vpclmulqdq, avx512_vaes, avx512_vnni, clflush, clflushopt, clwb, avx512_vbmi2, avx512_vbmi

Memory: 4k page, system-wide physical 7886M (917M free)
TotalPageFile size 22088M (AvailPageFile size 598M)
current process WorkingSet (physical memory assigned to process): 877M, peak: 879M
current process commit charge ("private bytes"): 1000M, peak: 1605M

vm_info: OpenJDK 64-Bit Server VM (18.0.2.1+1) for windows-amd64 JRE (18.0.2.1+1) (Zulu18.32+13-CA), built on Aug 23 2022 15:53:35 by "zulu_re" with MS VC++ 16.10 / 16.11 (VS2019)

END.
