#
# There is insufficient memory for the Java Runtime Environment to continue.
# Native memory allocation (mmap) failed to map 542113792 bytes for G1 virtual space
# Possible reasons:
#   The system is out of physical RAM or swap space
#   The process is running with CompressedOops enabled, and the Java Heap may be blocking the growth of the native heap
# Possible solutions:
#   Reduce memory load on the system
#   Increase physical memory or swap space
#   Check if swap backing store is full
#   Decrease Java heap size (-Xmx/-Xms)
#   Decrease number of Java threads
#   Decrease Java thread stack sizes (-Xss)
#   Set larger code cache with -XX:ReservedCodeCacheSize=
#   JVM is running with Unscaled Compressed Oops mode in which the Java heap is
#     placed in the first 4GB address space. The Java Heap base address is the
#     maximum limit for the native heap growth. Please use -XX:HeapBaseMinAddress
#     to set the Java Heap base and to place the Java Heap above 4GB virtual address.
# This output file may be truncated or incomplete.
#
#  Out of Memory Error (os_windows.cpp:3530), pid=6648, tid=10872
#
# JRE version: OpenJDK Runtime Environment Zulu18.32+13-CA (18.0.2.1+1) (build 18.0.2.1+1)
# Java VM: OpenJDK 64-Bit Server VM Zulu18.32+13-CA (18.0.2.1+1, mixed mode, sharing, tiered, compressed oops, compressed class ptrs, g1 gc, windows-amd64)
# No core dump will be written. Minidumps are not enabled by default on client versions of Windows
#

---------------  S U M M A R Y ------------

Command Line: --add-opens=java.base/java.util=ALL-UNNAMED --add-opens=java.base/java.lang=ALL-UNNAMED --add-opens=java.base/java.lang.invoke=ALL-UNNAMED --add-opens=java.base/java.util=ALL-UNNAMED --add-opens=java.prefs/java.util.prefs=ALL-UNNAMED --add-opens=java.prefs/java.util.prefs=ALL-UNNAMED --add-opens=java.base/java.nio.charset=ALL-UNNAMED --add-opens=java.base/java.net=ALL-UNNAMED --add-opens=java.base/java.util.concurrent.atomic=ALL-UNNAMED -Xmx2048m -Dfile.encoding=UTF-8 -Duser.country=US -Duser.language=en -Duser.variant org.gradle.launcher.daemon.bootstrap.GradleDaemon 7.5

Host: 11th Gen Intel(R) Core(TM) i5-1135G7 @ 2.40GHz, 8 cores, 7G,  Windows 11 , 64 bit Build 22621 (10.0.22621.3672)
Time: Fri Jul 12 15:51:08 2024 Egypt Daylight Time elapsed time: 356.361289 seconds (0d 0h 5m 56s)

---------------  T H R E A D  ---------------

Current thread (0x0000024085c88270):  VMThread "VM Thread" [stack: 0x0000004306c00000,0x0000004306d00000] [id=10872]

Stack: [0x0000004306c00000,0x0000004306d00000]
Native frames: (J=compiled Java code, j=interpreted, Vv=VM code, C=native code)
V  [jvm.dll+0x69ea0a]
V  [jvm.dll+0x84dfbd]
V  [jvm.dll+0x84f8ce]
V  [jvm.dll+0x84ff83]
V  [jvm.dll+0x25fa1f]
V  [jvm.dll+0x69b959]
V  [jvm.dll+0x69048a]
V  [jvm.dll+0x32579b]
V  [jvm.dll+0x32d0e6]
V  [jvm.dll+0x381cae]
V  [jvm.dll+0x381edf]
V  [jvm.dll+0x2fd48a]
V  [jvm.dll+0x2fd537]
V  [jvm.dll+0x341b62]
V  [jvm.dll+0x340104]
V  [jvm.dll+0x2fcc60]
V  [jvm.dll+0x33f9fd]
V  [jvm.dll+0x854d6b]
V  [jvm.dll+0x855b04]
V  [jvm.dll+0x85603d]
V  [jvm.dll+0x856494]
V  [jvm.dll+0x856557]
V  [jvm.dll+0x7fa6da]
V  [jvm.dll+0x69d8b5]
C  [ucrtbase.dll+0x29333]
C  [KERNEL32.DLL+0x1257d]
C  [ntdll.dll+0x5af28]

VM_Operation (0x000000430fdf91f0): G1TryInitiateConcMark, mode: safepoint, requested by thread 0x00000240ade135e0


---------------  P R O C E S S  ---------------

Threads class SMR info:
_java_thread_list=0x00000240ae741390, length=161, elements={
0x0000024085c07900, 0x00000240a40b5590, 0x00000240a40b9f40, 0x00000240a40d2830,
0x00000240a40d30e0, 0x00000240a40d3a80, 0x00000240a40d6430, 0x00000240a40d7100,
0x00000240a40d9af0, 0x00000240a40e4e80, 0x00000240a84bad60, 0x00000240a84bf920,
0x00000240a9907120, 0x00000240a9905910, 0x00000240a99075f0, 0x00000240a9904f70,
0x00000240a9b7e830, 0x00000240a9b7a4d0, 0x00000240a9b7de90, 0x00000240a9b7ae70,
0x00000240a9b7b810, 0x00000240a9b7f6a0, 0x00000240a9b80510, 0x00000240a9b81380,
0x00000240a9b7d020, 0x00000240ac07ef10, 0x00000240ac078a00, 0x00000240ac0793a0,
0x00000240ac07f3e0, 0x00000240ac07b550, 0x00000240ac07abb0, 0x00000240b330c210,
0x00000240ada8c970, 0x00000240ad9d7f10, 0x00000240ad8451b0, 0x00000240b5ebba60,
0x00000240ad9d88b0, 0x00000240ad9d53c0, 0x00000240ad9d6700, 0x00000240ada8d7e0,
0x00000240abe188c0, 0x00000240a891e9d0, 0x00000240a891e030, 0x00000240b32a9970,
0x00000240b32a9e40, 0x00000240ada8e180, 0x00000240ada8d310, 0x00000240adfac550,
0x00000240adfaca20, 0x00000240adfad3c0, 0x00000240adfaf0a0, 0x00000240ad844340,
0x00000240ad843e70, 0x00000240ad844810, 0x00000240b330d550, 0x00000240b330b870,
0x00000240b330d080, 0x00000240b330c6e0, 0x00000240b330aed0, 0x00000240b3308d20,
0x00000240b330a060, 0x00000240b330b3a0, 0x00000240b330a530, 0x00000240b330aa00,
0x00000240b33096c0, 0x00000240abe15d70, 0x00000240abe14f00, 0x00000240b33066a0,
0x00000240b330cbb0, 0x00000240b330da20, 0x00000240b33061d0, 0x00000240b3307040,
0x00000240b33079e0, 0x00000240b3308380, 0x00000240b33091f0, 0x00000240b3309b90,
0x00000240ac078ed0, 0x00000240ac07a6e0, 0x00000240ac07e0a0, 0x00000240ac07ba20,
0x00000240ac07b080, 0x00000240ac07bef0, 0x00000240ac07c3c0, 0x00000240ac07d230,
0x00000240ac07f8b0, 0x00000240aba1d550, 0x00000240b5ebb590, 0x00000240b5ebbf30,
0x00000240b5eba720, 0x00000240b5ebabf0, 0x00000240b5ebb0c0, 0x00000240b3703e80,
0x00000240b37039b0, 0x00000240b3704350, 0x00000240aba1c6e0, 0x00000240aba1bd40,
0x00000240abe16240, 0x00000240abe17a50, 0x00000240aba1cbb0, 0x00000240aba1da20,
0x00000240aba1d080, 0x00000240aba1a060, 0x00000240aba1c210, 0x00000240aba1a530,
0x00000240aba1aa00, 0x00000240aba1aed0, 0x00000240aba1b3a0, 0x00000240aba1b870,
0x00000240ad5e4510, 0x00000240ad5e66c0, 0x00000240ad5e4040, 0x00000240ad5e5850,
0x00000240ad5e49e0, 0x00000240ad5e7060, 0x00000240ad5e6b90, 0x00000240ad5e7530,
0x00000240ac07c890, 0x00000240a9908460, 0x00000240ada8dcb0, 0x00000240ad9d5d60,
0x00000240ad9d70a0, 0x00000240ad9d7570, 0x00000240ad9d5890, 0x00000240ad9d6230,
0x00000240ad9d6bd0, 0x00000240ad9d7a40, 0x00000240aa761f20, 0x00000240aa7628c0,
0x00000240aa7623f0, 0x00000240aa762d90, 0x00000240aa763730, 0x00000240aa7640d0,
0x00000240aa763260, 0x00000240aa7645a0, 0x00000240adfad890, 0x00000240adfae230,
0x00000240abe170b0, 0x00000240abe17f20, 0x00000240abe16710, 0x00000240aa763c00,
0x00000240aa764a70, 0x00000240aa7610b0, 0x00000240aa761580, 0x00000240aa761a50,
0x00000240ade13110, 0x00000240ade135e0, 0x00000240b3706030, 0x00000240ade122a0,
0x00000240b32aa310, 0x00000240b32a8fd0, 0x00000240b3704820, 0x00000240abe183f0,
0x00000240b3704cf0, 0x00000240ad5e5380, 0x00000240b3705b60, 0x00000240b3703010,
0x00000240b37051c0, 0x00000240b3705690, 0x00000240b3702670, 0x00000240b3702b40,
0x00000240b37034e0
}

Java Threads: ( => current thread )
  0x0000024085c07900 JavaThread "main" [_thread_blocked, id=1132, stack(0x0000004306600000,0x0000004306700000)]
  0x00000240a40b5590 JavaThread "Reference Handler" daemon [_thread_blocked, id=11076, stack(0x0000004306d00000,0x0000004306e00000)]
  0x00000240a40b9f40 JavaThread "Finalizer" daemon [_thread_blocked, id=9528, stack(0x0000004306e00000,0x0000004306f00000)]
  0x00000240a40d2830 JavaThread "Signal Dispatcher" daemon [_thread_blocked, id=11312, stack(0x0000004306f00000,0x0000004307000000)]
  0x00000240a40d30e0 JavaThread "Attach Listener" daemon [_thread_blocked, id=17384, stack(0x0000004307000000,0x0000004307100000)]
  0x00000240a40d3a80 JavaThread "Service Thread" daemon [_thread_blocked, id=14260, stack(0x0000004307100000,0x0000004307200000)]
  0x00000240a40d6430 JavaThread "Monitor Deflation Thread" daemon [_thread_blocked, id=9936, stack(0x0000004307200000,0x0000004307300000)]
  0x00000240a40d7100 JavaThread "C2 CompilerThread0" daemon [_thread_blocked, id=7484, stack(0x0000004307300000,0x0000004307400000)]
  0x00000240a40d9af0 JavaThread "C1 CompilerThread0" daemon [_thread_blocked, id=11884, stack(0x0000004307400000,0x0000004307500000)]
  0x00000240a40e4e80 JavaThread "Sweeper thread" daemon [_thread_blocked, id=8300, stack(0x0000004307500000,0x0000004307600000)]
  0x00000240a84bad60 JavaThread "Common-Cleaner" daemon [_thread_blocked, id=14408, stack(0x0000004307600000,0x0000004307700000)]
  0x00000240a84bf920 JavaThread "Notification Thread" daemon [_thread_blocked, id=2772, stack(0x0000004307700000,0x0000004307800000)]
  0x00000240a9907120 JavaThread "Daemon health stats" [_thread_blocked, id=17816, stack(0x0000004307e00000,0x0000004307f00000)]
  0x00000240a9905910 JavaThread "Incoming local TCP Connector on port 54145" [_thread_in_native, id=11844, stack(0x0000004307d00000,0x0000004307e00000)]
  0x00000240a99075f0 JavaThread "Daemon periodic checks" [_thread_blocked, id=13480, stack(0x0000004307f00000,0x0000004308000000)]
  0x00000240a9904f70 JavaThread "Cache worker for journal cache (C:\Users\amrhi\.gradle\caches\journal-1)" [_thread_blocked, id=6428, stack(0x0000004308700000,0x0000004308800000)]
  0x00000240a9b7e830 JavaThread "File lock request listener" [_thread_in_native, id=16356, stack(0x0000004308800000,0x0000004308900000)]
  0x00000240a9b7a4d0 JavaThread "Cache worker for file hash cache (C:\Users\amrhi\.gradle\caches\7.5\fileHashes)" [_thread_blocked, id=3452, stack(0x0000004308900000,0x0000004308a00000)]
  0x00000240a9b7de90 JavaThread "File watcher server" daemon [_thread_blocked, id=12416, stack(0x0000004308d00000,0x0000004308e00000)]
  0x00000240a9b7ae70 JavaThread "File watcher consumer" daemon [_thread_blocked, id=13972, stack(0x0000004308e00000,0x0000004308f00000)]
  0x00000240a9b7b810 JavaThread "Cache worker for file content cache (C:\Users\amrhi\.gradle\caches\7.5\fileContent)" [_thread_blocked, id=16744, stack(0x0000004309100000,0x0000004309200000)]
  0x00000240a9b7f6a0 JavaThread "Cache worker for execution history cache (C:\Users\amrhi\.gradle\caches\7.5\executionHistory)" [_thread_blocked, id=12620, stack(0x0000004309500000,0x0000004309600000)]
  0x00000240a9b80510 JavaThread "jar transforms" [_thread_blocked, id=10540, stack(0x0000004309700000,0x0000004309800000)]
  0x00000240a9b81380 JavaThread "jar transforms Thread 2" [_thread_blocked, id=17720, stack(0x0000004309800000,0x0000004309900000)]
  0x00000240a9b7d020 JavaThread "jar transforms Thread 3" [_thread_blocked, id=17520, stack(0x0000004309a00000,0x0000004309b00000)]
  0x00000240ac07ef10 JavaThread "jar transforms Thread 4" [_thread_blocked, id=11400, stack(0x000000430ec00000,0x000000430ed00000)]
  0x00000240ac078a00 JavaThread "jar transforms Thread 5" [_thread_blocked, id=12608, stack(0x000000430ed00000,0x000000430ee00000)]
  0x00000240ac0793a0 JavaThread "jar transforms Thread 6" [_thread_blocked, id=14124, stack(0x000000430ee00000,0x000000430ef00000)]
  0x00000240ac07f3e0 JavaThread "jar transforms Thread 7" [_thread_blocked, id=6092, stack(0x000000430ef00000,0x000000430f000000)]
  0x00000240ac07b550 JavaThread "jar transforms Thread 8" [_thread_blocked, id=2800, stack(0x000000430f000000,0x000000430f100000)]
  0x00000240ac07abb0 JavaThread "Memory manager" [_thread_blocked, id=15956, stack(0x000000430f200000,0x000000430f300000)]
  0x00000240b330c210 JavaThread "pool-3-thread-1" [_thread_blocked, id=8404, stack(0x000000430f400000,0x000000430f500000)]
  0x00000240ada8c970 JavaThread "ForkJoinPool.commonPool-worker-4" daemon [_thread_blocked, id=11764, stack(0x0000004311000000,0x0000004311100000)]
  0x00000240ad9d7f10 JavaThread "ForkJoinPool.commonPool-worker-5" daemon [_thread_blocked, id=13248, stack(0x0000004311100000,0x0000004311200000)]
  0x00000240ad8451b0 JavaThread "ForkJoinPool.commonPool-worker-6" daemon [_thread_blocked, id=6128, stack(0x0000004311200000,0x0000004311300000)]
  0x00000240b5ebba60 JavaThread "pool-7-thread-1" [_thread_blocked, id=12636, stack(0x000000430eb00000,0x000000430ec00000)]
  0x00000240ad9d88b0 JavaThread "RMI Scheduler(0)" daemon [_thread_blocked, id=7280, stack(0x000000430fe00000,0x000000430ff00000)]
  0x00000240ad9d53c0 JavaThread "RMI GC Daemon" daemon [_thread_blocked, id=12948, stack(0x0000004310300000,0x0000004310400000)]
  0x00000240ad9d6700 JavaThread "RMI TCP Accept-0" daemon [_thread_in_native, id=11056, stack(0x0000004308400000,0x0000004308500000)]
  0x00000240ada8d7e0 JavaThread "RMI Reaper" [_thread_blocked, id=15072, stack(0x0000004310400000,0x0000004310500000)]
  0x00000240abe188c0 JavaThread "ForkJoinPool.commonPool-worker-9" daemon [_thread_blocked, id=4168, stack(0x0000004311500000,0x0000004311600000)]
  0x00000240a891e9d0 JavaThread "Daemon Thread 3" [_thread_blocked, id=16532, stack(0x0000004306400000,0x0000004306500000)]
  0x00000240a891e030 JavaThread "Handler for socket connection from /127.0.0.1:54145 to /127.0.0.1:54554" [_thread_in_native, id=3752, stack(0x0000004306500000,0x0000004306600000)]
  0x00000240b32a9970 JavaThread "Cancel handler" [_thread_blocked, id=16660, stack(0x0000004308000000,0x0000004308100000)]
  0x00000240b32a9e40 JavaThread "Daemon worker Thread 3" [_thread_blocked, id=9168, stack(0x0000004308100000,0x0000004308200000)]
  0x00000240ada8e180 JavaThread "Asynchronous log dispatcher for DefaultDaemonConnection: socket connection from /127.0.0.1:54145 to /127.0.0.1:54554" [_thread_blocked, id=15588, stack(0x0000004308200000,0x0000004308300000)]
  0x00000240ada8d310 JavaThread "Stdin handler" [_thread_blocked, id=11532, stack(0x0000004308300000,0x0000004308400000)]
  0x00000240adfac550 JavaThread "Daemon client event forwarder" [_thread_blocked, id=9996, stack(0x0000004308500000,0x0000004308600000)]
  0x00000240adfaca20 JavaThread "Cache worker for checksums cache (C:\Users\amrhi\AndroidStudioProjects\Important Projects\UncleJacks\.gradle\7.5\checksums)" [_thread_blocked, id=11592, stack(0x0000004308600000,0x0000004308700000)]
  0x00000240adfad3c0 JavaThread "Cache worker for cache directory md-rule (C:\Users\amrhi\.gradle\caches\7.5\md-rule)" [_thread_blocked, id=3788, stack(0x0000004308f00000,0x0000004309000000)]
  0x00000240adfaf0a0 JavaThread "Cache worker for file hash cache (C:\Users\amrhi\AndroidStudioProjects\Important Projects\UncleJacks\.gradle\7.5\fileHashes)" [_thread_blocked, id=17932, stack(0x0000004309000000,0x0000004309100000)]
  0x00000240ad844340 JavaThread "Cache worker for cache directory md-supplier (C:\Users\amrhi\.gradle\caches\7.5\md-supplier)" [_thread_blocked, id=5812, stack(0x0000004309300000,0x0000004309400000)]
  0x00000240ad843e70 JavaThread "Cache worker for dependencies-accessors (C:\Users\amrhi\AndroidStudioProjects\Important Projects\UncleJacks\.gradle\7.5\dependencies-accessors)" [_thread_blocked, id=11224, stack(0x0000004309400000,0x0000004309500000)]
  0x00000240ad844810 JavaThread "Cache worker for Build Output Cleanup Cache (C:\Users\amrhi\AndroidStudioProjects\Important Projects\UncleJacks\.gradle\buildOutputCleanup)" [_thread_blocked, id=1240, stack(0x0000004309600000,0x0000004309700000)]
  0x00000240b330d550 JavaThread "Unconstrained build operations" [_thread_blocked, id=4652, stack(0x0000004309900000,0x0000004309a00000)]
  0x00000240b330b870 JavaThread "Unconstrained build operations Thread 2" [_thread_blocked, id=14640, stack(0x0000004309b00000,0x0000004309c00000)]
  0x00000240b330d080 JavaThread "Unconstrained build operations Thread 3" [_thread_blocked, id=6468, stack(0x0000004309c00000,0x0000004309d00000)]
  0x00000240b330c6e0 JavaThread "Unconstrained build operations Thread 4" [_thread_blocked, id=9208, stack(0x0000004309d00000,0x0000004309e00000)]
  0x00000240b330aed0 JavaThread "Unconstrained build operations Thread 5" [_thread_blocked, id=14800, stack(0x0000004309e00000,0x0000004309f00000)]
  0x00000240b3308d20 JavaThread "Unconstrained build operations Thread 6" [_thread_blocked, id=1604, stack(0x0000004309f00000,0x000000430a000000)]
  0x00000240b330a060 JavaThread "Unconstrained build operations Thread 7" [_thread_blocked, id=5412, stack(0x000000430a000000,0x000000430a100000)]
  0x00000240b330b3a0 JavaThread "Unconstrained build operations Thread 8" [_thread_blocked, id=8488, stack(0x000000430a100000,0x000000430a200000)]
  0x00000240b330a530 JavaThread "Unconstrained build operations Thread 9" [_thread_blocked, id=12000, stack(0x000000430a200000,0x000000430a300000)]
  0x00000240b330aa00 JavaThread "Unconstrained build operations Thread 10" [_thread_blocked, id=17780, stack(0x000000430a300000,0x000000430a400000)]
  0x00000240b33096c0 JavaThread "Unconstrained build operations Thread 11" [_thread_blocked, id=12504, stack(0x000000430a400000,0x000000430a500000)]
  0x00000240abe15d70 JavaThread "Unconstrained build operations Thread 12" [_thread_blocked, id=9016, stack(0x000000430a500000,0x000000430a600000)]
  0x00000240abe14f00 JavaThread "Unconstrained build operations Thread 13" [_thread_blocked, id=10056, stack(0x000000430a600000,0x000000430a700000)]
  0x00000240b33066a0 JavaThread "Unconstrained build operations Thread 14" [_thread_blocked, id=5124, stack(0x000000430a700000,0x000000430a800000)]
  0x00000240b330cbb0 JavaThread "Unconstrained build operations Thread 15" [_thread_blocked, id=12344, stack(0x000000430a800000,0x000000430a900000)]
  0x00000240b330da20 JavaThread "Unconstrained build operations Thread 16" [_thread_blocked, id=14724, stack(0x000000430a900000,0x000000430aa00000)]
  0x00000240b33061d0 JavaThread "Unconstrained build operations Thread 17" [_thread_blocked, id=5060, stack(0x000000430aa00000,0x000000430ab00000)]
  0x00000240b3307040 JavaThread "Unconstrained build operations Thread 18" [_thread_blocked, id=10856, stack(0x000000430ab00000,0x000000430ac00000)]
  0x00000240b33079e0 JavaThread "Unconstrained build operations Thread 19" [_thread_blocked, id=1376, stack(0x000000430ac00000,0x000000430ad00000)]
  0x00000240b3308380 JavaThread "Unconstrained build operations Thread 20" [_thread_blocked, id=8788, stack(0x000000430ad00000,0x000000430ae00000)]
  0x00000240b33091f0 JavaThread "Unconstrained build operations Thread 21" [_thread_blocked, id=3884, stack(0x000000430ae00000,0x000000430af00000)]
  0x00000240b3309b90 JavaThread "Unconstrained build operations Thread 22" [_thread_blocked, id=7212, stack(0x000000430af00000,0x000000430b000000)]
  0x00000240ac078ed0 JavaThread "Unconstrained build operations Thread 23" [_thread_blocked, id=15044, stack(0x000000430b000000,0x000000430b100000)]
  0x00000240ac07a6e0 JavaThread "Unconstrained build operations Thread 24" [_thread_blocked, id=11600, stack(0x000000430b100000,0x000000430b200000)]
  0x00000240ac07e0a0 JavaThread "Unconstrained build operations Thread 25" [_thread_blocked, id=10708, stack(0x000000430b200000,0x000000430b300000)]
  0x00000240ac07ba20 JavaThread "Unconstrained build operations Thread 26" [_thread_blocked, id=2188, stack(0x000000430b300000,0x000000430b400000)]
  0x00000240ac07b080 JavaThread "Unconstrained build operations Thread 27" [_thread_blocked, id=12628, stack(0x000000430b400000,0x000000430b500000)]
  0x00000240ac07bef0 JavaThread "Unconstrained build operations Thread 28" [_thread_blocked, id=14864, stack(0x000000430b500000,0x000000430b600000)]
  0x00000240ac07c3c0 JavaThread "Unconstrained build operations Thread 29" [_thread_blocked, id=12868, stack(0x000000430b600000,0x000000430b700000)]
  0x00000240ac07d230 JavaThread "Unconstrained build operations Thread 30" [_thread_blocked, id=9036, stack(0x000000430b700000,0x000000430b800000)]
  0x00000240ac07f8b0 JavaThread "Unconstrained build operations Thread 31" [_thread_blocked, id=4588, stack(0x000000430b800000,0x000000430b900000)]
  0x00000240aba1d550 JavaThread "Unconstrained build operations Thread 32" [_thread_blocked, id=8340, stack(0x000000430b900000,0x000000430ba00000)]
  0x00000240b5ebb590 JavaThread "Unconstrained build operations Thread 33" [_thread_blocked, id=2680, stack(0x000000430ba00000,0x000000430bb00000)]
  0x00000240b5ebbf30 JavaThread "Unconstrained build operations Thread 34" [_thread_blocked, id=3416, stack(0x000000430bb00000,0x000000430bc00000)]
  0x00000240b5eba720 JavaThread "Unconstrained build operations Thread 35" [_thread_blocked, id=680, stack(0x000000430bc00000,0x000000430bd00000)]
  0x00000240b5ebabf0 JavaThread "Unconstrained build operations Thread 36" [_thread_blocked, id=10684, stack(0x000000430bd00000,0x000000430be00000)]
  0x00000240b5ebb0c0 JavaThread "Unconstrained build operations Thread 37" [_thread_blocked, id=9880, stack(0x000000430be00000,0x000000430bf00000)]
  0x00000240b3703e80 JavaThread "Unconstrained build operations Thread 38" [_thread_blocked, id=8176, stack(0x000000430bf00000,0x000000430c000000)]
  0x00000240b37039b0 JavaThread "Unconstrained build operations Thread 39" [_thread_blocked, id=17624, stack(0x000000430c000000,0x000000430c100000)]
  0x00000240b3704350 JavaThread "Unconstrained build operations Thread 40" [_thread_blocked, id=12360, stack(0x000000430c100000,0x000000430c200000)]
  0x00000240aba1c6e0 JavaThread "Unconstrained build operations Thread 41" [_thread_blocked, id=4340, stack(0x000000430c200000,0x000000430c300000)]
  0x00000240aba1bd40 JavaThread "Unconstrained build operations Thread 42" [_thread_blocked, id=5064, stack(0x000000430c300000,0x000000430c400000)]
  0x00000240abe16240 JavaThread "Unconstrained build operations Thread 43" [_thread_blocked, id=4236, stack(0x000000430c400000,0x000000430c500000)]
  0x00000240abe17a50 JavaThread "Unconstrained build operations Thread 44" [_thread_blocked, id=4964, stack(0x000000430c500000,0x000000430c600000)]
  0x00000240aba1cbb0 JavaThread "Unconstrained build operations Thread 45" [_thread_blocked, id=9920, stack(0x000000430c600000,0x000000430c700000)]
  0x00000240aba1da20 JavaThread "Unconstrained build operations Thread 46" [_thread_blocked, id=2392, stack(0x000000430c700000,0x000000430c800000)]
  0x00000240aba1d080 JavaThread "Unconstrained build operations Thread 47" [_thread_blocked, id=12460, stack(0x000000430c800000,0x000000430c900000)]
  0x00000240aba1a060 JavaThread "Unconstrained build operations Thread 48" [_thread_blocked, id=9248, stack(0x000000430c900000,0x000000430ca00000)]
  0x00000240aba1c210 JavaThread "Unconstrained build operations Thread 49" [_thread_blocked, id=14840, stack(0x000000430ca00000,0x000000430cb00000)]
  0x00000240aba1a530 JavaThread "Unconstrained build operations Thread 50" [_thread_blocked, id=14080, stack(0x000000430cb00000,0x000000430cc00000)]
  0x00000240aba1aa00 JavaThread "Unconstrained build operations Thread 51" [_thread_blocked, id=17804, stack(0x000000430cc00000,0x000000430cd00000)]
  0x00000240aba1aed0 JavaThread "Unconstrained build operations Thread 52" [_thread_blocked, id=224, stack(0x000000430cd00000,0x000000430ce00000)]
  0x00000240aba1b3a0 JavaThread "Unconstrained build operations Thread 53" [_thread_blocked, id=3144, stack(0x000000430ce00000,0x000000430cf00000)]
  0x00000240aba1b870 JavaThread "Unconstrained build operations Thread 54" [_thread_blocked, id=8684, stack(0x000000430cf00000,0x000000430d000000)]
  0x00000240ad5e4510 JavaThread "Unconstrained build operations Thread 55" [_thread_blocked, id=10784, stack(0x000000430d000000,0x000000430d100000)]
  0x00000240ad5e66c0 JavaThread "Unconstrained build operations Thread 56" [_thread_blocked, id=6084, stack(0x000000430d100000,0x000000430d200000)]
  0x00000240ad5e4040 JavaThread "Unconstrained build operations Thread 57" [_thread_blocked, id=2752, stack(0x000000430d200000,0x000000430d300000)]
  0x00000240ad5e5850 JavaThread "Unconstrained build operations Thread 58" [_thread_blocked, id=3172, stack(0x000000430d300000,0x000000430d400000)]
  0x00000240ad5e49e0 JavaThread "Unconstrained build operations Thread 59" [_thread_blocked, id=8364, stack(0x000000430d400000,0x000000430d500000)]
  0x00000240ad5e7060 JavaThread "Unconstrained build operations Thread 60" [_thread_blocked, id=11960, stack(0x000000430d500000,0x000000430d600000)]
  0x00000240ad5e6b90 JavaThread "Unconstrained build operations Thread 61" [_thread_blocked, id=16940, stack(0x000000430d600000,0x000000430d700000)]
  0x00000240ad5e7530 JavaThread "Unconstrained build operations Thread 62" [_thread_blocked, id=9180, stack(0x000000430d700000,0x000000430d800000)]
  0x00000240ac07c890 JavaThread "Unconstrained build operations Thread 63" [_thread_blocked, id=16000, stack(0x000000430d800000,0x000000430d900000)]
  0x00000240a9908460 JavaThread "Unconstrained build operations Thread 64" [_thread_blocked, id=13892, stack(0x000000430d900000,0x000000430da00000)]
  0x00000240ada8dcb0 JavaThread "Unconstrained build operations Thread 65" [_thread_blocked, id=7824, stack(0x000000430da00000,0x000000430db00000)]
  0x00000240ad9d5d60 JavaThread "Unconstrained build operations Thread 66" [_thread_blocked, id=18176, stack(0x000000430db00000,0x000000430dc00000)]
  0x00000240ad9d70a0 JavaThread "Unconstrained build operations Thread 67" [_thread_blocked, id=1232, stack(0x000000430dc00000,0x000000430dd00000)]
  0x00000240ad9d7570 JavaThread "Unconstrained build operations Thread 68" [_thread_blocked, id=11520, stack(0x000000430dd00000,0x000000430de00000)]
  0x00000240ad9d5890 JavaThread "Unconstrained build operations Thread 69" [_thread_blocked, id=16184, stack(0x000000430de00000,0x000000430df00000)]
  0x00000240ad9d6230 JavaThread "Unconstrained build operations Thread 70" [_thread_blocked, id=13568, stack(0x000000430df00000,0x000000430e000000)]
  0x00000240ad9d6bd0 JavaThread "Unconstrained build operations Thread 71" [_thread_blocked, id=2968, stack(0x000000430e000000,0x000000430e100000)]
  0x00000240ad9d7a40 JavaThread "Unconstrained build operations Thread 72" [_thread_blocked, id=4160, stack(0x000000430e100000,0x000000430e200000)]
  0x00000240aa761f20 JavaThread "Unconstrained build operations Thread 73" [_thread_blocked, id=1648, stack(0x000000430e200000,0x000000430e300000)]
  0x00000240aa7628c0 JavaThread "Unconstrained build operations Thread 74" [_thread_blocked, id=11456, stack(0x000000430e300000,0x000000430e400000)]
  0x00000240aa7623f0 JavaThread "Unconstrained build operations Thread 75" [_thread_blocked, id=15472, stack(0x000000430e400000,0x000000430e500000)]
  0x00000240aa762d90 JavaThread "Unconstrained build operations Thread 76" [_thread_blocked, id=2408, stack(0x000000430e500000,0x000000430e600000)]
  0x00000240aa763730 JavaThread "Unconstrained build operations Thread 77" [_thread_blocked, id=2700, stack(0x000000430e600000,0x000000430e700000)]
  0x00000240aa7640d0 JavaThread "Unconstrained build operations Thread 78" [_thread_blocked, id=10864, stack(0x000000430e700000,0x000000430e800000)]
  0x00000240aa763260 JavaThread "Unconstrained build operations Thread 79" [_thread_blocked, id=4644, stack(0x000000430e800000,0x000000430e900000)]
  0x00000240aa7645a0 JavaThread "Unconstrained build operations Thread 80" [_thread_blocked, id=9212, stack(0x000000430e900000,0x000000430ea00000)]
  0x00000240adfad890 JavaThread "build event listener" [_thread_blocked, id=3560, stack(0x000000430ea00000,0x000000430eb00000)]
  0x00000240adfae230 JavaThread "build event listener" [_thread_blocked, id=9340, stack(0x000000430f100000,0x000000430f200000)]
  0x00000240abe170b0 JavaThread "pool-11-thread-1" [_thread_blocked, id=9764, stack(0x000000430f300000,0x000000430f400000)]
  0x00000240abe17f20 JavaThread "build event listener" [_thread_blocked, id=16960, stack(0x000000430f500000,0x000000430f600000)]
  0x00000240abe16710 JavaThread "included builds" [_thread_blocked, id=9640, stack(0x000000430f600000,0x000000430f700000)]
  0x00000240aa763c00 JavaThread "Execution worker" [_thread_blocked, id=1320, stack(0x000000430f700000,0x000000430f800000)]
  0x00000240aa764a70 JavaThread "Execution worker Thread 2" [_thread_blocked, id=1708, stack(0x000000430f800000,0x000000430f900000)]
  0x00000240aa7610b0 JavaThread "Execution worker Thread 3" [_thread_blocked, id=14272, stack(0x000000430f900000,0x000000430fa00000)]
  0x00000240aa761580 JavaThread "Execution worker Thread 4" [_thread_blocked, id=4960, stack(0x000000430fa00000,0x000000430fb00000)]
  0x00000240aa761a50 JavaThread "Execution worker Thread 5" [_thread_blocked, id=1628, stack(0x000000430fb00000,0x000000430fc00000)]
  0x00000240ade13110 JavaThread "Execution worker Thread 6" [_thread_blocked, id=3852, stack(0x000000430fc00000,0x000000430fd00000)]
  0x00000240ade135e0 JavaThread "Execution worker Thread 7" [_thread_blocked, id=13140, stack(0x000000430fd00000,0x000000430fe00000)]
  0x00000240b3706030 JavaThread "Cache worker for execution history cache (C:\Users\amrhi\AndroidStudioProjects\Important Projects\UncleJacks\.gradle\7.5\executionHistory)" [_thread_blocked, id=15996, stack(0x0000004310200000,0x0000004310300000)]
  0x00000240ade122a0 JavaThread "WorkerExecutor Queue" [_thread_blocked, id=2588, stack(0x0000004310500000,0x0000004310600000)]
  0x00000240b32aa310 JavaThread "RMI TCP Connection(3)-127.0.0.1" daemon [_thread_in_native, id=3212, stack(0x0000004310700000,0x0000004310800000)]
  0x00000240b32a8fd0 JavaThread "RMI TCP Connection(idle)" daemon [_thread_blocked, id=10916, stack(0x0000004310800000,0x0000004310900000)]
  0x00000240b3704820 JavaThread "WorkerExecutor Queue Thread 2" [_thread_blocked, id=3136, stack(0x0000004310a00000,0x0000004310b00000)]
  0x00000240abe183f0 JavaThread "RMI TCP Connection(5)-127.0.0.1" daemon [_thread_in_native, id=8996, stack(0x0000004310c00000,0x0000004310d00000)]
  0x00000240b3704cf0 JavaThread "Cache worker for Java compile cache (C:\Users\amrhi\.gradle\caches\7.5\javaCompile)" [_thread_blocked, id=10344, stack(0x0000004310900000,0x0000004310a00000)]
  0x00000240ad5e5380 JavaThread "Build operations" [_thread_blocked, id=6116, stack(0x0000004310e00000,0x0000004310f00000)]
  0x00000240b3705b60 JavaThread "Build operations Thread 2" [_thread_blocked, id=4056, stack(0x0000004310f00000,0x0000004311000000)]
  0x00000240b3703010 JavaThread "Build operations Thread 3" [_thread_blocked, id=7148, stack(0x0000004311300000,0x0000004311400000)]
  0x00000240b37051c0 JavaThread "Build operations Thread 4" [_thread_blocked, id=1140, stack(0x0000004311400000,0x0000004311500000)]
  0x00000240b3705690 JavaThread "Build operations Thread 5" [_thread_blocked, id=11536, stack(0x0000004311600000,0x0000004311700000)]
  0x00000240b3702670 JavaThread "Build operations Thread 6" [_thread_blocked, id=9908, stack(0x0000004311700000,0x0000004311800000)]
  0x00000240b3702b40 JavaThread "Build operations Thread 7" [_thread_blocked, id=9440, stack(0x0000004311800000,0x0000004311900000)]
  0x00000240b37034e0 JavaThread "Build operations Thread 8" [_thread_blocked, id=13848, stack(0x0000004311900000,0x0000004311a00000)]

Other Threads:
=>0x0000024085c88270 VMThread "VM Thread" [stack: 0x0000004306c00000,0x0000004306d00000] [id=10872]
  0x00000240a84c21f0 WatcherThread "VM Periodic Task Thread" [stack: 0x0000004307800000,0x0000004307900000] [id=5736]
  0x0000024085c67690 WorkerThread "GC Thread#0" [stack: 0x0000004306700000,0x0000004306800000] [id=5140]
  0x00000240a8f773f0 WorkerThread "GC Thread#1" [stack: 0x0000004307a00000,0x0000004307b00000] [id=9204]
  0x00000240a8fb0c70 WorkerThread "GC Thread#2" [stack: 0x0000004307b00000,0x0000004307c00000] [id=17892]
  0x00000240a9119e20 WorkerThread "GC Thread#3" [stack: 0x0000004307c00000,0x0000004307d00000] [id=7716]
  0x00000240a9700b50 WorkerThread "GC Thread#4" [stack: 0x0000004307900000,0x0000004307a00000] [id=17968]
  0x00000240a97766f0 WorkerThread "GC Thread#5" [stack: 0x0000004308a00000,0x0000004308b00000] [id=13912]
  0x00000240aa4d28e0 WorkerThread "GC Thread#6" [stack: 0x0000004308b00000,0x0000004308c00000] [id=16824]
  0x00000240aa4d2b80 WorkerThread "GC Thread#7" [stack: 0x0000004308c00000,0x0000004308d00000] [id=13452]
  0x0000024085c785c0 ConcurrentGCThread "G1 Main Marker" [stack: 0x0000004306800000,0x0000004306900000] [id=5404]
  0x0000024085c79750 WorkerThread "G1 Conc#0" [stack: 0x0000004306900000,0x0000004306a00000] [id=768]
  0x00000240aa62b4a0 WorkerThread "G1 Conc#1" [stack: 0x0000004309200000,0x0000004309300000] [id=16432]
  0x00000240a3f6a0c0 ConcurrentGCThread "G1 Refine#0" [stack: 0x0000004306a00000,0x0000004306b00000] [id=14020]
  0x00000240adee9740 ConcurrentGCThread "G1 Refine#1" [stack: 0x000000430ff00000,0x0000004310000000] [id=3564]
  0x00000240adeeccb0 ConcurrentGCThread "G1 Refine#2" [stack: 0x0000004310000000,0x0000004310100000] [id=9008]
  0x00000240adee9fb0 ConcurrentGCThread "G1 Refine#3" [stack: 0x0000004310100000,0x0000004310200000] [id=8836]
  0x00000240a3f6a9d0 ConcurrentGCThread "G1 Service" [stack: 0x0000004306b00000,0x0000004306c00000] [id=7932]

Threads with active compile tasks:

VM state: at safepoint (normal execution)

VM Mutex/Monitor currently owned by a thread:  ([mutex/lock_event])
[0x0000024085c03870] Threads_lock - owner thread: 0x0000024085c88270
[0x0000024085c03240] Heap_lock - owner thread: 0x00000240ade135e0

Heap address: 0x0000000080000000, size: 2048 MB, Compressed Oops mode: 32-bit

CDS archive(s) mapped at: [0x0000000800000000-0x0000000800ba0000-0x0000000800ba0000), size 12189696, SharedBaseAddress: 0x0000000800000000, ArchiveRelocationMode: 0.
Compressed class space mapped at: 0x0000000800c00000-0x0000000840c00000, reserved size: 1073741824
Narrow klass base: 0x0000000800000000, Narrow klass shift: 0, Narrow klass range: 0x100000000

GC Precious Log:
 CardTable entry size: 512
 Card Set container configuration: InlinePtr #cards 5 size 8 Array Of Cards #cards 12 size 40 Howl #buckets 4 coarsen threshold 1843 Howl Bitmap #cards 512 size 80 coarsen threshold 460 Card regions per heap region 1 cards per card region 2048
 CPUs: 8 total, 8 available
 Memory: 7886M
 Large Page Support: Disabled
 NUMA Support: Disabled
 Compressed Oops: Enabled (32-bit)
 Heap Region Size: 1M
 Heap Min Capacity: 8M
 Heap Initial Capacity: 124M
 Heap Max Capacity: 2G
 Pre-touch: Disabled
 Parallel Workers: 8
 Concurrent Workers: 2
 Concurrent Refinement Workers: 8
 Periodic GC: Disabled

Heap:
 garbage-first heap   total 593920K, used 202676K [0x0000000080000000, 0x0000000100000000)
  region size 1024K, 12 young (12288K), 12 survivors (12288K)
 Metaspace       used 130096K, committed 132224K, reserved 1179648K
  class space    used 17526K, committed 18624K, reserved 1048576K

Heap Regions: E=young(eden), S=young(survivor), O=old, HS=humongous(starts), HC=humongous(continues), CS=collection set, F=free, OA=open archive, CA=closed archive, TAMS=top-at-mark-start (previous, next)
|   0|0x0000000080000000, 0x0000000080100000, 0x0000000080100000|100%| O|  |TAMS 0x0000000080100000, 0x0000000080100000| Untracked 
|   1|0x0000000080100000, 0x0000000080200000, 0x0000000080200000|100%| O|  |TAMS 0x0000000080200000, 0x0000000080200000| Untracked 
|   2|0x0000000080200000, 0x0000000080300000, 0x0000000080300000|100%| O|  |TAMS 0x0000000080300000, 0x0000000080300000| Untracked 
|   3|0x0000000080300000, 0x0000000080400000, 0x0000000080400000|100%|HS|  |TAMS 0x0000000080400000, 0x0000000080400000| Complete 
|   4|0x0000000080400000, 0x0000000080500000, 0x0000000080500000|100%|HC|  |TAMS 0x0000000080500000, 0x0000000080500000| Complete 
|   5|0x0000000080500000, 0x0000000080600000, 0x0000000080600000|100%|HC|  |TAMS 0x0000000080600000, 0x0000000080600000| Complete 
|   6|0x0000000080600000, 0x0000000080700000, 0x0000000080700000|100%| O|  |TAMS 0x0000000080700000, 0x0000000080700000| Untracked 
|   7|0x0000000080700000, 0x0000000080800000, 0x0000000080800000|100%| O|  |TAMS 0x0000000080800000, 0x0000000080800000| Untracked 
|   8|0x0000000080800000, 0x0000000080900000, 0x0000000080900000|100%| O|  |TAMS 0x0000000080900000, 0x0000000080900000| Untracked 
|   9|0x0000000080900000, 0x0000000080a00000, 0x0000000080a00000|100%| O|  |TAMS 0x0000000080a00000, 0x0000000080a00000| Untracked 
|  10|0x0000000080a00000, 0x0000000080b00000, 0x0000000080b00000|100%| O|  |TAMS 0x0000000080b00000, 0x0000000080b00000| Untracked 
|  11|0x0000000080b00000, 0x0000000080c00000, 0x0000000080c00000|100%| O|  |TAMS 0x0000000080c00000, 0x0000000080c00000| Untracked 
|  12|0x0000000080c00000, 0x0000000080d00000, 0x0000000080d00000|100%| O|  |TAMS 0x0000000080d00000, 0x0000000080d00000| Untracked 
|  13|0x0000000080d00000, 0x0000000080e00000, 0x0000000080e00000|100%| O|  |TAMS 0x0000000080e00000, 0x0000000080e00000| Untracked 
|  14|0x0000000080e00000, 0x0000000080f00000, 0x0000000080f00000|100%| O|  |TAMS 0x0000000080f00000, 0x0000000080f00000| Untracked 
|  15|0x0000000080f00000, 0x0000000081000000, 0x0000000081000000|100%| O|  |TAMS 0x0000000081000000, 0x0000000081000000| Untracked 
|  16|0x0000000081000000, 0x0000000081100000, 0x0000000081100000|100%| O|  |TAMS 0x0000000081100000, 0x0000000081100000| Untracked 
|  17|0x0000000081100000, 0x0000000081200000, 0x0000000081200000|100%| O|  |TAMS 0x0000000081200000, 0x0000000081200000| Untracked 
|  18|0x0000000081200000, 0x0000000081300000, 0x0000000081300000|100%| O|  |TAMS 0x0000000081300000, 0x0000000081300000| Untracked 
|  19|0x0000000081300000, 0x0000000081400000, 0x0000000081400000|100%| O|  |TAMS 0x0000000081400000, 0x0000000081400000| Untracked 
|  20|0x0000000081400000, 0x0000000081500000, 0x0000000081500000|100%| O|  |TAMS 0x0000000081500000, 0x0000000081500000| Untracked 
|  21|0x0000000081500000, 0x0000000081600000, 0x0000000081600000|100%| O|  |TAMS 0x0000000081600000, 0x0000000081600000| Untracked 
|  22|0x0000000081600000, 0x0000000081700000, 0x0000000081700000|100%| O|  |TAMS 0x0000000081700000, 0x0000000081700000| Untracked 
|  23|0x0000000081700000, 0x0000000081800000, 0x0000000081800000|100%| O|  |TAMS 0x0000000081800000, 0x0000000081800000| Untracked 
|  24|0x0000000081800000, 0x0000000081900000, 0x0000000081900000|100%| O|  |TAMS 0x0000000081900000, 0x0000000081900000| Untracked 
|  25|0x0000000081900000, 0x0000000081a00000, 0x0000000081a00000|100%| O|  |TAMS 0x0000000081a00000, 0x0000000081a00000| Untracked 
|  26|0x0000000081a00000, 0x0000000081b00000, 0x0000000081b00000|100%| O|  |TAMS 0x0000000081b00000, 0x0000000081b00000| Untracked 
|  27|0x0000000081b00000, 0x0000000081c00000, 0x0000000081c00000|100%| O|  |TAMS 0x0000000081c00000, 0x0000000081c00000| Untracked 
|  28|0x0000000081c00000, 0x0000000081d00000, 0x0000000081d00000|100%| O|  |TAMS 0x0000000081d00000, 0x0000000081d00000| Untracked 
|  29|0x0000000081d00000, 0x0000000081e00000, 0x0000000081e00000|100%| O|  |TAMS 0x0000000081e00000, 0x0000000081e00000| Untracked 
|  30|0x0000000081e00000, 0x0000000081f00000, 0x0000000081f00000|100%| O|  |TAMS 0x0000000081f00000, 0x0000000081f00000| Untracked 
|  31|0x0000000081f00000, 0x0000000082000000, 0x0000000082000000|100%| O|  |TAMS 0x0000000082000000, 0x0000000082000000| Untracked 
|  32|0x0000000082000000, 0x0000000082100000, 0x0000000082100000|100%| O|  |TAMS 0x0000000082100000, 0x0000000082100000| Untracked 
|  33|0x0000000082100000, 0x0000000082200000, 0x0000000082200000|100%| O|  |TAMS 0x0000000082200000, 0x0000000082200000| Untracked 
|  34|0x0000000082200000, 0x0000000082300000, 0x0000000082300000|100%| O|  |TAMS 0x0000000082300000, 0x0000000082300000| Untracked 
|  35|0x0000000082300000, 0x0000000082400000, 0x0000000082400000|100%| O|  |TAMS 0x0000000082300000, 0x0000000082400000| Untracked 
|  36|0x0000000082400000, 0x0000000082500000, 0x0000000082500000|100%| O|  |TAMS 0x0000000082500000, 0x0000000082500000| Untracked 
|  37|0x0000000082500000, 0x0000000082500000, 0x0000000082600000|  0%| F|  |TAMS 0x0000000082500000, 0x0000000082500000| Untracked 
|  38|0x0000000082600000, 0x0000000082700000, 0x0000000082700000|100%| O|  |TAMS 0x0000000082700000, 0x0000000082700000| Untracked 
|  39|0x0000000082700000, 0x0000000082800000, 0x0000000082800000|100%| O|  |TAMS 0x0000000082800000, 0x0000000082800000| Untracked 
|  40|0x0000000082800000, 0x0000000082900000, 0x0000000082900000|100%|HS|  |TAMS 0x0000000082900000, 0x0000000082900000| Complete 
|  41|0x0000000082900000, 0x0000000082a00000, 0x0000000082a00000|100%|HC|  |TAMS 0x0000000082a00000, 0x0000000082a00000| Complete 
|  42|0x0000000082a00000, 0x0000000082b00000, 0x0000000082b00000|100%|HS|  |TAMS 0x0000000082b00000, 0x0000000082b00000| Complete 
|  43|0x0000000082b00000, 0x0000000082c00000, 0x0000000082c00000|100%|HS|  |TAMS 0x0000000082c00000, 0x0000000082c00000| Complete 
|  44|0x0000000082c00000, 0x0000000082d00000, 0x0000000082d00000|100%|HS|  |TAMS 0x0000000082d00000, 0x0000000082d00000| Complete 
|  45|0x0000000082d00000, 0x0000000082e00000, 0x0000000082e00000|100%|HC|  |TAMS 0x0000000082e00000, 0x0000000082e00000| Complete 
|  46|0x0000000082e00000, 0x0000000082f00000, 0x0000000082f00000|100%|HC|  |TAMS 0x0000000082f00000, 0x0000000082f00000| Complete 
|  47|0x0000000082f00000, 0x0000000083000000, 0x0000000083000000|100%| O|  |TAMS 0x0000000083000000, 0x0000000083000000| Untracked 
|  48|0x0000000083000000, 0x0000000083000000, 0x0000000083100000|  0%| F|  |TAMS 0x0000000083000000, 0x0000000083000000| Untracked 
|  49|0x0000000083100000, 0x0000000083200000, 0x0000000083200000|100%| O|  |TAMS 0x0000000083200000, 0x0000000083200000| Untracked 
|  50|0x0000000083200000, 0x0000000083300000, 0x0000000083300000|100%| O|  |TAMS 0x0000000083300000, 0x0000000083300000| Untracked 
|  51|0x0000000083300000, 0x0000000083300000, 0x0000000083400000|  0%| F|  |TAMS 0x0000000083300000, 0x0000000083300000| Untracked 
|  52|0x0000000083400000, 0x0000000083500000, 0x0000000083500000|100%| O|  |TAMS 0x0000000083500000, 0x0000000083500000| Untracked 
|  53|0x0000000083500000, 0x0000000083600000, 0x0000000083600000|100%| O|  |TAMS 0x0000000083600000, 0x0000000083600000| Untracked 
|  54|0x0000000083600000, 0x0000000083700000, 0x0000000083700000|100%| O|  |TAMS 0x0000000083700000, 0x0000000083700000| Untracked 
|  55|0x0000000083700000, 0x0000000083800000, 0x0000000083800000|100%| O|  |TAMS 0x0000000083800000, 0x0000000083800000| Untracked 
|  56|0x0000000083800000, 0x0000000083900000, 0x0000000083900000|100%| O|  |TAMS 0x0000000083900000, 0x0000000083900000| Untracked 
|  57|0x0000000083900000, 0x0000000083a00000, 0x0000000083a00000|100%| O|  |TAMS 0x0000000083a00000, 0x0000000083a00000| Untracked 
|  58|0x0000000083a00000, 0x0000000083b00000, 0x0000000083b00000|100%| O|  |TAMS 0x0000000083b00000, 0x0000000083b00000| Untracked 
|  59|0x0000000083b00000, 0x0000000083c00000, 0x0000000083c00000|100%| O|  |TAMS 0x0000000083c00000, 0x0000000083c00000| Untracked 
|  60|0x0000000083c00000, 0x0000000083d00000, 0x0000000083d00000|100%| O|  |TAMS 0x0000000083d00000, 0x0000000083d00000| Untracked 
|  61|0x0000000083d00000, 0x0000000083e00000, 0x0000000083e00000|100%| O|  |TAMS 0x0000000083e00000, 0x0000000083e00000| Untracked 
|  62|0x0000000083e00000, 0x0000000083f00000, 0x0000000083f00000|100%| O|  |TAMS 0x0000000083f00000, 0x0000000083f00000| Untracked 
|  63|0x0000000083f00000, 0x0000000084000000, 0x0000000084000000|100%| O|  |TAMS 0x0000000084000000, 0x0000000084000000| Untracked 
|  64|0x0000000084000000, 0x0000000084100000, 0x0000000084100000|100%| O|  |TAMS 0x0000000084100000, 0x0000000084100000| Untracked 
|  65|0x0000000084100000, 0x0000000084200000, 0x0000000084200000|100%| O|  |TAMS 0x0000000084200000, 0x0000000084200000| Untracked 
|  66|0x0000000084200000, 0x0000000084300000, 0x0000000084300000|100%| O|  |TAMS 0x0000000084300000, 0x0000000084300000| Untracked 
|  67|0x0000000084300000, 0x0000000084400000, 0x0000000084400000|100%| O|  |TAMS 0x0000000084400000, 0x0000000084400000| Untracked 
|  68|0x0000000084400000, 0x0000000084500000, 0x0000000084500000|100%| O|  |TAMS 0x0000000084500000, 0x0000000084500000| Untracked 
|  69|0x0000000084500000, 0x0000000084600000, 0x0000000084600000|100%| O|  |TAMS 0x0000000084600000, 0x0000000084600000| Untracked 
|  70|0x0000000084600000, 0x0000000084700000, 0x0000000084700000|100%| O|  |TAMS 0x0000000084700000, 0x0000000084700000| Untracked 
|  71|0x0000000084700000, 0x0000000084800000, 0x0000000084800000|100%| O|  |TAMS 0x0000000084800000, 0x0000000084800000| Untracked 
|  72|0x0000000084800000, 0x0000000084900000, 0x0000000084900000|100%| O|  |TAMS 0x0000000084900000, 0x0000000084900000| Untracked 
|  73|0x0000000084900000, 0x0000000084a00000, 0x0000000084a00000|100%| O|  |TAMS 0x0000000084a00000, 0x0000000084a00000| Untracked 
|  74|0x0000000084a00000, 0x0000000084b00000, 0x0000000084b00000|100%| O|  |TAMS 0x0000000084b00000, 0x0000000084b00000| Untracked 
|  75|0x0000000084b00000, 0x0000000084c00000, 0x0000000084c00000|100%| O|  |TAMS 0x0000000084c00000, 0x0000000084c00000| Untracked 
|  76|0x0000000084c00000, 0x0000000084d00000, 0x0000000084d00000|100%| O|  |TAMS 0x0000000084d00000, 0x0000000084d00000| Untracked 
|  77|0x0000000084d00000, 0x0000000084e00000, 0x0000000084e00000|100%| O|  |TAMS 0x0000000084e00000, 0x0000000084e00000| Untracked 
|  78|0x0000000084e00000, 0x0000000084f00000, 0x0000000084f00000|100%| O|  |TAMS 0x0000000084f00000, 0x0000000084f00000| Untracked 
|  79|0x0000000084f00000, 0x0000000085000000, 0x0000000085000000|100%| O|  |TAMS 0x0000000085000000, 0x0000000085000000| Untracked 
|  80|0x0000000085000000, 0x0000000085100000, 0x0000000085100000|100%| O|  |TAMS 0x0000000085100000, 0x0000000085100000| Untracked 
|  81|0x0000000085100000, 0x0000000085200000, 0x0000000085200000|100%| O|  |TAMS 0x0000000085200000, 0x0000000085200000| Untracked 
|  82|0x0000000085200000, 0x0000000085300000, 0x0000000085300000|100%| O|  |TAMS 0x0000000085300000, 0x0000000085300000| Untracked 
|  83|0x0000000085300000, 0x0000000085300000, 0x0000000085400000|  0%| F|  |TAMS 0x0000000085300000, 0x0000000085300000| Untracked 
|  84|0x0000000085400000, 0x0000000085400000, 0x0000000085500000|  0%| F|  |TAMS 0x0000000085400000, 0x0000000085400000| Untracked 
|  85|0x0000000085500000, 0x0000000085600000, 0x0000000085600000|100%| O|  |TAMS 0x0000000085600000, 0x0000000085600000| Untracked 
|  86|0x0000000085600000, 0x0000000085700000, 0x0000000085700000|100%| O|  |TAMS 0x0000000085700000, 0x0000000085700000| Untracked 
|  87|0x0000000085700000, 0x0000000085700000, 0x0000000085800000|  0%| F|  |TAMS 0x0000000085700000, 0x0000000085700000| Untracked 
|  88|0x0000000085800000, 0x0000000085800000, 0x0000000085900000|  0%| F|  |TAMS 0x0000000085800000, 0x0000000085800000| Untracked 
|  89|0x0000000085900000, 0x0000000085a00000, 0x0000000085a00000|100%| O|  |TAMS 0x0000000085a00000, 0x0000000085a00000| Untracked 
|  90|0x0000000085a00000, 0x0000000085b00000, 0x0000000085b00000|100%| O|  |TAMS 0x0000000085a00000, 0x0000000085b00000| Untracked 
|  91|0x0000000085b00000, 0x0000000085c00000, 0x0000000085c00000|100%| O|  |TAMS 0x0000000085b00000, 0x0000000085c00000| Untracked 
|  92|0x0000000085c00000, 0x0000000085d00000, 0x0000000085d00000|100%| O|  |TAMS 0x0000000085c00000, 0x0000000085d00000| Untracked 
|  93|0x0000000085d00000, 0x0000000085e00000, 0x0000000085e00000|100%| O|  |TAMS 0x0000000085e00000, 0x0000000085e00000| Untracked 
|  94|0x0000000085e00000, 0x0000000085f00000, 0x0000000085f00000|100%| O|  |TAMS 0x0000000085f00000, 0x0000000085f00000| Untracked 
|  95|0x0000000085f00000, 0x0000000085f00000, 0x0000000086000000|  0%| F|  |TAMS 0x0000000085f00000, 0x0000000085f00000| Untracked 
|  96|0x0000000086000000, 0x0000000086100000, 0x0000000086100000|100%| O|  |TAMS 0x0000000086100000, 0x0000000086100000| Untracked 
|  97|0x0000000086100000, 0x0000000086200000, 0x0000000086200000|100%| O|  |TAMS 0x0000000086200000, 0x0000000086200000| Untracked 
|  98|0x0000000086200000, 0x0000000086300000, 0x0000000086300000|100%| O|  |TAMS 0x0000000086300000, 0x0000000086300000| Untracked 
|  99|0x0000000086300000, 0x0000000086400000, 0x0000000086400000|100%| O|  |TAMS 0x0000000086300000, 0x0000000086400000| Untracked 
| 100|0x0000000086400000, 0x0000000086500000, 0x0000000086500000|100%| O|  |TAMS 0x0000000086400000, 0x0000000086500000| Untracked 
| 101|0x0000000086500000, 0x0000000086600000, 0x0000000086600000|100%| O|  |TAMS 0x0000000086600000, 0x0000000086600000| Untracked 
| 102|0x0000000086600000, 0x0000000086700000, 0x0000000086700000|100%| O|  |TAMS 0x0000000086700000, 0x0000000086700000| Untracked 
| 103|0x0000000086700000, 0x0000000086800000, 0x0000000086800000|100%| O|  |TAMS 0x0000000086800000, 0x0000000086800000| Untracked 
| 104|0x0000000086800000, 0x0000000086900000, 0x0000000086900000|100%| O|  |TAMS 0x0000000086900000, 0x0000000086900000| Untracked 
| 105|0x0000000086900000, 0x0000000086a00000, 0x0000000086a00000|100%| O|  |TAMS 0x0000000086a00000, 0x0000000086a00000| Untracked 
| 106|0x0000000086a00000, 0x0000000086b00000, 0x0000000086b00000|100%| O|  |TAMS 0x0000000086b00000, 0x0000000086b00000| Untracked 
| 107|0x0000000086b00000, 0x0000000086c00000, 0x0000000086c00000|100%| O|  |TAMS 0x0000000086c00000, 0x0000000086c00000| Untracked 
| 108|0x0000000086c00000, 0x0000000086d00000, 0x0000000086d00000|100%| O|  |TAMS 0x0000000086d00000, 0x0000000086d00000| Untracked 
| 109|0x0000000086d00000, 0x0000000086e00000, 0x0000000086e00000|100%| O|  |TAMS 0x0000000086e00000, 0x0000000086e00000| Untracked 
| 110|0x0000000086e00000, 0x0000000086f00000, 0x0000000086f00000|100%| O|  |TAMS 0x0000000086f00000, 0x0000000086f00000| Untracked 
| 111|0x0000000086f00000, 0x0000000087000000, 0x0000000087000000|100%| O|  |TAMS 0x0000000087000000, 0x0000000087000000| Untracked 
| 112|0x0000000087000000, 0x0000000087100000, 0x0000000087100000|100%| O|  |TAMS 0x0000000087100000, 0x0000000087100000| Untracked 
| 113|0x0000000087100000, 0x0000000087200000, 0x0000000087200000|100%| O|  |TAMS 0x0000000087100000, 0x0000000087200000| Untracked 
| 114|0x0000000087200000, 0x0000000087300000, 0x0000000087300000|100%| O|  |TAMS 0x0000000087200000, 0x0000000087300000| Untracked 
| 115|0x0000000087300000, 0x0000000087300000, 0x0000000087400000|  0%| F|  |TAMS 0x0000000087300000, 0x0000000087300000| Untracked 
| 116|0x0000000087400000, 0x0000000087500000, 0x0000000087500000|100%| O|  |TAMS 0x0000000087500000, 0x0000000087500000| Untracked 
| 117|0x0000000087500000, 0x0000000087600000, 0x0000000087600000|100%| O|  |TAMS 0x0000000087600000, 0x0000000087600000| Untracked 
| 118|0x0000000087600000, 0x0000000087700000, 0x0000000087700000|100%| O|  |TAMS 0x0000000087700000, 0x0000000087700000| Untracked 
| 119|0x0000000087700000, 0x0000000087800000, 0x0000000087800000|100%| O|  |TAMS 0x0000000087800000, 0x0000000087800000| Untracked 
| 120|0x0000000087800000, 0x0000000087900000, 0x0000000087900000|100%| O|  |TAMS 0x0000000087900000, 0x0000000087900000| Untracked 
| 121|0x0000000087900000, 0x0000000087a00000, 0x0000000087a00000|100%| O|  |TAMS 0x0000000087a00000, 0x0000000087a00000| Untracked 
| 122|0x0000000087a00000, 0x0000000087b00000, 0x0000000087b00000|100%| O|  |TAMS 0x0000000087b00000, 0x0000000087b00000| Untracked 
| 123|0x0000000087b00000, 0x0000000087b00000, 0x0000000087c00000|  0%| F|  |TAMS 0x0000000087b00000, 0x0000000087b00000| Untracked 
| 124|0x0000000087c00000, 0x0000000087d00000, 0x0000000087d00000|100%| O|  |TAMS 0x0000000087d00000, 0x0000000087d00000| Untracked 
| 125|0x0000000087d00000, 0x0000000087e00000, 0x0000000087e00000|100%| O|  |TAMS 0x0000000087d00000, 0x0000000087e00000| Untracked 
| 126|0x0000000087e00000, 0x0000000087f00000, 0x0000000087f00000|100%| O|  |TAMS 0x0000000087e00000, 0x0000000087f00000| Untracked 
| 127|0x0000000087f00000, 0x0000000088000000, 0x0000000088000000|100%| O|  |TAMS 0x0000000087f00000, 0x0000000088000000| Untracked 
| 128|0x0000000088000000, 0x0000000088100000, 0x0000000088100000|100%| O|  |TAMS 0x0000000088000000, 0x0000000088100000| Untracked 
| 129|0x0000000088100000, 0x0000000088200000, 0x0000000088200000|100%| O|  |TAMS 0x0000000088200000, 0x0000000088200000| Untracked 
| 130|0x0000000088200000, 0x0000000088300000, 0x0000000088300000|100%| O|  |TAMS 0x0000000088300000, 0x0000000088300000| Untracked 
| 131|0x0000000088300000, 0x0000000088400000, 0x0000000088400000|100%| O|  |TAMS 0x0000000088400000, 0x0000000088400000| Untracked 
| 132|0x0000000088400000, 0x0000000088500000, 0x0000000088500000|100%| O|  |TAMS 0x0000000088500000, 0x0000000088500000| Untracked 
| 133|0x0000000088500000, 0x0000000088600000, 0x0000000088600000|100%| O|  |TAMS 0x0000000088600000, 0x0000000088600000| Untracked 
| 134|0x0000000088600000, 0x0000000088700000, 0x0000000088700000|100%| O|  |TAMS 0x0000000088700000, 0x0000000088700000| Untracked 
| 135|0x0000000088700000, 0x0000000088700000, 0x0000000088800000|  0%| F|  |TAMS 0x0000000088700000, 0x0000000088700000| Untracked 
| 136|0x0000000088800000, 0x0000000088900000, 0x0000000088900000|100%| O|  |TAMS 0x0000000088800000, 0x0000000088900000| Untracked 
| 137|0x0000000088900000, 0x0000000088a00000, 0x0000000088a00000|100%| O|  |TAMS 0x0000000088900000, 0x0000000088a00000| Untracked 
| 138|0x0000000088a00000, 0x0000000088b00000, 0x0000000088b00000|100%| O|  |TAMS 0x0000000088a00000, 0x0000000088b00000| Untracked 
| 139|0x0000000088b00000, 0x0000000088c00000, 0x0000000088c00000|100%| O|  |TAMS 0x0000000088b00000, 0x0000000088c00000| Untracked 
| 140|0x0000000088c00000, 0x0000000088d00000, 0x0000000088d00000|100%| O|  |TAMS 0x0000000088c00000, 0x0000000088d00000| Untracked 
| 141|0x0000000088d00000, 0x0000000088d00000, 0x0000000088e00000|  0%| F|  |TAMS 0x0000000088d00000, 0x0000000088d00000| Untracked 
| 142|0x0000000088e00000, 0x0000000088f00000, 0x0000000088f00000|100%| O|  |TAMS 0x0000000088f00000, 0x0000000088f00000| Untracked 
| 143|0x0000000088f00000, 0x0000000089000000, 0x0000000089000000|100%| O|  |TAMS 0x0000000089000000, 0x0000000089000000| Untracked 
| 144|0x0000000089000000, 0x0000000089100000, 0x0000000089100000|100%| O|  |TAMS 0x0000000089100000, 0x0000000089100000| Untracked 
| 145|0x0000000089100000, 0x0000000089200000, 0x0000000089200000|100%| O|  |TAMS 0x0000000089200000, 0x0000000089200000| Untracked 
| 146|0x0000000089200000, 0x0000000089300000, 0x0000000089300000|100%| O|  |TAMS 0x0000000089300000, 0x0000000089300000| Untracked 
| 147|0x0000000089300000, 0x0000000089400000, 0x0000000089400000|100%| O|  |TAMS 0x0000000089300000, 0x0000000089400000| Untracked 
| 148|0x0000000089400000, 0x0000000089500000, 0x0000000089500000|100%| O|  |TAMS 0x0000000089400000, 0x0000000089500000| Untracked 
| 149|0x0000000089500000, 0x0000000089500000, 0x0000000089600000|  0%| F|  |TAMS 0x0000000089500000, 0x0000000089500000| Untracked 
| 150|0x0000000089600000, 0x0000000089600000, 0x0000000089700000|  0%| F|  |TAMS 0x0000000089600000, 0x0000000089600000| Untracked 
| 151|0x0000000089700000, 0x0000000089700000, 0x0000000089800000|  0%| F|  |TAMS 0x0000000089700000, 0x0000000089700000| Untracked 
| 152|0x0000000089800000, 0x0000000089900000, 0x0000000089900000|100%| O|  |TAMS 0x0000000089900000, 0x0000000089900000| Untracked 
| 153|0x0000000089900000, 0x0000000089a00000, 0x0000000089a00000|100%| O|  |TAMS 0x0000000089a00000, 0x0000000089a00000| Untracked 
| 154|0x0000000089a00000, 0x0000000089b00000, 0x0000000089b00000|100%| O|  |TAMS 0x0000000089b00000, 0x0000000089b00000| Untracked 
| 155|0x0000000089b00000, 0x0000000089c00000, 0x0000000089c00000|100%| O|  |TAMS 0x0000000089b00000, 0x0000000089c00000| Untracked 
| 156|0x0000000089c00000, 0x0000000089d00000, 0x0000000089d00000|100%| O|  |TAMS 0x0000000089c00000, 0x0000000089d00000| Untracked 
| 157|0x0000000089d00000, 0x0000000089e00000, 0x0000000089e00000|100%| O|  |TAMS 0x0000000089d00000, 0x0000000089e00000| Untracked 
| 158|0x0000000089e00000, 0x0000000089f00000, 0x0000000089f00000|100%| O|  |TAMS 0x0000000089e00000, 0x0000000089f00000| Untracked 
| 159|0x0000000089f00000, 0x000000008a000000, 0x000000008a000000|100%| O|  |TAMS 0x0000000089f00000, 0x000000008a000000| Untracked 
| 160|0x000000008a000000, 0x000000008a000000, 0x000000008a100000|  0%| F|  |TAMS 0x000000008a000000, 0x000000008a000000| Untracked 
| 161|0x000000008a100000, 0x000000008a200000, 0x000000008a200000|100%| O|  |TAMS 0x000000008a100000, 0x000000008a200000| Untracked 
| 162|0x000000008a200000, 0x000000008a300000, 0x000000008a300000|100%| O|  |TAMS 0x000000008a200000, 0x000000008a300000| Untracked 
| 163|0x000000008a300000, 0x000000008a300000, 0x000000008a400000|  0%| F|  |TAMS 0x000000008a300000, 0x000000008a300000| Untracked 
| 164|0x000000008a400000, 0x000000008a500000, 0x000000008a500000|100%| O|  |TAMS 0x000000008a400000, 0x000000008a500000| Untracked 
| 165|0x000000008a500000, 0x000000008a600000, 0x000000008a600000|100%| O|  |TAMS 0x000000008a500000, 0x000000008a600000| Untracked 
| 166|0x000000008a600000, 0x000000008a700000, 0x000000008a700000|100%| O|  |TAMS 0x000000008a600000, 0x000000008a700000| Untracked 
| 167|0x000000008a700000, 0x000000008a800000, 0x000000008a800000|100%| O|  |TAMS 0x000000008a700000, 0x000000008a800000| Untracked 
| 168|0x000000008a800000, 0x000000008a900000, 0x000000008a900000|100%| O|  |TAMS 0x000000008a800000, 0x000000008a900000| Untracked 
| 169|0x000000008a900000, 0x000000008aa00000, 0x000000008aa00000|100%| O|  |TAMS 0x000000008a900000, 0x000000008aa00000| Untracked 
| 170|0x000000008aa00000, 0x000000008ab00000, 0x000000008ab00000|100%| O|  |TAMS 0x000000008aa00000, 0x000000008ab00000| Untracked 
| 171|0x000000008ab00000, 0x000000008ab00000, 0x000000008ac00000|  0%| F|  |TAMS 0x000000008ab00000, 0x000000008ab00000| Untracked 
| 172|0x000000008ac00000, 0x000000008ac00000, 0x000000008ad00000|  0%| F|  |TAMS 0x000000008ac00000, 0x000000008ac00000| Untracked 
| 173|0x000000008ad00000, 0x000000008ae00000, 0x000000008ae00000|100%| O|  |TAMS 0x000000008ae00000, 0x000000008ae00000| Untracked 
| 174|0x000000008ae00000, 0x000000008ae00000, 0x000000008af00000|  0%| F|  |TAMS 0x000000008ae00000, 0x000000008ae00000| Untracked 
| 175|0x000000008af00000, 0x000000008b000000, 0x000000008b000000|100%| O|  |TAMS 0x000000008b000000, 0x000000008b000000| Untracked 
| 176|0x000000008b000000, 0x000000008b000000, 0x000000008b100000|  0%| F|  |TAMS 0x000000008b000000, 0x000000008b000000| Untracked 
| 177|0x000000008b100000, 0x000000008b100000, 0x000000008b200000|  0%| F|  |TAMS 0x000000008b100000, 0x000000008b100000| Untracked 
| 178|0x000000008b200000, 0x000000008b300000, 0x000000008b300000|100%| O|  |TAMS 0x000000008b300000, 0x000000008b300000| Untracked 
| 179|0x000000008b300000, 0x000000008b300000, 0x000000008b400000|  0%| F|  |TAMS 0x000000008b300000, 0x000000008b300000| Untracked 
| 180|0x000000008b400000, 0x000000008b400000, 0x000000008b500000|  0%| F|  |TAMS 0x000000008b400000, 0x000000008b400000| Untracked 
| 181|0x000000008b500000, 0x000000008b500000, 0x000000008b600000|  0%| F|  |TAMS 0x000000008b500000, 0x000000008b500000| Untracked 
| 182|0x000000008b600000, 0x000000008b600000, 0x000000008b700000|  0%| F|  |TAMS 0x000000008b600000, 0x000000008b600000| Untracked 
| 183|0x000000008b700000, 0x000000008b700000, 0x000000008b800000|  0%| F|  |TAMS 0x000000008b700000, 0x000000008b700000| Untracked 
| 184|0x000000008b800000, 0x000000008b800000, 0x000000008b900000|  0%| F|  |TAMS 0x000000008b800000, 0x000000008b800000| Untracked 
| 185|0x000000008b900000, 0x000000008b900000, 0x000000008ba00000|  0%| F|  |TAMS 0x000000008b900000, 0x000000008b900000| Untracked 
| 186|0x000000008ba00000, 0x000000008bb00000, 0x000000008bb00000|100%| O|  |TAMS 0x000000008bb00000, 0x000000008bb00000| Untracked 
| 187|0x000000008bb00000, 0x000000008bb00000, 0x000000008bc00000|  0%| F|  |TAMS 0x000000008bb00000, 0x000000008bb00000| Untracked 
| 188|0x000000008bc00000, 0x000000008bc00000, 0x000000008bd00000|  0%| F|  |TAMS 0x000000008bc00000, 0x000000008bc00000| Untracked 
| 189|0x000000008bd00000, 0x000000008be00000, 0x000000008be00000|100%| O|  |TAMS 0x000000008be00000, 0x000000008be00000| Untracked 
| 190|0x000000008be00000, 0x000000008bf00000, 0x000000008bf00000|100%| O|  |TAMS 0x000000008bf00000, 0x000000008bf00000| Untracked 
| 191|0x000000008bf00000, 0x000000008c000000, 0x000000008c000000|100%| O|  |TAMS 0x000000008c000000, 0x000000008c000000| Untracked 
| 192|0x000000008c000000, 0x000000008c100000, 0x000000008c100000|100%| O|  |TAMS 0x000000008c100000, 0x000000008c100000| Untracked 
| 193|0x000000008c100000, 0x000000008c200000, 0x000000008c200000|100%| O|  |TAMS 0x000000008c200000, 0x000000008c200000| Untracked 
| 194|0x000000008c200000, 0x000000008c300000, 0x000000008c300000|100%| O|  |TAMS 0x000000008c300000, 0x000000008c300000| Untracked 
| 195|0x000000008c300000, 0x000000008c400000, 0x000000008c400000|100%| O|  |TAMS 0x000000008c400000, 0x000000008c400000| Untracked 
| 196|0x000000008c400000, 0x000000008c500000, 0x000000008c500000|100%| O|  |TAMS 0x000000008c500000, 0x000000008c500000| Untracked 
| 197|0x000000008c500000, 0x000000008c600000, 0x000000008c600000|100%| O|  |TAMS 0x000000008c600000, 0x000000008c600000| Untracked 
| 198|0x000000008c600000, 0x000000008c700000, 0x000000008c700000|100%| O|  |TAMS 0x000000008c700000, 0x000000008c700000| Untracked 
| 199|0x000000008c700000, 0x000000008c800000, 0x000000008c800000|100%| O|  |TAMS 0x000000008c800000, 0x000000008c800000| Untracked 
| 200|0x000000008c800000, 0x000000008c900000, 0x000000008c900000|100%| O|  |TAMS 0x000000008c900000, 0x000000008c900000| Untracked 
| 201|0x000000008c900000, 0x000000008ca00000, 0x000000008ca00000|100%| O|  |TAMS 0x000000008ca00000, 0x000000008ca00000| Untracked 
| 202|0x000000008ca00000, 0x000000008cb00000, 0x000000008cb00000|100%| O|  |TAMS 0x000000008cb00000, 0x000000008cb00000| Untracked 
| 203|0x000000008cb00000, 0x000000008cc00000, 0x000000008cc00000|100%| O|  |TAMS 0x000000008cc00000, 0x000000008cc00000| Untracked 
| 204|0x000000008cc00000, 0x000000008cd00000, 0x000000008cd00000|100%| O|  |TAMS 0x000000008ccad600, 0x000000008cd00000| Untracked 
| 205|0x000000008cd00000, 0x000000008ce00000, 0x000000008ce00000|100%| O|  |TAMS 0x000000008cd00000, 0x000000008ce00000| Untracked 
| 206|0x000000008ce00000, 0x000000008cf00000, 0x000000008cf00000|100%| O|  |TAMS 0x000000008ce00000, 0x000000008cf00000| Untracked 
| 207|0x000000008cf00000, 0x000000008d000000, 0x000000008d000000|100%| O|  |TAMS 0x000000008cf00000, 0x000000008d000000| Untracked 
| 208|0x000000008d000000, 0x000000008d100000, 0x000000008d100000|100%| O|  |TAMS 0x000000008d000000, 0x000000008d100000| Untracked 
| 209|0x000000008d100000, 0x000000008d200000, 0x000000008d200000|100%| O|  |TAMS 0x000000008d100000, 0x000000008d200000| Untracked 
| 210|0x000000008d200000, 0x000000008d300000, 0x000000008d300000|100%| O|  |TAMS 0x000000008d200000, 0x000000008d300000| Untracked 
| 211|0x000000008d300000, 0x000000008d400000, 0x000000008d400000|100%| O|  |TAMS 0x000000008d300000, 0x000000008d400000| Untracked 
| 212|0x000000008d400000, 0x000000008d500000, 0x000000008d500000|100%| O|  |TAMS 0x000000008d400000, 0x000000008d500000| Untracked 
| 213|0x000000008d500000, 0x000000008d570200, 0x000000008d600000| 43%| O|  |TAMS 0x000000008d500000, 0x000000008d570200| Untracked 
| 214|0x000000008d600000, 0x000000008d600000, 0x000000008d700000|  0%| F|  |TAMS 0x000000008d600000, 0x000000008d600000| Untracked 
| 215|0x000000008d700000, 0x000000008d700000, 0x000000008d800000|  0%| F|  |TAMS 0x000000008d700000, 0x000000008d700000| Untracked 
| 216|0x000000008d800000, 0x000000008d800000, 0x000000008d900000|  0%| F|  |TAMS 0x000000008d800000, 0x000000008d800000| Untracked 
| 217|0x000000008d900000, 0x000000008d900000, 0x000000008da00000|  0%| F|  |TAMS 0x000000008d900000, 0x000000008d900000| Untracked 
| 218|0x000000008da00000, 0x000000008da00000, 0x000000008db00000|  0%| F|  |TAMS 0x000000008da00000, 0x000000008da00000| Untracked 
| 219|0x000000008db00000, 0x000000008db00000, 0x000000008dc00000|  0%| F|  |TAMS 0x000000008db00000, 0x000000008db00000| Untracked 
| 220|0x000000008dc00000, 0x000000008dc00000, 0x000000008dd00000|  0%| F|  |TAMS 0x000000008dc00000, 0x000000008dc00000| Untracked 
| 221|0x000000008dd00000, 0x000000008dd00000, 0x000000008de00000|  0%| F|  |TAMS 0x000000008dd00000, 0x000000008dd00000| Untracked 
| 222|0x000000008de00000, 0x000000008de00000, 0x000000008df00000|  0%| F|  |TAMS 0x000000008de00000, 0x000000008de00000| Untracked 
| 223|0x000000008df00000, 0x000000008df00000, 0x000000008e000000|  0%| F|  |TAMS 0x000000008df00000, 0x000000008df00000| Untracked 
| 224|0x000000008e000000, 0x000000008e000000, 0x000000008e100000|  0%| F|  |TAMS 0x000000008e000000, 0x000000008e000000| Untracked 
| 225|0x000000008e100000, 0x000000008e100000, 0x000000008e200000|  0%| F|  |TAMS 0x000000008e100000, 0x000000008e100000| Untracked 
| 226|0x000000008e200000, 0x000000008e200000, 0x000000008e300000|  0%| F|  |TAMS 0x000000008e200000, 0x000000008e200000| Untracked 
| 227|0x000000008e300000, 0x000000008e300000, 0x000000008e400000|  0%| F|  |TAMS 0x000000008e300000, 0x000000008e300000| Untracked 
| 228|0x000000008e400000, 0x000000008e400000, 0x000000008e500000|  0%| F|  |TAMS 0x000000008e400000, 0x000000008e400000| Untracked 
| 229|0x000000008e500000, 0x000000008e500000, 0x000000008e600000|  0%| F|  |TAMS 0x000000008e500000, 0x000000008e500000| Untracked 
| 230|0x000000008e600000, 0x000000008e600000, 0x000000008e700000|  0%| F|  |TAMS 0x000000008e600000, 0x000000008e600000| Untracked 
| 231|0x000000008e700000, 0x000000008e700000, 0x000000008e800000|  0%| F|  |TAMS 0x000000008e700000, 0x000000008e700000| Untracked 
| 232|0x000000008e800000, 0x000000008e800000, 0x000000008e900000|  0%| F|  |TAMS 0x000000008e800000, 0x000000008e800000| Untracked 
| 233|0x000000008e900000, 0x000000008e900000, 0x000000008ea00000|  0%| F|  |TAMS 0x000000008e900000, 0x000000008e900000| Untracked 
| 234|0x000000008ea00000, 0x000000008eb00000, 0x000000008eb00000|100%| O|  |TAMS 0x000000008eb00000, 0x000000008eb00000| Untracked 
| 235|0x000000008eb00000, 0x000000008eb00000, 0x000000008ec00000|  0%| F|  |TAMS 0x000000008eb00000, 0x000000008eb00000| Untracked 
| 236|0x000000008ec00000, 0x000000008ec00000, 0x000000008ed00000|  0%| F|  |TAMS 0x000000008ec00000, 0x000000008ec00000| Untracked 
| 237|0x000000008ed00000, 0x000000008ed00000, 0x000000008ee00000|  0%| F|  |TAMS 0x000000008ed00000, 0x000000008ed00000| Untracked 
| 238|0x000000008ee00000, 0x000000008ee00000, 0x000000008ef00000|  0%| F|  |TAMS 0x000000008ee00000, 0x000000008ee00000| Untracked 
| 239|0x000000008ef00000, 0x000000008ef00000, 0x000000008f000000|  0%| F|  |TAMS 0x000000008ef00000, 0x000000008ef00000| Untracked 
| 240|0x000000008f000000, 0x000000008f000000, 0x000000008f100000|  0%| F|  |TAMS 0x000000008f000000, 0x000000008f000000| Untracked 
| 241|0x000000008f100000, 0x000000008f200000, 0x000000008f200000|100%| O|  |TAMS 0x000000008f200000, 0x000000008f200000| Untracked 
| 242|0x000000008f200000, 0x000000008f200000, 0x000000008f300000|  0%| F|  |TAMS 0x000000008f200000, 0x000000008f200000| Untracked 
| 243|0x000000008f300000, 0x000000008f300000, 0x000000008f400000|  0%| F|  |TAMS 0x000000008f300000, 0x000000008f300000| Untracked 
| 244|0x000000008f400000, 0x000000008f400000, 0x000000008f500000|  0%| F|  |TAMS 0x000000008f400000, 0x000000008f400000| Untracked 
| 245|0x000000008f500000, 0x000000008f500000, 0x000000008f600000|  0%| F|  |TAMS 0x000000008f500000, 0x000000008f500000| Untracked 
| 246|0x000000008f600000, 0x000000008f600000, 0x000000008f700000|  0%| F|  |TAMS 0x000000008f600000, 0x000000008f600000| Untracked 
| 247|0x000000008f700000, 0x000000008f700000, 0x000000008f800000|  0%| F|  |TAMS 0x000000008f700000, 0x000000008f700000| Untracked 
| 248|0x000000008f800000, 0x000000008f800000, 0x000000008f900000|  0%| F|  |TAMS 0x000000008f800000, 0x000000008f800000| Untracked 
| 249|0x000000008f900000, 0x000000008f900000, 0x000000008fa00000|  0%| F|  |TAMS 0x000000008f900000, 0x000000008f900000| Untracked 
| 250|0x000000008fa00000, 0x000000008fa00000, 0x000000008fb00000|  0%| F|  |TAMS 0x000000008fa00000, 0x000000008fa00000| Untracked 
| 251|0x000000008fb00000, 0x000000008fb00000, 0x000000008fc00000|  0%| F|  |TAMS 0x000000008fb00000, 0x000000008fb00000| Untracked 
| 252|0x000000008fc00000, 0x000000008fc00000, 0x000000008fd00000|  0%| F|  |TAMS 0x000000008fc00000, 0x000000008fc00000| Untracked 
| 253|0x000000008fd00000, 0x000000008fd00000, 0x000000008fe00000|  0%| F|  |TAMS 0x000000008fd00000, 0x000000008fd00000| Untracked 
| 254|0x000000008fe00000, 0x000000008fe00000, 0x000000008ff00000|  0%| F|  |TAMS 0x000000008fe00000, 0x000000008fe00000| Untracked 
| 255|0x000000008ff00000, 0x000000008ff00000, 0x0000000090000000|  0%| F|  |TAMS 0x000000008ff00000, 0x000000008ff00000| Untracked 
| 256|0x0000000090000000, 0x0000000090000000, 0x0000000090100000|  0%| F|  |TAMS 0x0000000090000000, 0x0000000090000000| Untracked 
| 257|0x0000000090100000, 0x0000000090100000, 0x0000000090200000|  0%| F|  |TAMS 0x0000000090100000, 0x0000000090100000| Untracked 
| 258|0x0000000090200000, 0x0000000090200000, 0x0000000090300000|  0%| F|  |TAMS 0x0000000090200000, 0x0000000090200000| Untracked 
| 259|0x0000000090300000, 0x0000000090300000, 0x0000000090400000|  0%| F|  |TAMS 0x0000000090300000, 0x0000000090300000| Untracked 
| 260|0x0000000090400000, 0x0000000090500000, 0x0000000090500000|100%| O|  |TAMS 0x0000000090500000, 0x0000000090500000| Untracked 
| 261|0x0000000090500000, 0x0000000090500000, 0x0000000090600000|  0%| F|  |TAMS 0x0000000090500000, 0x0000000090500000| Untracked 
| 262|0x0000000090600000, 0x0000000090600000, 0x0000000090700000|  0%| F|  |TAMS 0x0000000090600000, 0x0000000090600000| Untracked 
| 263|0x0000000090700000, 0x0000000090700000, 0x0000000090800000|  0%| F|  |TAMS 0x0000000090700000, 0x0000000090700000| Untracked 
| 264|0x0000000090800000, 0x0000000090800000, 0x0000000090900000|  0%| F|  |TAMS 0x0000000090800000, 0x0000000090800000| Untracked 
| 265|0x0000000090900000, 0x0000000090900000, 0x0000000090a00000|  0%| F|  |TAMS 0x0000000090900000, 0x0000000090900000| Untracked 
| 266|0x0000000090a00000, 0x0000000090a00000, 0x0000000090b00000|  0%| F|  |TAMS 0x0000000090a00000, 0x0000000090a00000| Untracked 
| 267|0x0000000090b00000, 0x0000000090b00000, 0x0000000090c00000|  0%| F|  |TAMS 0x0000000090b00000, 0x0000000090b00000| Untracked 
| 268|0x0000000090c00000, 0x0000000090c00000, 0x0000000090d00000|  0%| F|  |TAMS 0x0000000090c00000, 0x0000000090c00000| Untracked 
| 269|0x0000000090d00000, 0x0000000090d00000, 0x0000000090e00000|  0%| F|  |TAMS 0x0000000090d00000, 0x0000000090d00000| Untracked 
| 270|0x0000000090e00000, 0x0000000090e00000, 0x0000000090f00000|  0%| F|  |TAMS 0x0000000090e00000, 0x0000000090e00000| Untracked 
| 271|0x0000000090f00000, 0x0000000090f00000, 0x0000000091000000|  0%| F|  |TAMS 0x0000000090f00000, 0x0000000090f00000| Untracked 
| 272|0x0000000091000000, 0x0000000091000000, 0x0000000091100000|  0%| F|  |TAMS 0x0000000091000000, 0x0000000091000000| Untracked 
| 273|0x0000000091100000, 0x0000000091100000, 0x0000000091200000|  0%| F|  |TAMS 0x0000000091100000, 0x0000000091100000| Untracked 
| 274|0x0000000091200000, 0x0000000091200000, 0x0000000091300000|  0%| F|  |TAMS 0x0000000091200000, 0x0000000091200000| Untracked 
| 275|0x0000000091300000, 0x0000000091300000, 0x0000000091400000|  0%| F|  |TAMS 0x0000000091300000, 0x0000000091300000| Untracked 
| 276|0x0000000091400000, 0x0000000091400000, 0x0000000091500000|  0%| F|  |TAMS 0x0000000091400000, 0x0000000091400000| Untracked 
| 277|0x0000000091500000, 0x0000000091500000, 0x0000000091600000|  0%| F|  |TAMS 0x0000000091500000, 0x0000000091500000| Untracked 
| 278|0x0000000091600000, 0x0000000091600000, 0x0000000091700000|  0%| F|  |TAMS 0x0000000091600000, 0x0000000091600000| Untracked 
| 279|0x0000000091700000, 0x0000000091700000, 0x0000000091800000|  0%| F|  |TAMS 0x0000000091700000, 0x0000000091700000| Untracked 
| 280|0x0000000091800000, 0x0000000091800000, 0x0000000091900000|  0%| F|  |TAMS 0x0000000091800000, 0x0000000091800000| Untracked 
| 281|0x0000000091900000, 0x0000000091900000, 0x0000000091a00000|  0%| F|  |TAMS 0x0000000091900000, 0x0000000091900000| Untracked 
| 282|0x0000000091a00000, 0x0000000091a00000, 0x0000000091b00000|  0%| F|  |TAMS 0x0000000091a00000, 0x0000000091a00000| Untracked 
| 283|0x0000000091b00000, 0x0000000091b00000, 0x0000000091c00000|  0%| F|  |TAMS 0x0000000091b00000, 0x0000000091b00000| Untracked 
| 284|0x0000000091c00000, 0x0000000091c00000, 0x0000000091d00000|  0%| F|  |TAMS 0x0000000091c00000, 0x0000000091c00000| Untracked 
| 285|0x0000000091d00000, 0x0000000091d00000, 0x0000000091e00000|  0%| F|  |TAMS 0x0000000091d00000, 0x0000000091d00000| Untracked 
| 286|0x0000000091e00000, 0x0000000091e00000, 0x0000000091f00000|  0%| F|  |TAMS 0x0000000091e00000, 0x0000000091e00000| Untracked 
| 287|0x0000000091f00000, 0x0000000091f00000, 0x0000000092000000|  0%| F|  |TAMS 0x0000000091f00000, 0x0000000091f00000| Untracked 
| 288|0x0000000092000000, 0x0000000092000000, 0x0000000092100000|  0%| F|  |TAMS 0x0000000092000000, 0x0000000092000000| Untracked 
| 289|0x0000000092100000, 0x0000000092100000, 0x0000000092200000|  0%| F|  |TAMS 0x0000000092100000, 0x0000000092100000| Untracked 
| 290|0x0000000092200000, 0x0000000092200000, 0x0000000092300000|  0%| F|  |TAMS 0x0000000092200000, 0x0000000092200000| Untracked 
| 291|0x0000000092300000, 0x0000000092300000, 0x0000000092400000|  0%| F|  |TAMS 0x0000000092300000, 0x0000000092300000| Untracked 
| 292|0x0000000092400000, 0x0000000092400000, 0x0000000092500000|  0%| F|  |TAMS 0x0000000092400000, 0x0000000092400000| Untracked 
| 293|0x0000000092500000, 0x0000000092500000, 0x0000000092600000|  0%| F|  |TAMS 0x0000000092500000, 0x0000000092500000| Untracked 
| 294|0x0000000092600000, 0x0000000092600000, 0x0000000092700000|  0%| F|  |TAMS 0x0000000092600000, 0x0000000092600000| Untracked 
| 295|0x0000000092700000, 0x0000000092700000, 0x0000000092800000|  0%| F|  |TAMS 0x0000000092700000, 0x0000000092700000| Untracked 
| 296|0x0000000092800000, 0x0000000092800000, 0x0000000092900000|  0%| F|  |TAMS 0x0000000092800000, 0x0000000092800000| Untracked 
| 297|0x0000000092900000, 0x0000000092900000, 0x0000000092a00000|  0%| F|  |TAMS 0x0000000092900000, 0x0000000092900000| Untracked 
| 298|0x0000000092a00000, 0x0000000092a00000, 0x0000000092b00000|  0%| F|  |TAMS 0x0000000092a00000, 0x0000000092a00000| Untracked 
| 299|0x0000000092b00000, 0x0000000092b00000, 0x0000000092c00000|  0%| F|  |TAMS 0x0000000092b00000, 0x0000000092b00000| Untracked 
| 300|0x0000000092c00000, 0x0000000092c00000, 0x0000000092d00000|  0%| F|  |TAMS 0x0000000092c00000, 0x0000000092c00000| Untracked 
| 301|0x0000000092d00000, 0x0000000092d00000, 0x0000000092e00000|  0%| F|  |TAMS 0x0000000092d00000, 0x0000000092d00000| Untracked 
| 302|0x0000000092e00000, 0x0000000092e00000, 0x0000000092f00000|  0%| F|  |TAMS 0x0000000092e00000, 0x0000000092e00000| Untracked 
| 303|0x0000000092f00000, 0x0000000092f00000, 0x0000000093000000|  0%| F|  |TAMS 0x0000000092f00000, 0x0000000092f00000| Untracked 
| 304|0x0000000093000000, 0x0000000093000000, 0x0000000093100000|  0%| F|  |TAMS 0x0000000093000000, 0x0000000093000000| Untracked 
| 305|0x0000000093100000, 0x0000000093100000, 0x0000000093200000|  0%| F|  |TAMS 0x0000000093100000, 0x0000000093100000| Untracked 
| 306|0x0000000093200000, 0x0000000093200000, 0x0000000093300000|  0%| F|  |TAMS 0x0000000093200000, 0x0000000093200000| Untracked 
| 307|0x0000000093300000, 0x0000000093300000, 0x0000000093400000|  0%| F|  |TAMS 0x0000000093300000, 0x0000000093300000| Untracked 
| 308|0x0000000093400000, 0x0000000093400000, 0x0000000093500000|  0%| F|  |TAMS 0x0000000093400000, 0x0000000093400000| Untracked 
| 309|0x0000000093500000, 0x0000000093500000, 0x0000000093600000|  0%| F|  |TAMS 0x0000000093500000, 0x0000000093500000| Untracked 
| 310|0x0000000093600000, 0x0000000093600000, 0x0000000093700000|  0%| F|  |TAMS 0x0000000093600000, 0x0000000093600000| Untracked 
| 311|0x0000000093700000, 0x0000000093700000, 0x0000000093800000|  0%| F|  |TAMS 0x0000000093700000, 0x0000000093700000| Untracked 
| 312|0x0000000093800000, 0x0000000093800000, 0x0000000093900000|  0%| F|  |TAMS 0x0000000093800000, 0x0000000093800000| Untracked 
| 313|0x0000000093900000, 0x0000000093900000, 0x0000000093a00000|  0%| F|  |TAMS 0x0000000093900000, 0x0000000093900000| Untracked 
| 314|0x0000000093a00000, 0x0000000093a00000, 0x0000000093b00000|  0%| F|  |TAMS 0x0000000093a00000, 0x0000000093a00000| Untracked 
| 315|0x0000000093b00000, 0x0000000093b00000, 0x0000000093c00000|  0%| F|  |TAMS 0x0000000093b00000, 0x0000000093b00000| Untracked 
| 316|0x0000000093c00000, 0x0000000093c00000, 0x0000000093d00000|  0%| F|  |TAMS 0x0000000093c00000, 0x0000000093c00000| Untracked 
| 317|0x0000000093d00000, 0x0000000093d00000, 0x0000000093e00000|  0%| F|  |TAMS 0x0000000093d00000, 0x0000000093d00000| Untracked 
| 318|0x0000000093e00000, 0x0000000093e00000, 0x0000000093f00000|  0%| F|  |TAMS 0x0000000093e00000, 0x0000000093e00000| Untracked 
| 319|0x0000000093f00000, 0x0000000093f00000, 0x0000000094000000|  0%| F|  |TAMS 0x0000000093f00000, 0x0000000093f00000| Untracked 
| 320|0x0000000094000000, 0x0000000094000000, 0x0000000094100000|  0%| F|  |TAMS 0x0000000094000000, 0x0000000094000000| Untracked 
| 321|0x0000000094100000, 0x0000000094100000, 0x0000000094200000|  0%| F|  |TAMS 0x0000000094100000, 0x0000000094100000| Untracked 
| 322|0x0000000094200000, 0x0000000094200000, 0x0000000094300000|  0%| F|  |TAMS 0x0000000094200000, 0x0000000094200000| Untracked 
| 323|0x0000000094300000, 0x0000000094300000, 0x0000000094400000|  0%| F|  |TAMS 0x0000000094300000, 0x0000000094300000| Untracked 
| 324|0x0000000094400000, 0x0000000094400000, 0x0000000094500000|  0%| F|  |TAMS 0x0000000094400000, 0x0000000094400000| Untracked 
| 325|0x0000000094500000, 0x0000000094500000, 0x0000000094600000|  0%| F|  |TAMS 0x0000000094500000, 0x0000000094500000| Untracked 
| 326|0x0000000094600000, 0x0000000094600000, 0x0000000094700000|  0%| F|  |TAMS 0x0000000094600000, 0x0000000094600000| Untracked 
| 327|0x0000000094700000, 0x0000000094700000, 0x0000000094800000|  0%| F|  |TAMS 0x0000000094700000, 0x0000000094700000| Untracked 
| 328|0x0000000094800000, 0x0000000094800000, 0x0000000094900000|  0%| F|  |TAMS 0x0000000094800000, 0x0000000094800000| Untracked 
| 329|0x0000000094900000, 0x0000000094900000, 0x0000000094a00000|  0%| F|  |TAMS 0x0000000094900000, 0x0000000094900000| Untracked 
| 330|0x0000000094a00000, 0x0000000094a00000, 0x0000000094b00000|  0%| F|  |TAMS 0x0000000094a00000, 0x0000000094a00000| Untracked 
| 331|0x0000000094b00000, 0x0000000094b00000, 0x0000000094c00000|  0%| F|  |TAMS 0x0000000094b00000, 0x0000000094b00000| Untracked 
| 332|0x0000000094c00000, 0x0000000094c00000, 0x0000000094d00000|  0%| F|  |TAMS 0x0000000094c00000, 0x0000000094c00000| Untracked 
| 333|0x0000000094d00000, 0x0000000094d00000, 0x0000000094e00000|  0%| F|  |TAMS 0x0000000094d00000, 0x0000000094d00000| Untracked 
| 334|0x0000000094e00000, 0x0000000094e00000, 0x0000000094f00000|  0%| F|  |TAMS 0x0000000094e00000, 0x0000000094e00000| Untracked 
| 335|0x0000000094f00000, 0x0000000094f00000, 0x0000000095000000|  0%| F|  |TAMS 0x0000000094f00000, 0x0000000094f00000| Untracked 
| 336|0x0000000095000000, 0x0000000095000000, 0x0000000095100000|  0%| F|  |TAMS 0x0000000095000000, 0x0000000095000000| Untracked 
| 337|0x0000000095100000, 0x0000000095100000, 0x0000000095200000|  0%| F|  |TAMS 0x0000000095100000, 0x0000000095100000| Untracked 
| 338|0x0000000095200000, 0x0000000095300000, 0x0000000095300000|100%| O|  |TAMS 0x0000000095300000, 0x0000000095300000| Untracked 
| 339|0x0000000095300000, 0x0000000095300000, 0x0000000095400000|  0%| F|  |TAMS 0x0000000095300000, 0x0000000095300000| Untracked 
| 340|0x0000000095400000, 0x0000000095400000, 0x0000000095500000|  0%| F|  |TAMS 0x0000000095400000, 0x0000000095400000| Untracked 
| 341|0x0000000095500000, 0x0000000095500000, 0x0000000095600000|  0%| F|  |TAMS 0x0000000095500000, 0x0000000095500000| Untracked 
| 342|0x0000000095600000, 0x0000000095600000, 0x0000000095700000|  0%| F|  |TAMS 0x0000000095600000, 0x0000000095600000| Untracked 
| 343|0x0000000095700000, 0x0000000095700000, 0x0000000095800000|  0%| F|  |TAMS 0x0000000095700000, 0x0000000095700000| Untracked 
| 344|0x0000000095800000, 0x0000000095800000, 0x0000000095900000|  0%| F|  |TAMS 0x0000000095800000, 0x0000000095800000| Untracked 
| 345|0x0000000095900000, 0x0000000095900000, 0x0000000095a00000|  0%| F|  |TAMS 0x0000000095900000, 0x0000000095900000| Untracked 
| 346|0x0000000095a00000, 0x0000000095a00000, 0x0000000095b00000|  0%| F|  |TAMS 0x0000000095a00000, 0x0000000095a00000| Untracked 
| 347|0x0000000095b00000, 0x0000000095b00000, 0x0000000095c00000|  0%| F|  |TAMS 0x0000000095b00000, 0x0000000095b00000| Untracked 
| 348|0x0000000095c00000, 0x0000000095c00000, 0x0000000095d00000|  0%| F|  |TAMS 0x0000000095c00000, 0x0000000095c00000| Untracked 
| 349|0x0000000095d00000, 0x0000000095d00000, 0x0000000095e00000|  0%| F|  |TAMS 0x0000000095d00000, 0x0000000095d00000| Untracked 
| 350|0x0000000095e00000, 0x0000000095e00000, 0x0000000095f00000|  0%| F|  |TAMS 0x0000000095e00000, 0x0000000095e00000| Untracked 
| 351|0x0000000095f00000, 0x0000000095f00000, 0x0000000096000000|  0%| F|  |TAMS 0x0000000095f00000, 0x0000000095f00000| Untracked 
| 352|0x0000000096000000, 0x0000000096000000, 0x0000000096100000|  0%| F|  |TAMS 0x0000000096000000, 0x0000000096000000| Untracked 
| 353|0x0000000096100000, 0x0000000096100000, 0x0000000096200000|  0%| F|  |TAMS 0x0000000096100000, 0x0000000096100000| Untracked 
| 354|0x0000000096200000, 0x0000000096200000, 0x0000000096300000|  0%| F|  |TAMS 0x0000000096200000, 0x0000000096200000| Untracked 
| 355|0x0000000096300000, 0x0000000096300000, 0x0000000096400000|  0%| F|  |TAMS 0x0000000096300000, 0x0000000096300000| Untracked 
| 356|0x0000000096400000, 0x0000000096400000, 0x0000000096500000|  0%| F|  |TAMS 0x0000000096400000, 0x0000000096400000| Untracked 
| 357|0x0000000096500000, 0x0000000096500000, 0x0000000096600000|  0%| F|  |TAMS 0x0000000096500000, 0x0000000096500000| Untracked 
| 358|0x0000000096600000, 0x0000000096600000, 0x0000000096700000|  0%| F|  |TAMS 0x0000000096600000, 0x0000000096600000| Untracked 
| 359|0x0000000096700000, 0x0000000096700000, 0x0000000096800000|  0%| F|  |TAMS 0x0000000096700000, 0x0000000096700000| Untracked 
| 360|0x0000000096800000, 0x0000000096800000, 0x0000000096900000|  0%| F|  |TAMS 0x0000000096800000, 0x0000000096800000| Untracked 
| 361|0x0000000096900000, 0x0000000096900000, 0x0000000096a00000|  0%| F|  |TAMS 0x0000000096900000, 0x0000000096900000| Untracked 
| 362|0x0000000096a00000, 0x0000000096a00000, 0x0000000096b00000|  0%| F|  |TAMS 0x0000000096a00000, 0x0000000096a00000| Untracked 
| 363|0x0000000096b00000, 0x0000000096b00000, 0x0000000096c00000|  0%| F|  |TAMS 0x0000000096b00000, 0x0000000096b00000| Untracked 
| 364|0x0000000096c00000, 0x0000000096c00000, 0x0000000096d00000|  0%| F|  |TAMS 0x0000000096c00000, 0x0000000096c00000| Untracked 
| 365|0x0000000096d00000, 0x0000000096d00000, 0x0000000096e00000|  0%| F|  |TAMS 0x0000000096d00000, 0x0000000096d00000| Untracked 
| 366|0x0000000096e00000, 0x0000000096e00000, 0x0000000096f00000|  0%| F|  |TAMS 0x0000000096e00000, 0x0000000096e00000| Untracked 
| 367|0x0000000096f00000, 0x0000000096f00000, 0x0000000097000000|  0%| F|  |TAMS 0x0000000096f00000, 0x0000000096f00000| Untracked 
| 368|0x0000000097000000, 0x0000000097000000, 0x0000000097100000|  0%| F|  |TAMS 0x0000000097000000, 0x0000000097000000| Untracked 
| 369|0x0000000097100000, 0x0000000097100000, 0x0000000097200000|  0%| F|  |TAMS 0x0000000097100000, 0x0000000097100000| Untracked 
| 370|0x0000000097200000, 0x0000000097200000, 0x0000000097300000|  0%| F|  |TAMS 0x0000000097200000, 0x0000000097200000| Untracked 
| 371|0x0000000097300000, 0x0000000097300000, 0x0000000097400000|  0%| F|  |TAMS 0x0000000097300000, 0x0000000097300000| Untracked 
| 372|0x0000000097400000, 0x0000000097400000, 0x0000000097500000|  0%| F|  |TAMS 0x0000000097400000, 0x0000000097400000| Untracked 
| 373|0x0000000097500000, 0x0000000097500000, 0x0000000097600000|  0%| F|  |TAMS 0x0000000097500000, 0x0000000097500000| Untracked 
| 374|0x0000000097600000, 0x0000000097600000, 0x0000000097700000|  0%| F|  |TAMS 0x0000000097600000, 0x0000000097600000| Untracked 
| 375|0x0000000097700000, 0x0000000097700000, 0x0000000097800000|  0%| F|  |TAMS 0x0000000097700000, 0x0000000097700000| Untracked 
| 376|0x0000000097800000, 0x0000000097800000, 0x0000000097900000|  0%| F|  |TAMS 0x0000000097800000, 0x0000000097800000| Untracked 
| 377|0x0000000097900000, 0x0000000097900000, 0x0000000097a00000|  0%| F|  |TAMS 0x0000000097900000, 0x0000000097900000| Untracked 
| 378|0x0000000097a00000, 0x0000000097a00000, 0x0000000097b00000|  0%| F|  |TAMS 0x0000000097a00000, 0x0000000097a00000| Untracked 
| 379|0x0000000097b00000, 0x0000000097b00000, 0x0000000097c00000|  0%| F|  |TAMS 0x0000000097b00000, 0x0000000097b00000| Untracked 
| 380|0x0000000097c00000, 0x0000000097c00000, 0x0000000097d00000|  0%| F|  |TAMS 0x0000000097c00000, 0x0000000097c00000| Untracked 
| 381|0x0000000097d00000, 0x0000000097d00000, 0x0000000097e00000|  0%| F|  |TAMS 0x0000000097d00000, 0x0000000097d00000| Untracked 
| 382|0x0000000097e00000, 0x0000000097e00000, 0x0000000097f00000|  0%| F|  |TAMS 0x0000000097e00000, 0x0000000097e00000| Untracked 
| 383|0x0000000097f00000, 0x0000000097f00000, 0x0000000098000000|  0%| F|  |TAMS 0x0000000097f00000, 0x0000000097f00000| Untracked 
| 384|0x0000000098000000, 0x0000000098000000, 0x0000000098100000|  0%| F|  |TAMS 0x0000000098000000, 0x0000000098000000| Untracked 
| 385|0x0000000098100000, 0x0000000098100000, 0x0000000098200000|  0%| F|  |TAMS 0x0000000098100000, 0x0000000098100000| Untracked 
| 386|0x0000000098200000, 0x0000000098200000, 0x0000000098300000|  0%| F|  |TAMS 0x0000000098200000, 0x0000000098200000| Untracked 
| 387|0x0000000098300000, 0x0000000098300000, 0x0000000098400000|  0%| F|  |TAMS 0x0000000098300000, 0x0000000098300000| Untracked 
| 388|0x0000000098400000, 0x0000000098400000, 0x0000000098500000|  0%| F|  |TAMS 0x0000000098400000, 0x0000000098400000| Untracked 
| 389|0x0000000098500000, 0x0000000098500000, 0x0000000098600000|  0%| F|  |TAMS 0x0000000098500000, 0x0000000098500000| Untracked 
| 390|0x0000000098600000, 0x0000000098600000, 0x0000000098700000|  0%| F|  |TAMS 0x0000000098600000, 0x0000000098600000| Untracked 
| 391|0x0000000098700000, 0x0000000098700000, 0x0000000098800000|  0%| F|  |TAMS 0x0000000098700000, 0x0000000098700000| Untracked 
| 392|0x0000000098800000, 0x0000000098800000, 0x0000000098900000|  0%| F|  |TAMS 0x0000000098800000, 0x0000000098800000| Untracked 
| 393|0x0000000098900000, 0x0000000098900000, 0x0000000098a00000|  0%| F|  |TAMS 0x0000000098900000, 0x0000000098900000| Untracked 
| 394|0x0000000098a00000, 0x0000000098a00000, 0x0000000098b00000|  0%| F|  |TAMS 0x0000000098a00000, 0x0000000098a00000| Untracked 
| 395|0x0000000098b00000, 0x0000000098b00000, 0x0000000098c00000|  0%| F|  |TAMS 0x0000000098b00000, 0x0000000098b00000| Untracked 
| 396|0x0000000098c00000, 0x0000000098c00000, 0x0000000098d00000|  0%| F|  |TAMS 0x0000000098c00000, 0x0000000098c00000| Untracked 
| 397|0x0000000098d00000, 0x0000000098d00000, 0x0000000098e00000|  0%| F|  |TAMS 0x0000000098d00000, 0x0000000098d00000| Untracked 
| 398|0x0000000098e00000, 0x0000000098e00000, 0x0000000098f00000|  0%| F|  |TAMS 0x0000000098e00000, 0x0000000098e00000| Untracked 
| 399|0x0000000098f00000, 0x0000000098f00000, 0x0000000099000000|  0%| F|  |TAMS 0x0000000098f00000, 0x0000000098f00000| Untracked 
| 400|0x0000000099000000, 0x0000000099000000, 0x0000000099100000|  0%| F|  |TAMS 0x0000000099000000, 0x0000000099000000| Untracked 
| 401|0x0000000099100000, 0x0000000099100000, 0x0000000099200000|  0%| F|  |TAMS 0x0000000099100000, 0x0000000099100000| Untracked 
| 402|0x0000000099200000, 0x0000000099200000, 0x0000000099300000|  0%| F|  |TAMS 0x0000000099200000, 0x0000000099200000| Untracked 
| 403|0x0000000099300000, 0x0000000099300000, 0x0000000099400000|  0%| F|  |TAMS 0x0000000099300000, 0x0000000099300000| Untracked 
| 404|0x0000000099400000, 0x0000000099400000, 0x0000000099500000|  0%| F|  |TAMS 0x0000000099400000, 0x0000000099400000| Untracked 
| 405|0x0000000099500000, 0x0000000099500000, 0x0000000099600000|  0%| F|  |TAMS 0x0000000099500000, 0x0000000099500000| Untracked 
| 406|0x0000000099600000, 0x0000000099600000, 0x0000000099700000|  0%| F|  |TAMS 0x0000000099600000, 0x0000000099600000| Untracked 
| 407|0x0000000099700000, 0x0000000099700000, 0x0000000099800000|  0%| F|  |TAMS 0x0000000099700000, 0x0000000099700000| Untracked 
| 408|0x0000000099800000, 0x0000000099800000, 0x0000000099900000|  0%| F|  |TAMS 0x0000000099800000, 0x0000000099800000| Untracked 
| 409|0x0000000099900000, 0x0000000099900000, 0x0000000099a00000|  0%| F|  |TAMS 0x0000000099900000, 0x0000000099900000| Untracked 
| 410|0x0000000099a00000, 0x0000000099a00000, 0x0000000099b00000|  0%| F|  |TAMS 0x0000000099a00000, 0x0000000099a00000| Untracked 
| 411|0x0000000099b00000, 0x0000000099b00000, 0x0000000099c00000|  0%| F|  |TAMS 0x0000000099b00000, 0x0000000099b00000| Untracked 
| 412|0x0000000099c00000, 0x0000000099c00000, 0x0000000099d00000|  0%| F|  |TAMS 0x0000000099c00000, 0x0000000099c00000| Untracked 
| 413|0x0000000099d00000, 0x0000000099d00000, 0x0000000099e00000|  0%| F|  |TAMS 0x0000000099d00000, 0x0000000099d00000| Untracked 
| 414|0x0000000099e00000, 0x0000000099e00000, 0x0000000099f00000|  0%| F|  |TAMS 0x0000000099e00000, 0x0000000099e00000| Untracked 
| 415|0x0000000099f00000, 0x0000000099f00000, 0x000000009a000000|  0%| F|  |TAMS 0x0000000099f00000, 0x0000000099f00000| Untracked 
| 416|0x000000009a000000, 0x000000009a000000, 0x000000009a100000|  0%| F|  |TAMS 0x000000009a000000, 0x000000009a000000| Untracked 
| 417|0x000000009a100000, 0x000000009a100000, 0x000000009a200000|  0%| F|  |TAMS 0x000000009a100000, 0x000000009a100000| Untracked 
| 418|0x000000009a200000, 0x000000009a200000, 0x000000009a300000|  0%| F|  |TAMS 0x000000009a200000, 0x000000009a200000| Untracked 
| 419|0x000000009a300000, 0x000000009a300000, 0x000000009a400000|  0%| F|  |TAMS 0x000000009a300000, 0x000000009a300000| Untracked 
| 420|0x000000009a400000, 0x000000009a400000, 0x000000009a500000|  0%| F|  |TAMS 0x000000009a400000, 0x000000009a400000| Untracked 
| 421|0x000000009a500000, 0x000000009a500000, 0x000000009a600000|  0%| F|  |TAMS 0x000000009a500000, 0x000000009a500000| Untracked 
| 422|0x000000009a600000, 0x000000009a600000, 0x000000009a700000|  0%| F|  |TAMS 0x000000009a600000, 0x000000009a600000| Untracked 
| 423|0x000000009a700000, 0x000000009a700000, 0x000000009a800000|  0%| F|  |TAMS 0x000000009a700000, 0x000000009a700000| Untracked 
| 424|0x000000009a800000, 0x000000009a800000, 0x000000009a900000|  0%| F|  |TAMS 0x000000009a800000, 0x000000009a800000| Untracked 
| 425|0x000000009a900000, 0x000000009a900000, 0x000000009aa00000|  0%| F|  |TAMS 0x000000009a900000, 0x000000009a900000| Untracked 
| 426|0x000000009aa00000, 0x000000009aa00000, 0x000000009ab00000|  0%| F|  |TAMS 0x000000009aa00000, 0x000000009aa00000| Untracked 
| 427|0x000000009ab00000, 0x000000009ab00000, 0x000000009ac00000|  0%| F|  |TAMS 0x000000009ab00000, 0x000000009ab00000| Untracked 
| 428|0x000000009ac00000, 0x000000009ac00000, 0x000000009ad00000|  0%| F|  |TAMS 0x000000009ac00000, 0x000000009ac00000| Untracked 
| 429|0x000000009ad00000, 0x000000009ad00000, 0x000000009ae00000|  0%| F|  |TAMS 0x000000009ad00000, 0x000000009ad00000| Untracked 
| 430|0x000000009ae00000, 0x000000009ae00000, 0x000000009af00000|  0%| F|  |TAMS 0x000000009ae00000, 0x000000009ae00000| Untracked 
| 431|0x000000009af00000, 0x000000009af00000, 0x000000009b000000|  0%| F|  |TAMS 0x000000009af00000, 0x000000009af00000| Untracked 
| 432|0x000000009b000000, 0x000000009b000000, 0x000000009b100000|  0%| F|  |TAMS 0x000000009b000000, 0x000000009b000000| Untracked 
| 433|0x000000009b100000, 0x000000009b100000, 0x000000009b200000|  0%| F|  |TAMS 0x000000009b100000, 0x000000009b100000| Untracked 
| 434|0x000000009b200000, 0x000000009b200000, 0x000000009b300000|  0%| F|  |TAMS 0x000000009b200000, 0x000000009b200000| Untracked 
| 435|0x000000009b300000, 0x000000009b300000, 0x000000009b400000|  0%| F|  |TAMS 0x000000009b300000, 0x000000009b300000| Untracked 
| 436|0x000000009b400000, 0x000000009b400000, 0x000000009b500000|  0%| F|  |TAMS 0x000000009b400000, 0x000000009b400000| Untracked 
| 437|0x000000009b500000, 0x000000009b500000, 0x000000009b600000|  0%| F|  |TAMS 0x000000009b500000, 0x000000009b500000| Untracked 
| 438|0x000000009b600000, 0x000000009b600000, 0x000000009b700000|  0%| F|  |TAMS 0x000000009b600000, 0x000000009b600000| Untracked 
| 439|0x000000009b700000, 0x000000009b700000, 0x000000009b800000|  0%| F|  |TAMS 0x000000009b700000, 0x000000009b700000| Untracked 
| 440|0x000000009b800000, 0x000000009b800000, 0x000000009b900000|  0%| F|  |TAMS 0x000000009b800000, 0x000000009b800000| Untracked 
| 441|0x000000009b900000, 0x000000009b900000, 0x000000009ba00000|  0%| F|  |TAMS 0x000000009b900000, 0x000000009b900000| Untracked 
| 442|0x000000009ba00000, 0x000000009ba00000, 0x000000009bb00000|  0%| F|  |TAMS 0x000000009ba00000, 0x000000009ba00000| Untracked 
| 443|0x000000009bb00000, 0x000000009bb00000, 0x000000009bc00000|  0%| F|  |TAMS 0x000000009bb00000, 0x000000009bb00000| Untracked 
| 444|0x000000009bc00000, 0x000000009bc00000, 0x000000009bd00000|  0%| F|  |TAMS 0x000000009bc00000, 0x000000009bc00000| Untracked 
| 445|0x000000009bd00000, 0x000000009bd00000, 0x000000009be00000|  0%| F|  |TAMS 0x000000009bd00000, 0x000000009bd00000| Untracked 
| 446|0x000000009be00000, 0x000000009be00000, 0x000000009bf00000|  0%| F|  |TAMS 0x000000009be00000, 0x000000009be00000| Untracked 
| 447|0x000000009bf00000, 0x000000009bf00000, 0x000000009c000000|  0%| F|  |TAMS 0x000000009bf00000, 0x000000009bf00000| Untracked 
| 448|0x000000009c000000, 0x000000009c000000, 0x000000009c100000|  0%| F|  |TAMS 0x000000009c000000, 0x000000009c000000| Untracked 
| 449|0x000000009c100000, 0x000000009c100000, 0x000000009c200000|  0%| F|  |TAMS 0x000000009c100000, 0x000000009c100000| Untracked 
| 450|0x000000009c200000, 0x000000009c200000, 0x000000009c300000|  0%| F|  |TAMS 0x000000009c200000, 0x000000009c200000| Untracked 
| 451|0x000000009c300000, 0x000000009c300000, 0x000000009c400000|  0%| F|  |TAMS 0x000000009c300000, 0x000000009c300000| Untracked 
| 452|0x000000009c400000, 0x000000009c400000, 0x000000009c500000|  0%| F|  |TAMS 0x000000009c400000, 0x000000009c400000| Untracked 
| 453|0x000000009c500000, 0x000000009c500000, 0x000000009c600000|  0%| F|  |TAMS 0x000000009c500000, 0x000000009c500000| Untracked 
| 454|0x000000009c600000, 0x000000009c600000, 0x000000009c700000|  0%| F|  |TAMS 0x000000009c600000, 0x000000009c600000| Untracked 
| 455|0x000000009c700000, 0x000000009c700000, 0x000000009c800000|  0%| F|  |TAMS 0x000000009c700000, 0x000000009c700000| Untracked 
| 456|0x000000009c800000, 0x000000009c800000, 0x000000009c900000|  0%| F|  |TAMS 0x000000009c800000, 0x000000009c800000| Untracked 
| 457|0x000000009c900000, 0x000000009c900000, 0x000000009ca00000|  0%| F|  |TAMS 0x000000009c900000, 0x000000009c900000| Untracked 
| 458|0x000000009ca00000, 0x000000009ca00000, 0x000000009cb00000|  0%| F|  |TAMS 0x000000009ca00000, 0x000000009ca00000| Untracked 
| 459|0x000000009cb00000, 0x000000009cb00000, 0x000000009cc00000|  0%| F|  |TAMS 0x000000009cb00000, 0x000000009cb00000| Untracked 
| 460|0x000000009cc00000, 0x000000009cc00000, 0x000000009cd00000|  0%| F|  |TAMS 0x000000009cc00000, 0x000000009cc00000| Untracked 
| 461|0x000000009cd00000, 0x000000009cd00000, 0x000000009ce00000|  0%| F|  |TAMS 0x000000009cd00000, 0x000000009cd00000| Untracked 
| 462|0x000000009ce00000, 0x000000009ce00000, 0x000000009cf00000|  0%| F|  |TAMS 0x000000009ce00000, 0x000000009ce00000| Untracked 
| 463|0x000000009cf00000, 0x000000009cf00000, 0x000000009d000000|  0%| F|  |TAMS 0x000000009cf00000, 0x000000009cf00000| Untracked 
| 464|0x000000009d000000, 0x000000009d000000, 0x000000009d100000|  0%| F|  |TAMS 0x000000009d000000, 0x000000009d000000| Untracked 
| 465|0x000000009d100000, 0x000000009d100000, 0x000000009d200000|  0%| F|  |TAMS 0x000000009d100000, 0x000000009d100000| Untracked 
| 466|0x000000009d200000, 0x000000009d200000, 0x000000009d300000|  0%| F|  |TAMS 0x000000009d200000, 0x000000009d200000| Untracked 
| 467|0x000000009d300000, 0x000000009d300000, 0x000000009d400000|  0%| F|  |TAMS 0x000000009d300000, 0x000000009d300000| Untracked 
| 468|0x000000009d400000, 0x000000009d400000, 0x000000009d500000|  0%| F|  |TAMS 0x000000009d400000, 0x000000009d400000| Untracked 
| 469|0x000000009d500000, 0x000000009d500000, 0x000000009d600000|  0%| F|  |TAMS 0x000000009d500000, 0x000000009d500000| Untracked 
| 470|0x000000009d600000, 0x000000009d600000, 0x000000009d700000|  0%| F|  |TAMS 0x000000009d600000, 0x000000009d600000| Untracked 
| 471|0x000000009d700000, 0x000000009d700000, 0x000000009d800000|  0%| F|  |TAMS 0x000000009d700000, 0x000000009d700000| Untracked 
| 472|0x000000009d800000, 0x000000009d800000, 0x000000009d900000|  0%| F|  |TAMS 0x000000009d800000, 0x000000009d800000| Untracked 
| 473|0x000000009d900000, 0x000000009d900000, 0x000000009da00000|  0%| F|  |TAMS 0x000000009d900000, 0x000000009d900000| Untracked 
| 474|0x000000009da00000, 0x000000009da00000, 0x000000009db00000|  0%| F|  |TAMS 0x000000009da00000, 0x000000009da00000| Untracked 
| 475|0x000000009db00000, 0x000000009db00000, 0x000000009dc00000|  0%| F|  |TAMS 0x000000009db00000, 0x000000009db00000| Untracked 
| 476|0x000000009dc00000, 0x000000009dc00000, 0x000000009dd00000|  0%| F|  |TAMS 0x000000009dc00000, 0x000000009dc00000| Untracked 
| 477|0x000000009dd00000, 0x000000009dd00000, 0x000000009de00000|  0%| F|  |TAMS 0x000000009dd00000, 0x000000009dd00000| Untracked 
| 478|0x000000009de00000, 0x000000009de00000, 0x000000009df00000|  0%| F|  |TAMS 0x000000009de00000, 0x000000009de00000| Untracked 
| 479|0x000000009df00000, 0x000000009df00000, 0x000000009e000000|  0%| F|  |TAMS 0x000000009df00000, 0x000000009df00000| Untracked 
| 480|0x000000009e000000, 0x000000009e000000, 0x000000009e100000|  0%| F|  |TAMS 0x000000009e000000, 0x000000009e000000| Untracked 
| 481|0x000000009e100000, 0x000000009e100000, 0x000000009e200000|  0%| F|  |TAMS 0x000000009e100000, 0x000000009e100000| Untracked 
| 482|0x000000009e200000, 0x000000009e200000, 0x000000009e300000|  0%| F|  |TAMS 0x000000009e200000, 0x000000009e200000| Untracked 
| 483|0x000000009e300000, 0x000000009e300000, 0x000000009e400000|  0%| F|  |TAMS 0x000000009e300000, 0x000000009e300000| Untracked 
| 484|0x000000009e400000, 0x000000009e400000, 0x000000009e500000|  0%| F|  |TAMS 0x000000009e400000, 0x000000009e400000| Untracked 
| 485|0x000000009e500000, 0x000000009e500000, 0x000000009e600000|  0%| F|  |TAMS 0x000000009e500000, 0x000000009e500000| Untracked 
| 486|0x000000009e600000, 0x000000009e600000, 0x000000009e700000|  0%| F|  |TAMS 0x000000009e600000, 0x000000009e600000| Untracked 
| 487|0x000000009e700000, 0x000000009e700000, 0x000000009e800000|  0%| F|  |TAMS 0x000000009e700000, 0x000000009e700000| Untracked 
| 488|0x000000009e800000, 0x000000009e800000, 0x000000009e900000|  0%| F|  |TAMS 0x000000009e800000, 0x000000009e800000| Untracked 
| 489|0x000000009e900000, 0x000000009e900000, 0x000000009ea00000|  0%| F|  |TAMS 0x000000009e900000, 0x000000009e900000| Untracked 
| 490|0x000000009ea00000, 0x000000009ea00000, 0x000000009eb00000|  0%| F|  |TAMS 0x000000009ea00000, 0x000000009ea00000| Untracked 
| 491|0x000000009eb00000, 0x000000009eb00000, 0x000000009ec00000|  0%| F|  |TAMS 0x000000009eb00000, 0x000000009eb00000| Untracked 
| 492|0x000000009ec00000, 0x000000009ec00000, 0x000000009ed00000|  0%| F|  |TAMS 0x000000009ec00000, 0x000000009ec00000| Untracked 
| 493|0x000000009ed00000, 0x000000009ed00000, 0x000000009ee00000|  0%| F|  |TAMS 0x000000009ed00000, 0x000000009ed00000| Untracked 
| 494|0x000000009ee00000, 0x000000009ee00000, 0x000000009ef00000|  0%| F|  |TAMS 0x000000009ee00000, 0x000000009ee00000| Untracked 
| 495|0x000000009ef00000, 0x000000009ef00000, 0x000000009f000000|  0%| F|  |TAMS 0x000000009ef00000, 0x000000009ef00000| Untracked 
| 496|0x000000009f000000, 0x000000009f000000, 0x000000009f100000|  0%| F|  |TAMS 0x000000009f000000, 0x000000009f000000| Untracked 
| 497|0x000000009f100000, 0x000000009f100000, 0x000000009f200000|  0%| F|  |TAMS 0x000000009f100000, 0x000000009f100000| Untracked 
| 498|0x000000009f200000, 0x000000009f200000, 0x000000009f300000|  0%| F|  |TAMS 0x000000009f200000, 0x000000009f200000| Untracked 
| 499|0x000000009f300000, 0x000000009f300000, 0x000000009f400000|  0%| F|  |TAMS 0x000000009f300000, 0x000000009f300000| Untracked 
| 500|0x000000009f400000, 0x000000009f400000, 0x000000009f500000|  0%| F|  |TAMS 0x000000009f400000, 0x000000009f400000| Untracked 
| 501|0x000000009f500000, 0x000000009f500000, 0x000000009f600000|  0%| F|  |TAMS 0x000000009f500000, 0x000000009f500000| Untracked 
| 502|0x000000009f600000, 0x000000009f600000, 0x000000009f700000|  0%| F|  |TAMS 0x000000009f600000, 0x000000009f600000| Untracked 
| 503|0x000000009f700000, 0x000000009f700000, 0x000000009f800000|  0%| F|  |TAMS 0x000000009f700000, 0x000000009f700000| Untracked 
| 504|0x000000009f800000, 0x000000009f800000, 0x000000009f900000|  0%| F|  |TAMS 0x000000009f800000, 0x000000009f800000| Untracked 
| 505|0x000000009f900000, 0x000000009f900000, 0x000000009fa00000|  0%| F|  |TAMS 0x000000009f900000, 0x000000009f900000| Untracked 
| 506|0x000000009fa00000, 0x000000009fa00000, 0x000000009fb00000|  0%| F|  |TAMS 0x000000009fa00000, 0x000000009fa00000| Untracked 
| 507|0x000000009fb00000, 0x000000009fb00000, 0x000000009fc00000|  0%| F|  |TAMS 0x000000009fb00000, 0x000000009fb00000| Untracked 
| 508|0x000000009fc00000, 0x000000009fc7d1c0, 0x000000009fd00000| 48%| S|CS|TAMS 0x000000009fc00000, 0x000000009fc00000| Complete 
| 509|0x000000009fd00000, 0x000000009fe00000, 0x000000009fe00000|100%| S|CS|TAMS 0x000000009fd00000, 0x000000009fd00000| Complete 
| 510|0x000000009fe00000, 0x000000009ff00000, 0x000000009ff00000|100%| S|CS|TAMS 0x000000009fe00000, 0x000000009fe00000| Complete 
| 511|0x000000009ff00000, 0x00000000a0000000, 0x00000000a0000000|100%| S|CS|TAMS 0x000000009ff00000, 0x000000009ff00000| Complete 
| 512|0x00000000a0000000, 0x00000000a0100000, 0x00000000a0100000|100%| S|CS|TAMS 0x00000000a0000000, 0x00000000a0000000| Complete 
| 513|0x00000000a0100000, 0x00000000a0200000, 0x00000000a0200000|100%| S|CS|TAMS 0x00000000a0100000, 0x00000000a0100000| Complete 
| 514|0x00000000a0200000, 0x00000000a0300000, 0x00000000a0300000|100%| S|CS|TAMS 0x00000000a0200000, 0x00000000a0200000| Complete 
| 515|0x00000000a0300000, 0x00000000a0400000, 0x00000000a0400000|100%| S|CS|TAMS 0x00000000a0300000, 0x00000000a0300000| Complete 
| 516|0x00000000a0400000, 0x00000000a0500000, 0x00000000a0500000|100%| S|CS|TAMS 0x00000000a0400000, 0x00000000a0400000| Complete 
| 517|0x00000000a0500000, 0x00000000a0600000, 0x00000000a0600000|100%| S|CS|TAMS 0x00000000a0500000, 0x00000000a0500000| Complete 
| 518|0x00000000a0600000, 0x00000000a0700000, 0x00000000a0700000|100%| S|CS|TAMS 0x00000000a0600000, 0x00000000a0600000| Complete 
| 519|0x00000000a0700000, 0x00000000a0800000, 0x00000000a0800000|100%| S|CS|TAMS 0x00000000a0700000, 0x00000000a0700000| Complete 
| 520|0x00000000a0800000, 0x00000000a0800000, 0x00000000a0900000|  0%| F|  |TAMS 0x00000000a0800000, 0x00000000a0800000| Untracked 
| 521|0x00000000a0900000, 0x00000000a0900000, 0x00000000a0a00000|  0%| F|  |TAMS 0x00000000a0900000, 0x00000000a0900000| Untracked 
| 522|0x00000000a0a00000, 0x00000000a0a00000, 0x00000000a0b00000|  0%| F|  |TAMS 0x00000000a0a00000, 0x00000000a0a00000| Untracked 
| 523|0x00000000a0b00000, 0x00000000a0b00000, 0x00000000a0c00000|  0%| F|  |TAMS 0x00000000a0b00000, 0x00000000a0b00000| Untracked 
| 524|0x00000000a0c00000, 0x00000000a0c00000, 0x00000000a0d00000|  0%| F|  |TAMS 0x00000000a0c00000, 0x00000000a0c00000| Untracked 
| 525|0x00000000a0d00000, 0x00000000a0d00000, 0x00000000a0e00000|  0%| F|  |TAMS 0x00000000a0d00000, 0x00000000a0d00000| Untracked 
| 526|0x00000000a0e00000, 0x00000000a0e00000, 0x00000000a0f00000|  0%| F|  |TAMS 0x00000000a0e00000, 0x00000000a0e00000| Untracked 
| 527|0x00000000a0f00000, 0x00000000a0f00000, 0x00000000a1000000|  0%| F|  |TAMS 0x00000000a0f00000, 0x00000000a0f00000| Untracked 
| 528|0x00000000a1000000, 0x00000000a1000000, 0x00000000a1100000|  0%| F|  |TAMS 0x00000000a1000000, 0x00000000a1000000| Untracked 
| 529|0x00000000a1100000, 0x00000000a1100000, 0x00000000a1200000|  0%| F|  |TAMS 0x00000000a1100000, 0x00000000a1100000| Untracked 
| 530|0x00000000a1200000, 0x00000000a1200000, 0x00000000a1300000|  0%| F|  |TAMS 0x00000000a1200000, 0x00000000a1200000| Untracked 
| 531|0x00000000a1300000, 0x00000000a1300000, 0x00000000a1400000|  0%| F|  |TAMS 0x00000000a1300000, 0x00000000a1300000| Untracked 
| 532|0x00000000a1400000, 0x00000000a1400000, 0x00000000a1500000|  0%| F|  |TAMS 0x00000000a1400000, 0x00000000a1400000| Untracked 
| 533|0x00000000a1500000, 0x00000000a1500000, 0x00000000a1600000|  0%| F|  |TAMS 0x00000000a1500000, 0x00000000a1500000| Untracked 
| 534|0x00000000a1600000, 0x00000000a1600000, 0x00000000a1700000|  0%| F|  |TAMS 0x00000000a1600000, 0x00000000a1600000| Untracked 
| 535|0x00000000a1700000, 0x00000000a1700000, 0x00000000a1800000|  0%| F|  |TAMS 0x00000000a1700000, 0x00000000a1700000| Untracked 
| 536|0x00000000a1800000, 0x00000000a1800000, 0x00000000a1900000|  0%| F|  |TAMS 0x00000000a1800000, 0x00000000a1800000| Untracked 
| 537|0x00000000a1900000, 0x00000000a1900000, 0x00000000a1a00000|  0%| F|  |TAMS 0x00000000a1900000, 0x00000000a1900000| Untracked 
| 538|0x00000000a1a00000, 0x00000000a1a00000, 0x00000000a1b00000|  0%| F|  |TAMS 0x00000000a1a00000, 0x00000000a1a00000| Untracked 
| 539|0x00000000a1b00000, 0x00000000a1b00000, 0x00000000a1c00000|  0%| F|  |TAMS 0x00000000a1b00000, 0x00000000a1b00000| Untracked 
| 540|0x00000000a1c00000, 0x00000000a1c00000, 0x00000000a1d00000|  0%| F|  |TAMS 0x00000000a1c00000, 0x00000000a1c00000| Untracked 
| 541|0x00000000a1d00000, 0x00000000a1d00000, 0x00000000a1e00000|  0%| F|  |TAMS 0x00000000a1d00000, 0x00000000a1d00000| Untracked 
| 542|0x00000000a1e00000, 0x00000000a1e00000, 0x00000000a1f00000|  0%| F|  |TAMS 0x00000000a1e00000, 0x00000000a1e00000| Untracked 
| 543|0x00000000a1f00000, 0x00000000a1f00000, 0x00000000a2000000|  0%| F|  |TAMS 0x00000000a1f00000, 0x00000000a1f00000| Untracked 
| 544|0x00000000a2000000, 0x00000000a2000000, 0x00000000a2100000|  0%| F|  |TAMS 0x00000000a2000000, 0x00000000a2000000| Untracked 
| 545|0x00000000a2100000, 0x00000000a2100000, 0x00000000a2200000|  0%| F|  |TAMS 0x00000000a2100000, 0x00000000a2100000| Untracked 
| 546|0x00000000a2200000, 0x00000000a2200000, 0x00000000a2300000|  0%| F|  |TAMS 0x00000000a2200000, 0x00000000a2200000| Untracked 
| 547|0x00000000a2300000, 0x00000000a2300000, 0x00000000a2400000|  0%| F|  |TAMS 0x00000000a2300000, 0x00000000a2300000| Untracked 
| 548|0x00000000a2400000, 0x00000000a2400000, 0x00000000a2500000|  0%| F|  |TAMS 0x00000000a2400000, 0x00000000a2400000| Untracked 
| 549|0x00000000a2500000, 0x00000000a2500000, 0x00000000a2600000|  0%| F|  |TAMS 0x00000000a2500000, 0x00000000a2500000| Untracked 
| 550|0x00000000a2600000, 0x00000000a2600000, 0x00000000a2700000|  0%| F|  |TAMS 0x00000000a2600000, 0x00000000a2600000| Untracked 
| 551|0x00000000a2700000, 0x00000000a2700000, 0x00000000a2800000|  0%| F|  |TAMS 0x00000000a2700000, 0x00000000a2700000| Untracked 
| 552|0x00000000a2800000, 0x00000000a2800000, 0x00000000a2900000|  0%| F|  |TAMS 0x00000000a2800000, 0x00000000a2800000| Untracked 
| 553|0x00000000a2900000, 0x00000000a2900000, 0x00000000a2a00000|  0%| F|  |TAMS 0x00000000a2900000, 0x00000000a2900000| Untracked 
| 554|0x00000000a2a00000, 0x00000000a2a00000, 0x00000000a2b00000|  0%| F|  |TAMS 0x00000000a2a00000, 0x00000000a2a00000| Untracked 
| 555|0x00000000a2b00000, 0x00000000a2b00000, 0x00000000a2c00000|  0%| F|  |TAMS 0x00000000a2b00000, 0x00000000a2b00000| Untracked 
| 556|0x00000000a2c00000, 0x00000000a2c00000, 0x00000000a2d00000|  0%| F|  |TAMS 0x00000000a2c00000, 0x00000000a2c00000| Untracked 
| 557|0x00000000a2d00000, 0x00000000a2d00000, 0x00000000a2e00000|  0%| F|  |TAMS 0x00000000a2d00000, 0x00000000a2d00000| Untracked 
| 558|0x00000000a2e00000, 0x00000000a2e00000, 0x00000000a2f00000|  0%| F|  |TAMS 0x00000000a2e00000, 0x00000000a2e00000| Untracked 
| 559|0x00000000a2f00000, 0x00000000a2f00000, 0x00000000a3000000|  0%| F|  |TAMS 0x00000000a2f00000, 0x00000000a2f00000| Untracked 
| 560|0x00000000a3000000, 0x00000000a3000000, 0x00000000a3100000|  0%| F|  |TAMS 0x00000000a3000000, 0x00000000a3000000| Untracked 
| 561|0x00000000a3100000, 0x00000000a3100000, 0x00000000a3200000|  0%| F|  |TAMS 0x00000000a3100000, 0x00000000a3100000| Untracked 
| 562|0x00000000a3200000, 0x00000000a3200000, 0x00000000a3300000|  0%| F|  |TAMS 0x00000000a3200000, 0x00000000a3200000| Untracked 
| 563|0x00000000a3300000, 0x00000000a3300000, 0x00000000a3400000|  0%| F|  |TAMS 0x00000000a3300000, 0x00000000a3300000| Untracked 
| 564|0x00000000a3400000, 0x00000000a3400000, 0x00000000a3500000|  0%| F|  |TAMS 0x00000000a3400000, 0x00000000a3400000| Untracked 
| 565|0x00000000a3500000, 0x00000000a3500000, 0x00000000a3600000|  0%| F|  |TAMS 0x00000000a3500000, 0x00000000a3500000| Untracked 
| 566|0x00000000a3600000, 0x00000000a3600000, 0x00000000a3700000|  0%| F|  |TAMS 0x00000000a3600000, 0x00000000a3600000| Untracked 
| 567|0x00000000a3700000, 0x00000000a3700000, 0x00000000a3800000|  0%| F|  |TAMS 0x00000000a3700000, 0x00000000a3700000| Untracked 
| 568|0x00000000a3800000, 0x00000000a3800000, 0x00000000a3900000|  0%| F|  |TAMS 0x00000000a3800000, 0x00000000a3800000| Untracked 
| 569|0x00000000a3900000, 0x00000000a3900000, 0x00000000a3a00000|  0%| F|  |TAMS 0x00000000a3900000, 0x00000000a3900000| Untracked 
| 570|0x00000000a3a00000, 0x00000000a3a00000, 0x00000000a3b00000|  0%| F|  |TAMS 0x00000000a3a00000, 0x00000000a3a00000| Untracked 
| 571|0x00000000a3b00000, 0x00000000a3b00000, 0x00000000a3c00000|  0%| F|  |TAMS 0x00000000a3b00000, 0x00000000a3b00000| Untracked 
| 572|0x00000000a3c00000, 0x00000000a3c00000, 0x00000000a3d00000|  0%| F|  |TAMS 0x00000000a3c00000, 0x00000000a3c00000| Untracked 
| 573|0x00000000a3d00000, 0x00000000a3d00000, 0x00000000a3e00000|  0%| F|  |TAMS 0x00000000a3d00000, 0x00000000a3d00000| Untracked 
| 574|0x00000000a3e00000, 0x00000000a3e00000, 0x00000000a3f00000|  0%| F|  |TAMS 0x00000000a3e00000, 0x00000000a3e00000| Untracked 
| 575|0x00000000a3f00000, 0x00000000a3f00000, 0x00000000a4000000|  0%| F|  |TAMS 0x00000000a3f00000, 0x00000000a3f00000| Untracked 
| 576|0x00000000a4000000, 0x00000000a4000000, 0x00000000a4100000|  0%| F|  |TAMS 0x00000000a4000000, 0x00000000a4000000| Untracked 
| 577|0x00000000a4100000, 0x00000000a4100000, 0x00000000a4200000|  0%| F|  |TAMS 0x00000000a4100000, 0x00000000a4100000| Untracked 
| 578|0x00000000a4200000, 0x00000000a4200000, 0x00000000a4300000|  0%| F|  |TAMS 0x00000000a4200000, 0x00000000a4200000| Untracked 
| 579|0x00000000a4300000, 0x00000000a4300000, 0x00000000a4400000|  0%| F|  |TAMS 0x00000000a4300000, 0x00000000a4300000| Untracked 

Card table byte_map: [0x000002409cee0000,0x000002409d2e0000] _byte_map_base: 0x000002409cae0000

Marking Bits (Prev, Next): (CMBitMap*) 0x0000024085c67c90, (CMBitMap*) 0x0000024085c67cd0
 Prev Bits: [0x000002409d6e0000, 0x000002409f6e0000)
 Next Bits: [0x000002409f6e0000, 0x00000240a16e0000)

Polling page: 0x0000024083b60000

Metaspace:

Usage:
  Non-class:    109.93 MB used.
      Class:     17.12 MB used.
       Both:    127.05 MB used.

Virtual space:
  Non-class space:      128.00 MB reserved,     110.94 MB ( 87%) committed,  2 nodes.
      Class space:        1.00 GB reserved,      18.19 MB (  2%) committed,  1 nodes.
             Both:        1.12 GB reserved,     129.12 MB ( 11%) committed. 

Chunk freelists:
   Non-Class:  528.00 KB
       Class:  1.84 MB
        Both:  2.36 MB

MaxMetaspaceSize: unlimited
CompressedClassSpaceSize: 1.00 GB
Initial GC threshold: 21.00 MB
Current GC threshold: 211.50 MB
CDS: on
MetaspaceReclaimPolicy: balanced
 - commit_granule_bytes: 65536.
 - commit_granule_words: 8192.
 - virtual_space_node_default_size: 8388608.
 - enlarge_chunks_in_place: 1.
 - new_chunks_are_fully_committed: 0.
 - uncommit_free_chunks: 1.
 - use_allocation_guard: 0.


Internal statistics:

num_allocs_failed_limit: 9.
num_arena_births: 4066.
num_arena_deaths: 112.
num_vsnodes_births: 3.
num_vsnodes_deaths: 0.
num_space_committed: 2066.
num_space_uncommitted: 0.
num_chunks_returned_to_freelist: 176.
num_chunks_taken_from_freelist: 9980.
num_chunk_merges: 73.
num_chunk_splits: 6511.
num_chunks_enlarged: 4184.
num_inconsistent_stats: 0.

CodeHeap 'non-profiled nmethods': size=120000Kb used=15344Kb max_used=15344Kb free=104655Kb
 bounds [0x0000024095280000, 0x0000024096180000, 0x000002409c7b0000]
CodeHeap 'profiled nmethods': size=120000Kb used=39964Kb max_used=39964Kb free=80035Kb
 bounds [0x000002408dd50000, 0x0000024090460000, 0x0000024095280000]
CodeHeap 'non-nmethods': size=5760Kb used=2504Kb max_used=2560Kb free=3256Kb
 bounds [0x000002408d7b0000, 0x000002408da40000, 0x000002408dd50000]
 total_blobs=21620 nmethods=20594 adapters=937
 compilation: enabled
              stopped_count=0, restarted_count=0
 full_count=0

Compilation events (20 events):
Event: 356.157 Thread 0x00000240a40d9af0 25881   !   3       com.sun.tools.javac.file.Locations$SearchPath::addFile (275 bytes)
Event: 356.158 Thread 0x00000240a40d9af0 nmethod 25881 0x000002409044e210 code [0x000002409044e620, 0x00000240904502c8]
Event: 356.158 Thread 0x00000240a40d9af0 25882       3       com.sun.tools.javac.file.CacheFSInfo::exists (9 bytes)
Event: 356.159 Thread 0x00000240a40d9af0 nmethod 25882 0x0000024090450c90 code [0x0000024090450ea0, 0x0000024090451678]
Event: 356.164 Thread 0x00000240a40d9af0 25883       3       com.sun.tools.javac.file.CacheFSInfo$$Lambda$3571/0x0000000801d56300::apply (12 bytes)
Event: 356.164 Thread 0x00000240a40d9af0 nmethod 25883 0x0000024090451990 code [0x0000024090451b80, 0x00000240904521a8]
Event: 356.164 Thread 0x00000240a40d9af0 25884       3       com.sun.tools.javac.file.CacheFSInfo::lambda$getCanonicalFile$1 (6 bytes)
Event: 356.164 Thread 0x00000240a40d9af0 nmethod 25884 0x0000024090452410 code [0x00000240904525e0, 0x0000024090452aa8]
Event: 356.169 Thread 0x00000240a40d9af0 25885       3       com.sun.tools.javac.file.CacheFSInfo$$Lambda$3573/0x0000000801d5dba8::apply (12 bytes)
Event: 356.169 Thread 0x00000240a40d9af0 nmethod 25885 0x0000024090452c90 code [0x0000024090452ee0, 0x0000024090453938]
Event: 356.169 Thread 0x00000240a40d9af0 25886   !   3       com.sun.tools.javac.file.CacheFSInfo::maybeReadAttributes (19 bytes)
Event: 356.170 Thread 0x00000240a40d9af0 nmethod 25886 0x0000024090453d90 code [0x0000024090453fc0, 0x0000024090454878]
Event: 356.173 Thread 0x00000240a40d9af0 25887       3       com.sun.tools.javac.util.StringUtils::toLowerCase (8 bytes)
Event: 356.173 Thread 0x00000240a40d9af0 nmethod 25887 0x0000024090454c90 code [0x0000024090454e60, 0x0000024090455178]
Event: 356.257 Thread 0x00000240a40d9af0 25888       3       java.util.regex.Pattern::split (288 bytes)
Event: 356.260 Thread 0x00000240a40d9af0 nmethod 25888 0x0000024090455290 code [0x0000024090455780, 0x0000024090458ad8]
Event: 356.260 Thread 0x00000240a40d9af0 25889       3       com.sun.tools.javac.util.ListBuffer::add (8 bytes)
Event: 356.260 Thread 0x00000240a40d9af0 nmethod 25889 0x0000024090459a10 code [0x0000024090459ba0, 0x0000024090459ce8]
Event: 356.272 Thread 0x00000240a40d7100 25890       4       sun.nio.fs.WindowsPath::getFileName (87 bytes)
Event: 356.289 Thread 0x00000240a40d7100 nmethod 25890 0x000002409617ad90 code [0x000002409617af60, 0x000002409617bbd8]

GC Heap History (20 events):
Event: 38.086 GC heap after
{Heap after GC invocations=47 (full 0):
 garbage-first heap   total 419840K, used 214400K [0x0000000080000000, 0x0000000100000000)
  region size 1024K, 9 young (9216K), 9 survivors (9216K)
 Metaspace       used 111577K, committed 113600K, reserved 1179648K
  class space    used 15491K, committed 16576K, reserved 1048576K
}
Event: 38.117 GC heap before
{Heap before GC invocations=47 (full 0):
 garbage-first heap   total 419840K, used 243072K [0x0000000080000000, 0x0000000100000000)
  region size 1024K, 10 young (10240K), 9 survivors (9216K)
 Metaspace       used 111577K, committed 113600K, reserved 1179648K
  class space    used 15491K, committed 16576K, reserved 1048576K
}
Event: 38.124 GC heap after
{Heap after GC invocations=48 (full 0):
 garbage-first heap   total 419840K, used 212069K [0x0000000080000000, 0x0000000100000000)
  region size 1024K, 9 young (9216K), 9 survivors (9216K)
 Metaspace       used 111577K, committed 113600K, reserved 1179648K
  class space    used 15491K, committed 16576K, reserved 1048576K
}
Event: 151.302 GC heap before
{Heap before GC invocations=48 (full 0):
 garbage-first heap   total 419840K, used 378981K [0x0000000080000000, 0x0000000100000000)
  region size 1024K, 154 young (157696K), 9 survivors (9216K)
 Metaspace       used 115987K, committed 117952K, reserved 1179648K
  class space    used 15853K, committed 16896K, reserved 1048576K
}
Event: 151.403 GC heap after
{Heap after GC invocations=49 (full 0):
 garbage-first heap   total 419840K, used 198737K [0x0000000080000000, 0x0000000100000000)
  region size 1024K, 20 young (20480K), 20 survivors (20480K)
 Metaspace       used 115987K, committed 117952K, reserved 1179648K
  class space    used 15853K, committed 16896K, reserved 1048576K
}
Event: 164.210 GC heap before
{Heap before GC invocations=49 (full 0):
 garbage-first heap   total 419840K, used 352337K [0x0000000080000000, 0x0000000100000000)
  region size 1024K, 171 young (175104K), 20 survivors (20480K)
 Metaspace       used 120201K, committed 122432K, reserved 1179648K
  class space    used 16366K, committed 17536K, reserved 1048576K
}
Event: 164.331 GC heap after
{Heap after GC invocations=50 (full 0):
 garbage-first heap   total 419840K, used 209402K [0x0000000080000000, 0x0000000100000000)
  region size 1024K, 12 young (12288K), 12 survivors (12288K)
 Metaspace       used 120201K, committed 122432K, reserved 1179648K
  class space    used 16366K, committed 17536K, reserved 1048576K
}
Event: 165.901 GC heap before
{Heap before GC invocations=50 (full 0):
 garbage-first heap   total 419840K, used 386554K [0x0000000080000000, 0x0000000100000000)
  region size 1024K, 150 young (153600K), 12 survivors (12288K)
 Metaspace       used 120707K, committed 122880K, reserved 1179648K
  class space    used 16412K, committed 17536K, reserved 1048576K
}
Event: 165.916 GC heap after
{Heap after GC invocations=51 (full 0):
 garbage-first heap   total 419840K, used 249124K [0x0000000080000000, 0x0000000100000000)
  region size 1024K, 11 young (11264K), 11 survivors (11264K)
 Metaspace       used 120707K, committed 122880K, reserved 1179648K
  class space    used 16412K, committed 17536K, reserved 1048576K
}
Event: 322.419 GC heap before
{Heap before GC invocations=52 (full 0):
 garbage-first heap   total 593920K, used 431396K [0x0000000080000000, 0x0000000100000000)
  region size 1024K, 99 young (101376K), 11 survivors (11264K)
 Metaspace       used 120929K, committed 123072K, reserved 1179648K
  class space    used 16398K, committed 17536K, reserved 1048576K
}
Event: 322.569 GC heap after
{Heap after GC invocations=53 (full 0):
 garbage-first heap   total 593920K, used 223989K [0x0000000080000000, 0x0000000100000000)
  region size 1024K, 12 young (12288K), 12 survivors (12288K)
 Metaspace       used 120929K, committed 123072K, reserved 1179648K
  class space    used 16398K, committed 17536K, reserved 1048576K
}
Event: 323.122 GC heap before
{Heap before GC invocations=53 (full 0):
 garbage-first heap   total 593920K, used 241397K [0x0000000080000000, 0x0000000100000000)
  region size 1024K, 29 young (29696K), 12 survivors (12288K)
 Metaspace       used 120962K, committed 123072K, reserved 1179648K
  class space    used 16398K, committed 17536K, reserved 1048576K
}
Event: 323.346 GC heap after
{Heap after GC invocations=54 (full 0):
 garbage-first heap   total 593920K, used 192181K [0x0000000080000000, 0x0000000100000000)
  region size 1024K, 4 young (4096K), 4 survivors (4096K)
 Metaspace       used 120962K, committed 123072K, reserved 1179648K
  class space    used 16398K, committed 17536K, reserved 1048576K
}
Event: 351.121 GC heap before
{Heap before GC invocations=54 (full 0):
 garbage-first heap   total 593920K, used 435893K [0x0000000080000000, 0x0000000100000000)
  region size 1024K, 244 young (249856K), 4 survivors (4096K)
 Metaspace       used 123485K, committed 125568K, reserved 1179648K
  class space    used 16719K, committed 17792K, reserved 1048576K
}
Event: 351.283 GC heap after
{Heap after GC invocations=55 (full 0):
 garbage-first heap   total 593920K, used 217601K [0x0000000080000000, 0x0000000100000000)
  region size 1024K, 29 young (29696K), 29 survivors (29696K)
 Metaspace       used 123485K, committed 125568K, reserved 1179648K
  class space    used 16719K, committed 17792K, reserved 1048576K
}
Event: 355.359 GC heap before
{Heap before GC invocations=56 (full 0):
 garbage-first heap   total 593920K, used 324097K [0x0000000080000000, 0x0000000100000000)
  region size 1024K, 131 young (134144K), 29 survivors (29696K)
 Metaspace       used 130058K, committed 132160K, reserved 1179648K
  class space    used 17525K, committed 18624K, reserved 1048576K
}
Event: 355.460 GC heap after
{Heap after GC invocations=57 (full 0):
 garbage-first heap   total 593920K, used 223232K [0x0000000080000000, 0x0000000100000000)
  region size 1024K, 9 young (9216K), 9 survivors (9216K)
 Metaspace       used 130058K, committed 132160K, reserved 1179648K
  class space    used 17525K, committed 18624K, reserved 1048576K
}
Event: 355.567 GC heap before
{Heap before GC invocations=57 (full 0):
 garbage-first heap   total 593920K, used 243712K [0x0000000080000000, 0x0000000100000000)
  region size 1024K, 29 young (29696K), 9 survivors (9216K)
 Metaspace       used 130065K, committed 132160K, reserved 1179648K
  class space    used 17525K, committed 18624K, reserved 1048576K
}
Event: 355.638 GC heap after
{Heap after GC invocations=58 (full 0):
 garbage-first heap   total 593920K, used 192960K [0x0000000080000000, 0x0000000100000000)
  region size 1024K, 2 young (2048K), 2 survivors (2048K)
 Metaspace       used 130065K, committed 132160K, reserved 1179648K
  class space    used 17525K, committed 18624K, reserved 1048576K
}
Event: 356.337 GC heap before
{Heap before GC invocations=58 (full 0):
 garbage-first heap   total 593920K, used 250304K [0x0000000080000000, 0x0000000100000000)
  region size 1024K, 60 young (61440K), 2 survivors (2048K)
 Metaspace       used 130096K, committed 132224K, reserved 1179648K
  class space    used 17526K, committed 18624K, reserved 1048576K
}

Deoptimization events (20 events):
Event: 355.857 Thread 0x00000240ade135e0 Uncommon trap: trap_request=0xffffffde fr.pc=0x0000024096043f80 relative=0x0000000000002980
Event: 355.857 Thread 0x00000240ade135e0 Uncommon trap: reason=class_check action=maybe_recompile pc=0x0000024096043f80 method=org.gradle.api.internal.tasks.compile.incremental.compilerapi.deps.DependentsSet.merge(Ljava/util/Collection;)Lorg/gradle/api/internal/tasks/compile/incremental/compiler
Event: 355.857 Thread 0x00000240ade135e0 DEOPT PACKING pc=0x0000024096043f80 sp=0x000000430fdfab40
Event: 355.857 Thread 0x00000240ade135e0 DEOPT UNPACKING pc=0x000002408d805c23 sp=0x000000430fdfab10 mode 2
Event: 355.858 Thread 0x00000240ade135e0 Uncommon trap: trap_request=0xffffffde fr.pc=0x0000024096043f80 relative=0x0000000000002980
Event: 355.858 Thread 0x00000240ade135e0 Uncommon trap: reason=class_check action=maybe_recompile pc=0x0000024096043f80 method=org.gradle.api.internal.tasks.compile.incremental.compilerapi.deps.DependentsSet.merge(Ljava/util/Collection;)Lorg/gradle/api/internal/tasks/compile/incremental/compiler
Event: 355.858 Thread 0x00000240ade135e0 DEOPT PACKING pc=0x0000024096043f80 sp=0x000000430fdfab40
Event: 355.858 Thread 0x00000240ade135e0 DEOPT UNPACKING pc=0x000002408d805c23 sp=0x000000430fdfab10 mode 2
Event: 355.858 Thread 0x00000240ade135e0 Uncommon trap: trap_request=0xffffffde fr.pc=0x0000024096043f80 relative=0x0000000000002980
Event: 355.858 Thread 0x00000240ade135e0 Uncommon trap: reason=class_check action=maybe_recompile pc=0x0000024096043f80 method=org.gradle.api.internal.tasks.compile.incremental.compilerapi.deps.DependentsSet.merge(Ljava/util/Collection;)Lorg/gradle/api/internal/tasks/compile/incremental/compiler
Event: 355.858 Thread 0x00000240ade135e0 DEOPT PACKING pc=0x0000024096043f80 sp=0x000000430fdfab40
Event: 355.858 Thread 0x00000240ade135e0 DEOPT UNPACKING pc=0x000002408d805c23 sp=0x000000430fdfab10 mode 2
Event: 355.858 Thread 0x00000240ade135e0 Uncommon trap: trap_request=0xffffffde fr.pc=0x0000024096043f80 relative=0x0000000000002980
Event: 355.858 Thread 0x00000240ade135e0 Uncommon trap: reason=class_check action=maybe_recompile pc=0x0000024096043f80 method=org.gradle.api.internal.tasks.compile.incremental.compilerapi.deps.DependentsSet.merge(Ljava/util/Collection;)Lorg/gradle/api/internal/tasks/compile/incremental/compiler
Event: 355.858 Thread 0x00000240ade135e0 DEOPT PACKING pc=0x0000024096043f80 sp=0x000000430fdfab40
Event: 355.858 Thread 0x00000240ade135e0 DEOPT UNPACKING pc=0x000002408d805c23 sp=0x000000430fdfab10 mode 2
Event: 355.975 Thread 0x00000240ade135e0 Uncommon trap: trap_request=0xffffff45 fr.pc=0x000002409614bbe0 relative=0x00000000000007c0
Event: 355.975 Thread 0x00000240ade135e0 Uncommon trap: reason=unstable_if action=reinterpret pc=0x000002409614bbe0 method=java.util.ArrayDeque.grow(I)V @ 83 c2
Event: 355.975 Thread 0x00000240ade135e0 DEOPT PACKING pc=0x000002409614bbe0 sp=0x000000430fdfab20
Event: 355.975 Thread 0x00000240ade135e0 DEOPT UNPACKING pc=0x000002408d805c23 sp=0x000000430fdfaac0 mode 2

Classes loaded (20 events):
Event: 350.620 Loading class java/util/ResourceBundle$3
Event: 350.621 Loading class java/util/ResourceBundle$3 done
Event: 350.665 Loading class java/util/ResourceBundle$BundleReference
Event: 350.665 Loading class java/util/ResourceBundle$BundleReference done
Event: 350.901 Loading class java/util/ServiceLoader$ProviderSpliterator
Event: 350.903 Loading class java/util/ServiceLoader$ProviderSpliterator done
Event: 354.433 Loading class java/util/ImmutableCollections$Access
Event: 354.433 Loading class java/util/ImmutableCollections$Access done
Event: 354.433 Loading class java/util/ImmutableCollections$Access$1
Event: 354.433 Loading class jdk/internal/access/JavaUtilCollectionAccess
Event: 354.435 Loading class jdk/internal/access/JavaUtilCollectionAccess done
Event: 354.435 Loading class java/util/ImmutableCollections$Access$1 done
Event: 354.743 Loading class java/text/BreakIterator
Event: 354.744 Loading class java/text/BreakIterator done
Event: 354.834 Loading class java/util/function/ToIntBiFunction
Event: 354.834 Loading class java/util/function/ToIntBiFunction done
Event: 354.847 Loading class java/util/EnumMap$Values
Event: 354.847 Loading class java/util/EnumMap$Values done
Event: 354.847 Loading class java/util/EnumMap$ValueIterator
Event: 354.847 Loading class java/util/EnumMap$ValueIterator done

Classes unloaded (20 events):
Event: 166.532 Thread 0x0000024085c88270 Unloading class 0x00000008019a7400 'java/lang/invoke/LambdaForm$MH+0x00000008019a7400'
Event: 166.533 Thread 0x0000024085c88270 Unloading class 0x00000008019a6c00 'java/lang/invoke/LambdaForm$DMH+0x00000008019a6c00'
Event: 166.533 Thread 0x0000024085c88270 Unloading class 0x00000008019a6800 'java/lang/invoke/LambdaForm$DMH+0x00000008019a6800'
Event: 166.533 Thread 0x0000024085c88270 Unloading class 0x00000008019a6400 'java/lang/invoke/LambdaForm$DMH+0x00000008019a6400'
Event: 166.533 Thread 0x0000024085c88270 Unloading class 0x00000008019a5c00 'java/lang/invoke/LambdaForm$DMH+0x00000008019a5c00'
Event: 166.533 Thread 0x0000024085c88270 Unloading class 0x00000008019a5400 'java/lang/invoke/LambdaForm$DMH+0x00000008019a5400'
Event: 166.533 Thread 0x0000024085c88270 Unloading class 0x00000008019a5800 'java/lang/invoke/LambdaForm$DMH+0x00000008019a5800'
Event: 166.533 Thread 0x0000024085c88270 Unloading class 0x00000008019a4800 'java/lang/invoke/LambdaForm$DMH+0x00000008019a4800'
Event: 166.533 Thread 0x0000024085c88270 Unloading class 0x00000008019a4000 'java/lang/invoke/LambdaForm$DMH+0x00000008019a4000'
Event: 166.533 Thread 0x0000024085c88270 Unloading class 0x00000008019a4c00 'java/lang/invoke/LambdaForm$DMH+0x00000008019a4c00'
Event: 166.533 Thread 0x0000024085c88270 Unloading class 0x000000080192b400 'jdk/internal/reflect/GeneratedSerializationConstructorAccessor102'
Event: 166.533 Thread 0x0000024085c88270 Unloading class 0x000000080192b000 'jdk/internal/reflect/GeneratedSerializationConstructorAccessor100'
Event: 166.533 Thread 0x0000024085c88270 Unloading class 0x000000080192a800 'jdk/internal/reflect/GeneratedSerializationConstructorAccessor101'
Event: 166.533 Thread 0x0000024085c88270 Unloading class 0x00000008018e1c00 'java/lang/invoke/LambdaForm$DMH+0x00000008018e1c00'
Event: 166.533 Thread 0x0000024085c88270 Unloading class 0x00000008018e1400 'java/lang/invoke/LambdaForm$DMH+0x00000008018e1400'
Event: 166.533 Thread 0x0000024085c88270 Unloading class 0x00000008018e1000 'java/lang/invoke/LambdaForm$DMH+0x00000008018e1000'
Event: 166.533 Thread 0x0000024085c88270 Unloading class 0x00000008018e0400 'java/lang/invoke/LambdaForm$DMH+0x00000008018e0400'
Event: 166.533 Thread 0x0000024085c88270 Unloading class 0x00000008018e1800 'java/lang/invoke/LambdaForm$DMH+0x00000008018e1800'
Event: 166.533 Thread 0x0000024085c88270 Unloading class 0x00000008018e0000 'java/lang/invoke/LambdaForm$DMH+0x00000008018e0000'
Event: 166.533 Thread 0x0000024085c88270 Unloading class 0x00000008018e0c00 'java/lang/invoke/LambdaForm$DMH+0x00000008018e0c00'

Classes redefined (0 events):
No events

Internal exceptions (20 events):
Event: 354.709 Thread 0x00000240ade135e0 Exception <a 'sun/nio/fs/WindowsException'{0x00000000a04daa48}> (0x00000000a04daa48) 
thrown [s\src\hotspot\share\prims\jni.cpp, line 516]
Event: 354.709 Thread 0x00000240ade135e0 Exception <a 'sun/nio/fs/WindowsException'{0x00000000a04dcdc8}> (0x00000000a04dcdc8) 
thrown [s\src\hotspot\share\prims\jni.cpp, line 516]
Event: 354.709 Thread 0x00000240ade135e0 Exception <a 'sun/nio/fs/WindowsException'{0x00000000a04dd1d8}> (0x00000000a04dd1d8) 
thrown [s\src\hotspot\share\prims\jni.cpp, line 516]
Event: 354.727 Thread 0x00000240ade135e0 Exception <a 'sun/nio/fs/WindowsException'{0x00000000a0366f88}> (0x00000000a0366f88) 
thrown [s\src\hotspot\share\prims\jni.cpp, line 516]
Event: 354.727 Thread 0x00000240ade135e0 Exception <a 'sun/nio/fs/WindowsException'{0x00000000a0367348}> (0x00000000a0367348) 
thrown [s\src\hotspot\share\prims\jni.cpp, line 516]
Event: 354.727 Thread 0x00000240ade135e0 Exception <a 'sun/nio/fs/WindowsException'{0x00000000a0369680}> (0x00000000a0369680) 
thrown [s\src\hotspot\share\prims\jni.cpp, line 516]
Event: 354.727 Thread 0x00000240ade135e0 Exception <a 'sun/nio/fs/WindowsException'{0x00000000a0369a40}> (0x00000000a0369a40) 
thrown [s\src\hotspot\share\prims\jni.cpp, line 516]
Event: 354.727 Thread 0x00000240ade135e0 Exception <a 'sun/nio/fs/WindowsException'{0x00000000a036bd98}> (0x00000000a036bd98) 
thrown [s\src\hotspot\share\prims\jni.cpp, line 516]
Event: 354.727 Thread 0x00000240ade135e0 Exception <a 'sun/nio/fs/WindowsException'{0x00000000a036c188}> (0x00000000a036c188) 
thrown [s\src\hotspot\share\prims\jni.cpp, line 516]
Event: 354.755 Thread 0x00000240ade135e0 Exception <a 'sun/nio/fs/WindowsException'{0x00000000a03ae820}> (0x00000000a03ae820) 
thrown [s\src\hotspot\share\prims\jni.cpp, line 516]
Event: 354.769 Thread 0x00000240ade135e0 Exception <a 'sun/nio/fs/WindowsException'{0x00000000a03e0dd0}> (0x00000000a03e0dd0) 
thrown [s\src\hotspot\share\prims\jni.cpp, line 516]
Event: 354.769 Thread 0x00000240ade135e0 Exception <a 'sun/nio/fs/WindowsException'{0x00000000a03e1230}> (0x00000000a03e1230) 
thrown [s\src\hotspot\share\prims\jni.cpp, line 516]
Event: 354.769 Thread 0x00000240ade135e0 Exception <a 'sun/nio/fs/WindowsException'{0x00000000a03e3b68}> (0x00000000a03e3b68) 
thrown [s\src\hotspot\share\prims\jni.cpp, line 516]
Event: 354.769 Thread 0x00000240ade135e0 Exception <a 'sun/nio/fs/WindowsException'{0x00000000a03e3fb8}> (0x00000000a03e3fb8) 
thrown [s\src\hotspot\share\prims\jni.cpp, line 516]
Event: 354.769 Thread 0x00000240ade135e0 Exception <a 'sun/nio/fs/WindowsException'{0x00000000a03e6908}> (0x00000000a03e6908) 
thrown [s\src\hotspot\share\prims\jni.cpp, line 516]
Event: 354.769 Thread 0x00000240ade135e0 Exception <a 'sun/nio/fs/WindowsException'{0x00000000a03e6da0}> (0x00000000a03e6da0) 
thrown [s\src\hotspot\share\prims\jni.cpp, line 516]
Event: 354.842 Thread 0x00000240ade135e0 Exception <a 'sun/nio/fs/WindowsException'{0x00000000a015ebb0}> (0x00000000a015ebb0) 
thrown [s\src\hotspot\share\prims\jni.cpp, line 516]
Event: 355.212 Thread 0x00000240adfac550 Exception <a 'java/lang/NoSuchMethodError'{0x000000009f0e5bc8}: static Lorg/gradle/internal/build/event/types/DefaultJavaCompileTaskSuccessResult;.<clinit>()V> (0x000000009f0e5bc8) 
thrown [s\src\hotspot\share\prims\jni.cpp, line 1104]
Event: 355.669 Thread 0x00000240b3702670 Implicit null exception at 0x00000240958ba0d7 to 0x00000240958ba184
Event: 355.669 Thread 0x00000240b37051c0 Implicit null exception at 0x00000240958ba0d7 to 0x00000240958ba184

VM Operations (20 events):
Event: 350.990 Executing VM operation: HandshakeAllThreads done
Event: 350.990 Executing VM operation: HandshakeAllThreads
Event: 350.993 Executing VM operation: HandshakeAllThreads done
Event: 351.120 Executing VM operation: G1TryInitiateConcMark
Event: 351.283 Executing VM operation: G1TryInitiateConcMark done
Event: 351.844 Executing VM operation: G1Concurrent
Event: 351.855 Executing VM operation: G1Concurrent done
Event: 351.954 Executing VM operation: G1Concurrent
Event: 351.955 Executing VM operation: G1Concurrent done
Event: 352.956 Executing VM operation: Cleanup
Event: 352.956 Executing VM operation: Cleanup done
Event: 354.780 Executing VM operation: ICBufferFull
Event: 354.781 Executing VM operation: ICBufferFull done
Event: 355.128 Executing VM operation: ICBufferFull
Event: 355.129 Executing VM operation: ICBufferFull done
Event: 355.359 Executing VM operation: G1CollectForAllocation
Event: 355.460 Executing VM operation: G1CollectForAllocation done
Event: 355.567 Executing VM operation: G1CollectForAllocation
Event: 355.638 Executing VM operation: G1CollectForAllocation done
Event: 356.336 Executing VM operation: G1TryInitiateConcMark

Events (20 events):
Event: 351.340 Thread 0x00000240a40e4e80 flushing nmethod 0x000002408eea5210
Event: 351.341 Thread 0x00000240a40e4e80 flushing nmethod 0x000002408ef4e010
Event: 351.341 Thread 0x00000240a40e4e80 flushing nmethod 0x000002408ef80290
Event: 351.343 Thread 0x00000240a40e4e80 flushing nmethod 0x000002408f090990
Event: 351.345 Thread 0x00000240a40e4e80 flushing nmethod 0x000002408f105190
Event: 351.345 Thread 0x00000240a40e4e80 flushing nmethod 0x000002408f12d790
Event: 351.345 Thread 0x00000240a40e4e80 flushing nmethod 0x000002408f12fc10
Event: 351.345 Thread 0x00000240a40e4e80 flushing nmethod 0x000002408f136410
Event: 351.345 Thread 0x00000240a40e4e80 flushing nmethod 0x000002408f149e90
Event: 351.346 Thread 0x00000240a40e4e80 flushing nmethod 0x000002408f19f210
Event: 351.365 Thread 0x00000240a40e4e80 flushing nmethod 0x000002408f85c490
Event: 351.394 Thread 0x00000240a40e4e80 flushing nmethod 0x0000024090320590
Event: 351.956 Thread 0x00000240b53c95c0 Thread added: 0x00000240b53c95c0
Event: 351.982 Thread 0x00000240b53ca4f0 Thread added: 0x00000240b53ca4f0
Event: 352.655 Thread 0x00000240b53ca4f0 Thread exited: 0x00000240b53ca4f0
Event: 354.196 Thread 0x00000240b53c95c0 Thread exited: 0x00000240b53c95c0
Event: 354.545 Thread 0x00000240b53c49d0 Thread added: 0x00000240b53c49d0
Event: 354.972 Thread 0x00000240b53c49d0 Thread exited: 0x00000240b53c49d0
Event: 355.160 Thread 0x00000240b53c9fe0 Thread added: 0x00000240b53c9fe0
Event: 356.157 Thread 0x00000240b53c9fe0 Thread exited: 0x00000240b53c9fe0


Dynamic libraries:
0x00007ff7bb1e0000 - 0x00007ff7bb1ee000 	C:\Users\amrhi\.jdks\azul-18.0.2.1\bin\java.exe
0x00007ffef9e50000 - 0x00007ffefa067000 	C:\WINDOWS\SYSTEM32\ntdll.dll
0x00007ffef8140000 - 0x00007ffef8204000 	C:\WINDOWS\System32\KERNEL32.DLL
0x00007ffef77e0000 - 0x00007ffef7b8d000 	C:\WINDOWS\System32\KERNELBASE.dll
0x00007ffef7300000 - 0x00007ffef7411000 	C:\WINDOWS\System32\ucrtbase.dll
0x00007ffeda2f0000 - 0x00007ffeda307000 	C:\Users\amrhi\.jdks\azul-18.0.2.1\bin\jli.dll
0x00007ffef9430000 - 0x00007ffef95de000 	C:\WINDOWS\System32\USER32.dll
0x00007ffed94d0000 - 0x00007ffed9763000 	C:\WINDOWS\WinSxS\amd64_microsoft.windows.common-controls_6595b64144ccf1df_6.0.22621.3672_none_2713b9d173822955\COMCTL32.dll
0x00007ffef71b0000 - 0x00007ffef71d6000 	C:\WINDOWS\System32\win32u.dll
0x00007ffef7c20000 - 0x00007ffef7c49000 	C:\WINDOWS\System32\GDI32.dll
0x00007ffef8c20000 - 0x00007ffef8cc7000 	C:\WINDOWS\System32\msvcrt.dll
0x00007ffef7420000 - 0x00007ffef7539000 	C:\WINDOWS\System32\gdi32full.dll
0x00007ffeda310000 - 0x00007ffeda32b000 	C:\Users\amrhi\.jdks\azul-18.0.2.1\bin\VCRUNTIME140.dll
0x00007ffef7260000 - 0x00007ffef72fa000 	C:\WINDOWS\System32\msvcp_win.dll
0x00007ffef8db0000 - 0x00007ffef8de1000 	C:\WINDOWS\System32\IMM32.DLL
0x00007ffeda2e0000 - 0x00007ffeda2ec000 	C:\Users\amrhi\.jdks\azul-18.0.2.1\bin\vcruntime140_1.dll
0x00007ffeda250000 - 0x00007ffeda2dd000 	C:\Users\amrhi\.jdks\azul-18.0.2.1\bin\msvcp140.dll
0x00007ffe872e0000 - 0x00007ffe87f80000 	C:\Users\amrhi\.jdks\azul-18.0.2.1\bin\server\jvm.dll
0x00007ffef90b0000 - 0x00007ffef9162000 	C:\WINDOWS\System32\ADVAPI32.dll
0x00007ffef99d0000 - 0x00007ffef9a79000 	C:\WINDOWS\System32\sechost.dll
0x00007ffef7180000 - 0x00007ffef71a8000 	C:\WINDOWS\System32\bcrypt.dll
0x00007ffef98a0000 - 0x00007ffef99b4000 	C:\WINDOWS\System32\RPCRT4.dll
0x00007ffef99c0000 - 0x00007ffef99c8000 	C:\WINDOWS\System32\PSAPI.DLL
0x00007ffeeea00000 - 0x00007ffeeea34000 	C:\WINDOWS\SYSTEM32\WINMM.dll
0x00007ffeec530000 - 0x00007ffeec53a000 	C:\WINDOWS\SYSTEM32\VERSION.dll
0x00007ffed4900000 - 0x00007ffed4909000 	C:\WINDOWS\SYSTEM32\WSOCK32.dll
0x00007ffef7ba0000 - 0x00007ffef7c11000 	C:\WINDOWS\System32\WS2_32.dll
0x00007ffef62a0000 - 0x00007ffef62b8000 	C:\WINDOWS\SYSTEM32\kernel.appcore.dll
0x00007ffed52f0000 - 0x00007ffed52fa000 	C:\Users\amrhi\.jdks\azul-18.0.2.1\bin\jimage.dll
0x00007ffef4b50000 - 0x00007ffef4d82000 	C:\WINDOWS\SYSTEM32\DBGHELP.DLL
0x00007ffef9a80000 - 0x00007ffef9e08000 	C:\WINDOWS\System32\combase.dll
0x00007ffef92d0000 - 0x00007ffef93a7000 	C:\WINDOWS\System32\OLEAUT32.dll
0x00007ffedb100000 - 0x00007ffedb132000 	C:\WINDOWS\SYSTEM32\dbgcore.DLL
0x00007ffef71e0000 - 0x00007ffef725b000 	C:\WINDOWS\System32\bcryptPrimitives.dll
0x00007ffed52b0000 - 0x00007ffed52d5000 	C:\Users\amrhi\.jdks\azul-18.0.2.1\bin\java.dll
0x00007ffed51d0000 - 0x00007ffed52a7000 	C:\Users\amrhi\.jdks\azul-18.0.2.1\bin\jsvml.dll
0x00007ffef83c0000 - 0x00007ffef8c1f000 	C:\WINDOWS\System32\SHELL32.dll
0x00007ffef50d0000 - 0x00007ffef59cc000 	C:\WINDOWS\SYSTEM32\windows.storage.dll
0x00007ffef4f90000 - 0x00007ffef50cf000 	C:\WINDOWS\SYSTEM32\wintypes.dll
0x00007ffef8fb0000 - 0x00007ffef90a4000 	C:\WINDOWS\System32\SHCORE.dll
0x00007ffef8cd0000 - 0x00007ffef8d2e000 	C:\WINDOWS\System32\shlwapi.dll
0x00007ffef70b0000 - 0x00007ffef70d1000 	C:\WINDOWS\SYSTEM32\profapi.dll
0x00007ffed5190000 - 0x00007ffed51a3000 	C:\Users\amrhi\.jdks\azul-18.0.2.1\bin\net.dll
0x00007ffef0180000 - 0x00007ffef02b6000 	C:\WINDOWS\SYSTEM32\WINHTTP.dll
0x00007ffef6710000 - 0x00007ffef6779000 	C:\WINDOWS\system32\mswsock.dll
0x00007ffed5170000 - 0x00007ffed5186000 	C:\Users\amrhi\.jdks\azul-18.0.2.1\bin\nio.dll
0x00007ffed51b0000 - 0x00007ffed51c8000 	C:\Users\amrhi\.jdks\azul-18.0.2.1\bin\zip.dll
0x00007ffed5140000 - 0x00007ffed5150000 	C:\Users\amrhi\.jdks\azul-18.0.2.1\bin\verify.dll
0x00007ffec6620000 - 0x00007ffec6647000 	C:\Users\amrhi\.gradle\native\e1d6ef7f7dcc3fd88c89a11ec53ec762bb8ba0a96d01ffa2cd45eb1d1d8dd5c5\windows-amd64\native-platform.dll
0x00007ffedad20000 - 0x00007ffedae64000 	C:\Users\amrhi\.gradle\native\0d407fdbe67a94daf76414ababcb853783967236a71b16ec16e742cd7a986fd3\windows-amd64\native-platform-file-events.dll
0x00007ffeb45a0000 - 0x00007ffeb45a9000 	C:\Users\amrhi\.jdks\azul-18.0.2.1\bin\management.dll
0x00007ffeb00a0000 - 0x00007ffeb00ab000 	C:\Users\amrhi\.jdks\azul-18.0.2.1\bin\management_ext.dll
0x00007ffef6970000 - 0x00007ffef698b000 	C:\WINDOWS\SYSTEM32\CRYPTSP.dll
0x00007ffef6200000 - 0x00007ffef6235000 	C:\WINDOWS\system32\rsaenh.dll
0x00007ffef6810000 - 0x00007ffef6838000 	C:\WINDOWS\SYSTEM32\USERENV.dll
0x00007ffef6990000 - 0x00007ffef699c000 	C:\WINDOWS\SYSTEM32\CRYPTBASE.dll
0x00007ffef5cb0000 - 0x00007ffef5cdd000 	C:\WINDOWS\SYSTEM32\IPHLPAPI.DLL
0x00007ffef95e0000 - 0x00007ffef95e9000 	C:\WINDOWS\System32\NSI.dll
0x00007ffef2940000 - 0x00007ffef2959000 	C:\WINDOWS\SYSTEM32\dhcpcsvc6.DLL
0x00007ffef0160000 - 0x00007ffef017f000 	C:\WINDOWS\SYSTEM32\dhcpcsvc.DLL
0x00007ffef5ce0000 - 0x00007ffef5dd8000 	C:\WINDOWS\SYSTEM32\DNSAPI.dll
0x00007ffecb510000 - 0x00007ffecb527000 	C:\WINDOWS\system32\napinsp.dll
0x00007ffecb4f0000 - 0x00007ffecb50b000 	C:\WINDOWS\system32\pnrpnsp.dll
0x00007ffecb4d0000 - 0x00007ffecb4e1000 	C:\WINDOWS\System32\winrnr.dll
0x00007ffeee590000 - 0x00007ffeee5a5000 	C:\WINDOWS\system32\wshbth.dll
0x00007ffecb4a0000 - 0x00007ffecb4c7000 	C:\WINDOWS\system32\nlansp_c.dll
0x00007ffef2930000 - 0x00007ffef293a000 	C:\Windows\System32\rasadhlp.dll
0x00007ffeee750000 - 0x00007ffeee7d3000 	C:\WINDOWS\System32\fwpuclnt.dll
0x00007ffeedb40000 - 0x00007ffeedb4e000 	C:\Users\amrhi\.jdks\azul-18.0.2.1\bin\sunmscapi.dll
0x00007ffef7600000 - 0x00007ffef7767000 	C:\WINDOWS\System32\CRYPT32.dll
0x00007ffef6b30000 - 0x00007ffef6b5e000 	C:\WINDOWS\SYSTEM32\ncrypt.dll
0x00007ffef6af0000 - 0x00007ffef6b27000 	C:\WINDOWS\SYSTEM32\NTASN1.dll
0x00007ffeedbf0000 - 0x00007ffeedbf7000 	C:\Users\amrhi\.jdks\azul-18.0.2.1\bin\rmi.dll
0x00007ffef62c0000 - 0x00007ffef62f4000 	C:\WINDOWS\SYSTEM32\ntmarta.dll

dbghelp: loaded successfully - version: 4.0.5 - missing functions: none
symbol engine: initialized successfully - sym options: 0x614 - pdb path: .;C:\Users\amrhi\.jdks\azul-18.0.2.1\bin;C:\WINDOWS\SYSTEM32;C:\WINDOWS\WinSxS\amd64_microsoft.windows.common-controls_6595b64144ccf1df_6.0.22621.3672_none_2713b9d173822955;C:\Users\amrhi\.jdks\azul-18.0.2.1\bin\server;C:\Users\amrhi\.gradle\native\e1d6ef7f7dcc3fd88c89a11ec53ec762bb8ba0a96d01ffa2cd45eb1d1d8dd5c5\windows-amd64;C:\Users\amrhi\.gradle\native\0d407fdbe67a94daf76414ababcb853783967236a71b16ec16e742cd7a986fd3\windows-amd64

VM Arguments:
jvm_args: --add-opens=java.base/java.util=ALL-UNNAMED --add-opens=java.base/java.lang=ALL-UNNAMED --add-opens=java.base/java.lang.invoke=ALL-UNNAMED --add-opens=java.base/java.util=ALL-UNNAMED --add-opens=java.prefs/java.util.prefs=ALL-UNNAMED --add-opens=java.prefs/java.util.prefs=ALL-UNNAMED --add-opens=java.base/java.nio.charset=ALL-UNNAMED --add-opens=java.base/java.net=ALL-UNNAMED --add-opens=java.base/java.util.concurrent.atomic=ALL-UNNAMED -Xmx2048m -Dfile.encoding=UTF-8 -Duser.country=US -Duser.language=en -Duser.variant 
java_command: org.gradle.launcher.daemon.bootstrap.GradleDaemon 7.5
java_class_path (initial): C:\Users\amrhi\.gradle\wrapper\dists\gradle-7.5-bin\f1w0cc9nuo0eivz97x2xlu9sv\gradle-7.5\lib\gradle-launcher-7.5.jar
Launcher Type: SUN_STANDARD

[Global flags]
     intx CICompilerCount                          = 4                                         {product} {ergonomic}
     uint ConcGCThreads                            = 2                                         {product} {ergonomic}
     uint G1ConcRefinementThreads                  = 8                                         {product} {ergonomic}
   size_t G1HeapRegionSize                         = 1048576                                   {product} {ergonomic}
    uintx GCDrainStackTargetSize                   = 64                                        {product} {ergonomic}
   size_t InitialHeapSize                          = 130023424                                 {product} {ergonomic}
   size_t MarkStackSize                            = 4194304                                   {product} {ergonomic}
   size_t MaxHeapSize                              = 2147483648                                {product} {command line}
   size_t MaxNewSize                               = 1287651328                                {product} {ergonomic}
   size_t MinHeapDeltaBytes                        = 1048576                                   {product} {ergonomic}
   size_t MinHeapSize                              = 8388608                                   {product} {ergonomic}
    uintx NonNMethodCodeHeapSize                   = 5839372                                {pd product} {ergonomic}
    uintx NonProfiledCodeHeapSize                  = 122909434                              {pd product} {ergonomic}
    uintx ProfiledCodeHeapSize                     = 122909434                              {pd product} {ergonomic}
    uintx ReservedCodeCacheSize                    = 251658240                              {pd product} {ergonomic}
     bool SegmentedCodeCache                       = true                                      {product} {ergonomic}
   size_t SoftMaxHeapSize                          = 2147483648                             {manageable} {ergonomic}
     bool UseCompressedClassPointers               = true                           {product lp64_product} {ergonomic}
     bool UseCompressedOops                        = true                           {product lp64_product} {ergonomic}
     bool UseG1GC                                  = true                                      {product} {ergonomic}
     bool UseLargePagesIndividualAllocation        = false                                  {pd product} {ergonomic}

Logging:
Log output configuration:
 #0: stdout all=warning uptime,level,tags foldmultilines=false
 #1: stderr all=off uptime,level,tags foldmultilines=false

Environment Variables:
PATH=C:\Program Files (x86)\Common Files\Intel\Shared Files\fortran\bin\Intel64;C:\Program Files (x86)\Common Files\Intel\Shared Libraries\redist\intel64_win\mpirt;C:\Program Files (x86)\Common Files\Intel\Shared Libraries\redist\intel64_win\compiler;C:\Program Files (x86)\Common Files\Oracle\Java\javapath;C:\Windows\system32;C:\Windows;C:\Windows\System32\Wbem;C:\Windows\System32\WindowsPowerShell\v1.0\;C:\Windows\System32\OpenSSH\;C:\Program Files (x86)\NVIDIA Corporation\PhysX\Common;C:\Program Files\NVIDIA Corporation\NVIDIA NvDLISR;C:\WINDOWS\system32;C:\WINDOWS;C:\WINDOWS\System32\Wbem;C:\WINDOWS\System32\WindowsPowerShell\v1.0\;C:\WINDOWS\System32\OpenSSH\;C:\Program Files\Microsoft SQL Server\110\Tools\Binn\;C:\Program Files\Git\cmd;C:\Program Files\MySQL\MySQL Shell 8.0\bin\;C:\Users\amrhi\AppData\Local\Microsoft\WindowsApps;
USERNAME=amrhi
OS=Windows_NT
PROCESSOR_IDENTIFIER=Intel64 Family 6 Model 140 Stepping 1, GenuineIntel



---------------  S Y S T E M  ---------------

OS:
 Windows 11 , 64 bit Build 22621 (10.0.22621.3672)
OS uptime: 0 days 0:47 hours

CPU: total 8 (initial active 8) (4 cores per cpu, 2 threads per core) family 6 model 140 stepping 1 microcode 0x86, cx8, cmov, fxsr, ht, mmx, 3dnowpref, sse, sse2, sse3, ssse3, sse4.1, sse4.2, popcnt, lzcnt, tsc, tscinvbit, avx, avx2, aes, erms, clmul, bmi1, bmi2, adx, avx512f, avx512dq, avx512cd, avx512bw, avx512vl, sha, fma, vzeroupper, avx512_vpopcntdq, avx512_vpclmulqdq, avx512_vaes, avx512_vnni, clflush, clflushopt, clwb, avx512_vbmi2, avx512_vbmi

Memory: 4k page, system-wide physical 7886M (564M free)
TotalPageFile size 22088M (AvailPageFile size 409M)
current process WorkingSet (physical memory assigned to process): 492M, peak: 667M
current process commit charge ("private bytes"): 1014M, peak: 1531M

vm_info: OpenJDK 64-Bit Server VM (18.0.2.1+1) for windows-amd64 JRE (18.0.2.1+1) (Zulu18.32+13-CA), built on Aug 23 2022 15:53:35 by "zulu_re" with MS VC++ 16.10 / 16.11 (VS2019)

END.
