#
# There is insufficient memory for the Java Runtime Environment to continue.
# Native memory allocation (malloc) failed to allocate 2117776 bytes for Chunk::new
# Possible reasons:
#   The system is out of physical RAM or swap space
#   The process is running with CompressedOops enabled, and the Java Heap may be blocking the growth of the native heap
# Possible solutions:
#   Reduce memory load on the system
#   Increase physical memory or swap space
#   Check if swap backing store is full
#   Decrease Java heap size (-Xmx/-Xms)
#   Decrease number of Java threads
#   Decrease Java thread stack sizes (-Xss)
#   Set larger code cache with -XX:ReservedCodeCacheSize=
#   JVM is running with Unscaled Compressed Oops mode in which the Java heap is
#     placed in the first 4GB address space. The Java Heap base address is the
#     maximum limit for the native heap growth. Please use -XX:HeapBaseMinAddress
#     to set the Java Heap base and to place the Java Heap above 4GB virtual address.
# This output file may be truncated or incomplete.
#
#  Out of Memory Error (arena.cpp:184), pid=6100, tid=1260
#
# JRE version: OpenJDK Runtime Environment Zulu18.32+13-CA (18.0.2.1+1) (build 18.0.2.1+1)
# Java VM: OpenJDK 64-Bit Server VM Zulu18.32+13-CA (18.0.2.1+1, mixed mode, sharing, tiered, compressed oops, compressed class ptrs, g1 gc, windows-amd64)
# No core dump will be written. Minidumps are not enabled by default on client versions of Windows
#

---------------  S U M M A R Y ------------

Command Line: --add-opens=java.base/java.util=ALL-UNNAMED --add-opens=java.base/java.lang=ALL-UNNAMED --add-opens=java.base/java.lang.invoke=ALL-UNNAMED --add-opens=java.base/java.util=ALL-UNNAMED --add-opens=java.prefs/java.util.prefs=ALL-UNNAMED --add-opens=java.prefs/java.util.prefs=ALL-UNNAMED --add-opens=java.base/java.nio.charset=ALL-UNNAMED --add-opens=java.base/java.net=ALL-UNNAMED --add-opens=java.base/java.util.concurrent.atomic=ALL-UNNAMED -Xmx2048m -Dfile.encoding=UTF-8 -Duser.country=US -Duser.language=en -Duser.variant org.gradle.launcher.daemon.bootstrap.GradleDaemon 7.5

Host: 11th Gen Intel(R) Core(TM) i5-1135G7 @ 2.40GHz, 8 cores, 7G,  Windows 11 , 64 bit Build 22621 (10.0.22621.3672)
Time: Fri Jul 12 16:01:10 2024 Egypt Daylight Time elapsed time: 54.008367 seconds (0d 0h 0m 54s)

---------------  T H R E A D  ---------------

Current thread (0x0000016127ab1080):  JavaThread "C2 CompilerThread1" daemon [_thread_in_native, id=1260, stack(0x0000003196700000,0x0000003196800000)]


Current CompileTask:
C2:  54008 19459       4       org.gradle.api.internal.tasks.compile.incremental.serialization.HierarchicalNameSerializer::readName (51 bytes)

Stack: [0x0000003196700000,0x0000003196800000]
Native frames: (J=compiled Java code, j=interpreted, Vv=VM code, C=native code)
V  [jvm.dll+0x69ea0a]
V  [jvm.dll+0x84dfbd]
V  [jvm.dll+0x84f8ce]
V  [jvm.dll+0x84ff83]
V  [jvm.dll+0x25fa1f]
V  [jvm.dll+0xba71f]
V  [jvm.dll+0xbaa95]
V  [jvm.dll+0x389261]
V  [jvm.dll+0x353141]
V  [jvm.dll+0x3525da]
V  [jvm.dll+0x232a81]
V  [jvm.dll+0x231e51]
V  [jvm.dll+0x1bc3fc]
V  [jvm.dll+0x2418bb]
V  [jvm.dll+0x23fb95]
V  [jvm.dll+0x8002a6]
V  [jvm.dll+0x7fa6da]
V  [jvm.dll+0x69d8b5]
C  [ucrtbase.dll+0x29333]
C  [KERNEL32.DLL+0x1257d]
C  [ntdll.dll+0x5af28]


---------------  P R O C E S S  ---------------

Threads class SMR info:
_java_thread_list=0x0000016130ac9c50, length=156, elements={
0x0000016100356ee0, 0x00000161207d5180, 0x00000161207d5b20, 0x00000161207f3c40,
0x00000161207f44f0, 0x00000161207f6ea0, 0x00000161207f7840, 0x00000161207fa520,
0x00000161207fc720, 0x0000016120806130, 0x0000016124cb7be0, 0x0000016124cb88e0,
0x00000161264d7480, 0x00000161263a4720, 0x00000161263a31c0, 0x00000161263e71b0,
0x00000161263e7670, 0x00000161265420c0, 0x00000161265e0e40, 0x00000161265e8e60,
0x0000016126200290, 0x0000016126201f70, 0x00000161262032b0, 0x0000016126202440,
0x00000161262015d0, 0x0000016126200c30, 0x0000016126201100, 0x0000016126202de0,
0x0000016126203780, 0x00000161261ffdc0, 0x0000016126201aa0, 0x00000161283cfa40,
0x00000161283cff10, 0x00000161283cf570, 0x00000161283d1250, 0x00000161283d2a60,
0x00000161283cf0a0, 0x000001612887ae90, 0x000001612887bd00, 0x000001612887a9c0,
0x0000016128879680, 0x000001612887cb70, 0x000001612887d040, 0x000001612887b830,
0x000001612887c1d0, 0x000001612887c6a0, 0x000001612887a020, 0x000001612887a4f0,
0x0000016126f0fea0, 0x0000016126f0f030, 0x0000016126f09e60, 0x0000016126f0eb60,
0x0000016126f0dcf0, 0x0000016126f0d820, 0x0000016126f0a800, 0x0000016126f0f9d0,
0x0000016126f0b1a0, 0x0000016126f10840, 0x0000016126f0c4e0, 0x0000016126f0a330,
0x0000016126f0f500, 0x0000016126f10d10, 0x0000016126f10370, 0x0000016126f0e690,
0x0000016126f094c0, 0x0000016126f0d350, 0x0000016126f09990, 0x0000016126f0b670,
0x0000016126f0c9b0, 0x0000016126f0e1c0, 0x0000016126f0bb40, 0x0000016126f0acd0,
0x0000016126f0c010, 0x0000016126f0ce80, 0x0000016124e9ef90, 0x0000016124ea02d0,
0x0000016124ea07a0, 0x0000016124e9d2b0, 0x0000016124e9dc50, 0x0000016124e9cde0,
0x0000016124e9d780, 0x0000016124e9e120, 0x0000016124e9eac0, 0x0000016124e9e5f0,
0x0000016124e9f460, 0x0000016124e9f930, 0x0000016124e9fe00, 0x00000161264ac200,
0x00000161264aa9f0, 0x00000161264a4e80, 0x00000161264ab390, 0x00000161264a91e0,
0x00000161264a8d10, 0x00000161264a79d0, 0x00000161264a96b0, 0x00000161264a5820,
0x00000161264a5cf0, 0x00000161264ab860, 0x00000161264a61c0, 0x00000161264a6690,
0x00000161264a7500, 0x00000161264abd30, 0x00000161264ac6d0, 0x00000161264aa050,
0x00000161264a5350, 0x00000161264a9b80, 0x00000161264a6b60, 0x00000161264a7ea0,
0x00000161264aa520, 0x00000161264a8370, 0x00000161264aaec0, 0x00000161264a7030,
0x00000161264a8840, 0x0000016127448080, 0x0000016127448550, 0x00000161274476e0,
0x0000016127448a20, 0x0000016127441b70, 0x0000016127445ed0, 0x0000016127448ef0,
0x00000161274441f0, 0x0000016127443850, 0x00000161274429e0, 0x0000016127442040,
0x0000016127443d20, 0x00000161274446c0, 0x0000016127443380, 0x00000161283d0d80,
0x0000016128879b50, 0x000001612f844e10, 0x000001612f844940, 0x000001612f843fa0,
0x000001612f8422c0, 0x000001612f83f2a0, 0x000001612f844470, 0x000001612f83df60,
0x000001612f8452e0, 0x0000016128324fb0, 0x000001612ad62020, 0x0000016129b5b850,
0x00000161279724e0, 0x0000016127972e80, 0x0000016129b5a510, 0x000001612f8405e0,
0x0000016129b5aeb0, 0x000001612ad61b50, 0x000001612f83fc40, 0x000001612f840ab0,
0x000001612f83edd0, 0x000001612fc30610, 0x0000016128324ae0, 0x0000016129cf2a20,
0x0000016129cf03a0, 0x0000016129cf16e0, 0x0000016127ab1080, 0x0000016126d29690
}

Java Threads: ( => current thread )
  0x0000016100356ee0 JavaThread "main" [_thread_blocked, id=7820, stack(0x000000318b900000,0x000000318ba00000)]
  0x00000161207d5180 JavaThread "Reference Handler" daemon [_thread_blocked, id=1092, stack(0x000000318c000000,0x000000318c100000)]
  0x00000161207d5b20 JavaThread "Finalizer" daemon [_thread_blocked, id=10696, stack(0x000000318c100000,0x000000318c200000)]
  0x00000161207f3c40 JavaThread "Signal Dispatcher" daemon [_thread_blocked, id=4652, stack(0x000000318c200000,0x000000318c300000)]
  0x00000161207f44f0 JavaThread "Attach Listener" daemon [_thread_blocked, id=11536, stack(0x000000318c300000,0x000000318c400000)]
  0x00000161207f6ea0 JavaThread "Service Thread" daemon [_thread_blocked, id=8684, stack(0x000000318c400000,0x000000318c500000)]
  0x00000161207f7840 JavaThread "Monitor Deflation Thread" daemon [_thread_blocked, id=10344, stack(0x000000318c500000,0x000000318c600000)]
  0x00000161207fa520 JavaThread "C2 CompilerThread0" daemon [_thread_in_native, id=10936, stack(0x000000318c600000,0x000000318c700000)]
  0x00000161207fc720 JavaThread "C1 CompilerThread0" daemon [_thread_blocked, id=12956, stack(0x000000318c700000,0x000000318c800000)]
  0x0000016120806130 JavaThread "Sweeper thread" daemon [_thread_blocked, id=11856, stack(0x000000318c800000,0x000000318c900000)]
  0x0000016124cb7be0 JavaThread "Common-Cleaner" daemon [_thread_blocked, id=6588, stack(0x000000318c900000,0x000000318ca00000)]
  0x0000016124cb88e0 JavaThread "Notification Thread" daemon [_thread_blocked, id=10400, stack(0x000000318ca00000,0x000000318cb00000)]
  0x00000161264d7480 JavaThread "Daemon health stats" [_thread_blocked, id=2416, stack(0x000000318d000000,0x000000318d100000)]
  0x00000161263a4720 JavaThread "Incoming local TCP Connector on port 55262" [_thread_in_native, id=10540, stack(0x000000318d100000,0x000000318d200000)]
  0x00000161263a31c0 JavaThread "Daemon periodic checks" [_thread_blocked, id=8924, stack(0x000000318d200000,0x000000318d300000)]
  0x00000161263e71b0 JavaThread "Daemon" [_thread_blocked, id=8668, stack(0x000000318d300000,0x000000318d400000)]
  0x00000161263e7670 JavaThread "Handler for socket connection from /127.0.0.1:55262 to /127.0.0.1:55265" [_thread_in_native, id=10432, stack(0x000000318d400000,0x000000318d500000)]
  0x00000161265420c0 JavaThread "Cancel handler" [_thread_blocked, id=8812, stack(0x000000318d500000,0x000000318d600000)]
  0x00000161265e0e40 JavaThread "Daemon worker" [_thread_blocked, id=332, stack(0x000000318d600000,0x000000318d700000)]
  0x00000161265e8e60 JavaThread "Asynchronous log dispatcher for DefaultDaemonConnection: socket connection from /127.0.0.1:55262 to /127.0.0.1:55265" [_thread_blocked, id=9400, stack(0x000000318d700000,0x000000318d800000)]
  0x0000016126200290 JavaThread "Stdin handler" [_thread_blocked, id=9332, stack(0x000000318d800000,0x000000318d900000)]
  0x0000016126201f70 JavaThread "Daemon client event forwarder" [_thread_blocked, id=5152, stack(0x000000318d900000,0x000000318da00000)]
  0x00000161262032b0 JavaThread "Cache worker for journal cache (C:\Users\amrhi\.gradle\caches\journal-1)" [_thread_blocked, id=6132, stack(0x000000318da00000,0x000000318db00000)]
  0x0000016126202440 JavaThread "File lock request listener" [_thread_in_native, id=12480, stack(0x000000318db00000,0x000000318dc00000)]
  0x00000161262015d0 JavaThread "Cache worker for file hash cache (C:\Users\amrhi\.gradle\caches\7.5\fileHashes)" [_thread_blocked, id=6260, stack(0x000000318dc00000,0x000000318dd00000)]
  0x0000016126200c30 JavaThread "File watcher server" daemon [_thread_in_native, id=4376, stack(0x000000318e000000,0x000000318e100000)]
  0x0000016126201100 JavaThread "File watcher consumer" daemon [_thread_blocked, id=14024, stack(0x000000318e100000,0x000000318e200000)]
  0x0000016126202de0 JavaThread "Cache worker for checksums cache (C:\Users\amrhi\AndroidStudioProjects\Important Projects\UncleJacks\.gradle\7.5\checksums)" [_thread_blocked, id=12972, stack(0x000000318e200000,0x000000318e300000)]
  0x0000016126203780 JavaThread "Cache worker for cache directory md-rule (C:\Users\amrhi\.gradle\caches\7.5\md-rule)" [_thread_blocked, id=15988, stack(0x000000318e300000,0x000000318e400000)]
  0x00000161261ffdc0 JavaThread "Cache worker for file content cache (C:\Users\amrhi\.gradle\caches\7.5\fileContent)" [_thread_blocked, id=11792, stack(0x000000318e400000,0x000000318e500000)]
  0x0000016126201aa0 JavaThread "Cache worker for file hash cache (C:\Users\amrhi\AndroidStudioProjects\Important Projects\UncleJacks\.gradle\7.5\fileHashes)" [_thread_blocked, id=12328, stack(0x000000318e600000,0x000000318e700000)]
  0x00000161283cfa40 JavaThread "Cache worker for cache directory md-supplier (C:\Users\amrhi\.gradle\caches\7.5\md-supplier)" [_thread_blocked, id=13460, stack(0x000000318e700000,0x000000318e800000)]
  0x00000161283cff10 JavaThread "Cache worker for execution history cache (C:\Users\amrhi\.gradle\caches\7.5\executionHistory)" [_thread_blocked, id=8592, stack(0x000000318e900000,0x000000318ea00000)]
  0x00000161283cf570 JavaThread "jar transforms" [_thread_blocked, id=9572, stack(0x000000318ea00000,0x000000318eb00000)]
  0x00000161283d1250 JavaThread "jar transforms Thread 2" [_thread_blocked, id=1996, stack(0x000000318eb00000,0x000000318ec00000)]
  0x00000161283d2a60 JavaThread "Cache worker for dependencies-accessors (C:\Users\amrhi\AndroidStudioProjects\Important Projects\UncleJacks\.gradle\7.5\dependencies-accessors)" [_thread_blocked, id=12676, stack(0x000000318ec00000,0x000000318ed00000)]
  0x00000161283cf0a0 JavaThread "jar transforms Thread 3" [_thread_blocked, id=17688, stack(0x000000318ed00000,0x000000318ee00000)]
  0x000001612887ae90 JavaThread "Cache worker for Build Output Cleanup Cache (C:\Users\amrhi\AndroidStudioProjects\Important Projects\UncleJacks\.gradle\buildOutputCleanup)" [_thread_blocked, id=18184, stack(0x000000318ee00000,0x000000318ef00000)]
  0x000001612887bd00 JavaThread "Unconstrained build operations" [_thread_blocked, id=14056, stack(0x000000318ef00000,0x000000318f000000)]
  0x000001612887a9c0 JavaThread "Unconstrained build operations Thread 2" [_thread_blocked, id=15520, stack(0x000000318f000000,0x000000318f100000)]
  0x0000016128879680 JavaThread "Unconstrained build operations Thread 3" [_thread_blocked, id=18320, stack(0x000000318f100000,0x000000318f200000)]
  0x000001612887cb70 JavaThread "Unconstrained build operations Thread 4" [_thread_blocked, id=15380, stack(0x000000318f200000,0x000000318f300000)]
  0x000001612887d040 JavaThread "Unconstrained build operations Thread 5" [_thread_blocked, id=4844, stack(0x000000318f300000,0x000000318f400000)]
  0x000001612887b830 JavaThread "Unconstrained build operations Thread 6" [_thread_blocked, id=15864, stack(0x000000318f400000,0x000000318f500000)]
  0x000001612887c1d0 JavaThread "Unconstrained build operations Thread 7" [_thread_blocked, id=13748, stack(0x000000318f500000,0x000000318f600000)]
  0x000001612887c6a0 JavaThread "Unconstrained build operations Thread 8" [_thread_blocked, id=2844, stack(0x000000318f600000,0x000000318f700000)]
  0x000001612887a020 JavaThread "Unconstrained build operations Thread 9" [_thread_blocked, id=2852, stack(0x000000318f700000,0x000000318f800000)]
  0x000001612887a4f0 JavaThread "Unconstrained build operations Thread 10" [_thread_blocked, id=5352, stack(0x000000318f800000,0x000000318f900000)]
  0x0000016126f0fea0 JavaThread "Unconstrained build operations Thread 11" [_thread_blocked, id=6524, stack(0x000000318f900000,0x000000318fa00000)]
  0x0000016126f0f030 JavaThread "Unconstrained build operations Thread 12" [_thread_blocked, id=16520, stack(0x000000318fa00000,0x000000318fb00000)]
  0x0000016126f09e60 JavaThread "Unconstrained build operations Thread 13" [_thread_blocked, id=4712, stack(0x000000318fb00000,0x000000318fc00000)]
  0x0000016126f0eb60 JavaThread "Unconstrained build operations Thread 14" [_thread_blocked, id=6064, stack(0x000000318fc00000,0x000000318fd00000)]
  0x0000016126f0dcf0 JavaThread "Unconstrained build operations Thread 15" [_thread_blocked, id=5148, stack(0x000000318fd00000,0x000000318fe00000)]
  0x0000016126f0d820 JavaThread "Unconstrained build operations Thread 16" [_thread_blocked, id=15016, stack(0x000000318fe00000,0x000000318ff00000)]
  0x0000016126f0a800 JavaThread "Unconstrained build operations Thread 17" [_thread_blocked, id=2240, stack(0x000000318ff00000,0x0000003190000000)]
  0x0000016126f0f9d0 JavaThread "Unconstrained build operations Thread 18" [_thread_blocked, id=18196, stack(0x0000003190000000,0x0000003190100000)]
  0x0000016126f0b1a0 JavaThread "Unconstrained build operations Thread 19" [_thread_blocked, id=12264, stack(0x0000003190100000,0x0000003190200000)]
  0x0000016126f10840 JavaThread "Unconstrained build operations Thread 20" [_thread_blocked, id=17800, stack(0x0000003190200000,0x0000003190300000)]
  0x0000016126f0c4e0 JavaThread "Unconstrained build operations Thread 21" [_thread_blocked, id=10228, stack(0x0000003190300000,0x0000003190400000)]
  0x0000016126f0a330 JavaThread "Unconstrained build operations Thread 22" [_thread_blocked, id=11908, stack(0x0000003190400000,0x0000003190500000)]
  0x0000016126f0f500 JavaThread "Unconstrained build operations Thread 23" [_thread_blocked, id=16688, stack(0x0000003190500000,0x0000003190600000)]
  0x0000016126f10d10 JavaThread "Unconstrained build operations Thread 24" [_thread_blocked, id=14084, stack(0x0000003190600000,0x0000003190700000)]
  0x0000016126f10370 JavaThread "Unconstrained build operations Thread 25" [_thread_blocked, id=15508, stack(0x0000003190700000,0x0000003190800000)]
  0x0000016126f0e690 JavaThread "Unconstrained build operations Thread 26" [_thread_blocked, id=12340, stack(0x0000003190800000,0x0000003190900000)]
  0x0000016126f094c0 JavaThread "Unconstrained build operations Thread 27" [_thread_blocked, id=9016, stack(0x0000003190900000,0x0000003190a00000)]
  0x0000016126f0d350 JavaThread "Unconstrained build operations Thread 28" [_thread_blocked, id=13820, stack(0x0000003190a00000,0x0000003190b00000)]
  0x0000016126f09990 JavaThread "Unconstrained build operations Thread 29" [_thread_blocked, id=17524, stack(0x0000003190b00000,0x0000003190c00000)]
  0x0000016126f0b670 JavaThread "Unconstrained build operations Thread 30" [_thread_blocked, id=3380, stack(0x0000003190c00000,0x0000003190d00000)]
  0x0000016126f0c9b0 JavaThread "Unconstrained build operations Thread 31" [_thread_blocked, id=8388, stack(0x0000003190d00000,0x0000003190e00000)]
  0x0000016126f0e1c0 JavaThread "Unconstrained build operations Thread 32" [_thread_blocked, id=17808, stack(0x0000003190e00000,0x0000003190f00000)]
  0x0000016126f0bb40 JavaThread "Unconstrained build operations Thread 33" [_thread_blocked, id=8488, stack(0x0000003190f00000,0x0000003191000000)]
  0x0000016126f0acd0 JavaThread "Unconstrained build operations Thread 34" [_thread_blocked, id=12948, stack(0x0000003191000000,0x0000003191100000)]
  0x0000016126f0c010 JavaThread "Unconstrained build operations Thread 35" [_thread_blocked, id=3200, stack(0x0000003191100000,0x0000003191200000)]
  0x0000016126f0ce80 JavaThread "Unconstrained build operations Thread 36" [_thread_blocked, id=18192, stack(0x0000003191200000,0x0000003191300000)]
  0x0000016124e9ef90 JavaThread "Unconstrained build operations Thread 37" [_thread_blocked, id=3408, stack(0x0000003191300000,0x0000003191400000)]
  0x0000016124ea02d0 JavaThread "Unconstrained build operations Thread 38" [_thread_blocked, id=3540, stack(0x0000003191400000,0x0000003191500000)]
  0x0000016124ea07a0 JavaThread "Unconstrained build operations Thread 39" [_thread_blocked, id=16252, stack(0x0000003191500000,0x0000003191600000)]
  0x0000016124e9d2b0 JavaThread "Unconstrained build operations Thread 40" [_thread_blocked, id=8020, stack(0x0000003191600000,0x0000003191700000)]
  0x0000016124e9dc50 JavaThread "Unconstrained build operations Thread 41" [_thread_blocked, id=10792, stack(0x0000003191700000,0x0000003191800000)]
  0x0000016124e9cde0 JavaThread "Unconstrained build operations Thread 42" [_thread_blocked, id=16476, stack(0x0000003191800000,0x0000003191900000)]
  0x0000016124e9d780 JavaThread "Unconstrained build operations Thread 43" [_thread_blocked, id=8176, stack(0x0000003191900000,0x0000003191a00000)]
  0x0000016124e9e120 JavaThread "Unconstrained build operations Thread 44" [_thread_blocked, id=12808, stack(0x0000003191a00000,0x0000003191b00000)]
  0x0000016124e9eac0 JavaThread "Unconstrained build operations Thread 45" [_thread_blocked, id=9708, stack(0x0000003191b00000,0x0000003191c00000)]
  0x0000016124e9e5f0 JavaThread "Unconstrained build operations Thread 46" [_thread_blocked, id=14800, stack(0x0000003191c00000,0x0000003191d00000)]
  0x0000016124e9f460 JavaThread "Unconstrained build operations Thread 47" [_thread_blocked, id=13776, stack(0x0000003191d00000,0x0000003191e00000)]
  0x0000016124e9f930 JavaThread "Unconstrained build operations Thread 48" [_thread_blocked, id=11020, stack(0x0000003191e00000,0x0000003191f00000)]
  0x0000016124e9fe00 JavaThread "Unconstrained build operations Thread 49" [_thread_blocked, id=11752, stack(0x0000003191f00000,0x0000003192000000)]
  0x00000161264ac200 JavaThread "Unconstrained build operations Thread 50" [_thread_blocked, id=18360, stack(0x0000003192000000,0x0000003192100000)]
  0x00000161264aa9f0 JavaThread "Unconstrained build operations Thread 51" [_thread_blocked, id=11140, stack(0x0000003192100000,0x0000003192200000)]
  0x00000161264a4e80 JavaThread "Unconstrained build operations Thread 52" [_thread_blocked, id=12996, stack(0x0000003192200000,0x0000003192300000)]
  0x00000161264ab390 JavaThread "Unconstrained build operations Thread 53" [_thread_blocked, id=3680, stack(0x0000003192300000,0x0000003192400000)]
  0x00000161264a91e0 JavaThread "Unconstrained build operations Thread 54" [_thread_blocked, id=16984, stack(0x0000003192400000,0x0000003192500000)]
  0x00000161264a8d10 JavaThread "Unconstrained build operations Thread 55" [_thread_blocked, id=16088, stack(0x0000003192500000,0x0000003192600000)]
  0x00000161264a79d0 JavaThread "Unconstrained build operations Thread 56" [_thread_blocked, id=17108, stack(0x0000003192600000,0x0000003192700000)]
  0x00000161264a96b0 JavaThread "Unconstrained build operations Thread 57" [_thread_blocked, id=14548, stack(0x0000003192700000,0x0000003192800000)]
  0x00000161264a5820 JavaThread "Unconstrained build operations Thread 58" [_thread_blocked, id=15488, stack(0x0000003192800000,0x0000003192900000)]
  0x00000161264a5cf0 JavaThread "Unconstrained build operations Thread 59" [_thread_blocked, id=12712, stack(0x0000003192900000,0x0000003192a00000)]
  0x00000161264ab860 JavaThread "Unconstrained build operations Thread 60" [_thread_blocked, id=1452, stack(0x0000003192a00000,0x0000003192b00000)]
  0x00000161264a61c0 JavaThread "Unconstrained build operations Thread 61" [_thread_blocked, id=7444, stack(0x0000003192b00000,0x0000003192c00000)]
  0x00000161264a6690 JavaThread "Unconstrained build operations Thread 62" [_thread_blocked, id=15604, stack(0x0000003192c00000,0x0000003192d00000)]
  0x00000161264a7500 JavaThread "Unconstrained build operations Thread 63" [_thread_blocked, id=14900, stack(0x0000003192d00000,0x0000003192e00000)]
  0x00000161264abd30 JavaThread "Unconstrained build operations Thread 64" [_thread_blocked, id=14152, stack(0x0000003192e00000,0x0000003192f00000)]
  0x00000161264ac6d0 JavaThread "Unconstrained build operations Thread 65" [_thread_blocked, id=5736, stack(0x0000003192f00000,0x0000003193000000)]
  0x00000161264aa050 JavaThread "Unconstrained build operations Thread 66" [_thread_blocked, id=17920, stack(0x0000003193000000,0x0000003193100000)]
  0x00000161264a5350 JavaThread "Unconstrained build operations Thread 67" [_thread_blocked, id=10708, stack(0x0000003193100000,0x0000003193200000)]
  0x00000161264a9b80 JavaThread "Unconstrained build operations Thread 68" [_thread_blocked, id=18088, stack(0x0000003193200000,0x0000003193300000)]
  0x00000161264a6b60 JavaThread "Unconstrained build operations Thread 69" [_thread_blocked, id=17020, stack(0x0000003193300000,0x0000003193400000)]
  0x00000161264a7ea0 JavaThread "Unconstrained build operations Thread 70" [_thread_blocked, id=9360, stack(0x0000003193400000,0x0000003193500000)]
  0x00000161264aa520 JavaThread "Unconstrained build operations Thread 71" [_thread_blocked, id=13552, stack(0x0000003193500000,0x0000003193600000)]
  0x00000161264a8370 JavaThread "Unconstrained build operations Thread 72" [_thread_blocked, id=10736, stack(0x0000003193600000,0x0000003193700000)]
  0x00000161264aaec0 JavaThread "Unconstrained build operations Thread 73" [_thread_blocked, id=17892, stack(0x0000003193700000,0x0000003193800000)]
  0x00000161264a7030 JavaThread "Unconstrained build operations Thread 74" [_thread_blocked, id=8016, stack(0x0000003193800000,0x0000003193900000)]
  0x00000161264a8840 JavaThread "Unconstrained build operations Thread 75" [_thread_blocked, id=10104, stack(0x0000003193900000,0x0000003193a00000)]
  0x0000016127448080 JavaThread "Unconstrained build operations Thread 76" [_thread_blocked, id=1660, stack(0x0000003193a00000,0x0000003193b00000)]
  0x0000016127448550 JavaThread "Unconstrained build operations Thread 77" [_thread_blocked, id=10408, stack(0x0000003193b00000,0x0000003193c00000)]
  0x00000161274476e0 JavaThread "Unconstrained build operations Thread 78" [_thread_blocked, id=8380, stack(0x0000003193c00000,0x0000003193d00000)]
  0x0000016127448a20 JavaThread "Unconstrained build operations Thread 79" [_thread_blocked, id=5308, stack(0x0000003193d00000,0x0000003193e00000)]
  0x0000016127441b70 JavaThread "Unconstrained build operations Thread 80" [_thread_blocked, id=17964, stack(0x0000003193e00000,0x0000003193f00000)]
  0x0000016127445ed0 JavaThread "jar transforms Thread 4" [_thread_blocked, id=2300, stack(0x0000003193f00000,0x0000003194000000)]
  0x0000016127448ef0 JavaThread "jar transforms Thread 5" [_thread_blocked, id=1688, stack(0x0000003194000000,0x0000003194100000)]
  0x00000161274441f0 JavaThread "jar transforms Thread 6" [_thread_blocked, id=1352, stack(0x0000003194100000,0x0000003194200000)]
  0x0000016127443850 JavaThread "jar transforms Thread 7" [_thread_blocked, id=1228, stack(0x0000003194200000,0x0000003194300000)]
  0x00000161274429e0 JavaThread "jar transforms Thread 8" [_thread_blocked, id=6964, stack(0x0000003194300000,0x0000003194400000)]
  0x0000016127442040 JavaThread "build event listener" [_thread_blocked, id=10484, stack(0x0000003194400000,0x0000003194500000)]
  0x0000016127443d20 JavaThread "Memory manager" [_thread_blocked, id=7336, stack(0x0000003194500000,0x0000003194600000)]
  0x00000161274446c0 JavaThread "build event listener" [_thread_blocked, id=3960, stack(0x000000318e800000,0x000000318e900000)]
  0x0000016127443380 JavaThread "pool-3-thread-1" [_thread_blocked, id=1420, stack(0x0000003194800000,0x0000003194900000)]
  0x00000161283d0d80 JavaThread "build event listener" [_thread_blocked, id=18128, stack(0x0000003194900000,0x0000003194a00000)]
  0x0000016128879b50 JavaThread "included builds" [_thread_blocked, id=17632, stack(0x0000003194a00000,0x0000003194b00000)]
  0x000001612f844e10 JavaThread "Execution worker" [_thread_blocked, id=4344, stack(0x0000003194b00000,0x0000003194c00000)]
  0x000001612f844940 JavaThread "Execution worker Thread 2" [_thread_blocked, id=2900, stack(0x0000003194c00000,0x0000003194d00000)]
  0x000001612f843fa0 JavaThread "Execution worker Thread 3" [_thread_blocked, id=4924, stack(0x0000003194d00000,0x0000003194e00000)]
  0x000001612f8422c0 JavaThread "Execution worker Thread 4" [_thread_blocked, id=13404, stack(0x0000003194e00000,0x0000003194f00000)]
  0x000001612f83f2a0 JavaThread "Execution worker Thread 5" [_thread_blocked, id=3004, stack(0x0000003194f00000,0x0000003195000000)]
  0x000001612f844470 JavaThread "Execution worker Thread 6" [_thread_blocked, id=9820, stack(0x0000003195000000,0x0000003195100000)]
  0x000001612f83df60 JavaThread "Execution worker Thread 7" [_thread_blocked, id=2372, stack(0x0000003195100000,0x0000003195200000)]
  0x000001612f8452e0 JavaThread "Cache worker for execution history cache (C:\Users\amrhi\AndroidStudioProjects\Important Projects\UncleJacks\.gradle\7.5\executionHistory)" [_thread_blocked, id=17076, stack(0x0000003195200000,0x0000003195300000)]
  0x0000016128324fb0 JavaThread "WorkerExecutor Queue" [_thread_blocked, id=10324, stack(0x0000003194700000,0x0000003194800000)]
  0x000001612ad62020 JavaThread "RMI Scheduler(0)" daemon [_thread_blocked, id=2056, stack(0x0000003195400000,0x0000003195500000)]
  0x0000016129b5b850 JavaThread "RMI GC Daemon" daemon [_thread_blocked, id=16076, stack(0x0000003195600000,0x0000003195700000)]
  0x00000161279724e0 JavaThread "RMI TCP Accept-0" daemon [_thread_in_native, id=16132, stack(0x0000003195700000,0x0000003195800000)]
  0x0000016127972e80 JavaThread "RMI Reaper" [_thread_blocked, id=1568, stack(0x0000003195800000,0x0000003195900000)]
  0x0000016129b5a510 JavaThread "RMI TCP Connection(1)-127.0.0.1" daemon [_thread_in_native, id=1064, stack(0x0000003195900000,0x0000003195a00000)]
  0x000001612f8405e0 JavaThread "WorkerExecutor Queue Thread 2" [_thread_blocked, id=7756, stack(0x0000003195c00000,0x0000003195d00000)]
  0x0000016129b5aeb0 JavaThread "RMI TCP Connection(2)-127.0.0.1" daemon [_thread_in_native, id=12000, stack(0x0000003195e00000,0x0000003195f00000)]
  0x000001612ad61b50 JavaThread "Cache worker for Java compile cache (C:\Users\amrhi\.gradle\caches\7.5\javaCompile)" [_thread_in_Java, id=3384, stack(0x0000003194600000,0x0000003194700000)]
  0x000001612f83fc40 JavaThread "Build operations" [_thread_blocked, id=3300, stack(0x0000003195500000,0x0000003195600000)]
  0x000001612f840ab0 JavaThread "Build operations Thread 2" [_thread_blocked, id=13200, stack(0x0000003196000000,0x0000003196100000)]
  0x000001612f83edd0 JavaThread "Build operations Thread 3" [_thread_blocked, id=2148, stack(0x0000003196100000,0x0000003196200000)]
  0x000001612fc30610 JavaThread "Build operations Thread 4" [_thread_blocked, id=14136, stack(0x0000003196200000,0x0000003196300000)]
  0x0000016128324ae0 JavaThread "Build operations Thread 5" [_thread_blocked, id=2008, stack(0x0000003196300000,0x0000003196400000)]
  0x0000016129cf2a20 JavaThread "Build operations Thread 6" [_thread_blocked, id=9468, stack(0x0000003196400000,0x0000003196500000)]
  0x0000016129cf03a0 JavaThread "Build operations Thread 7" [_thread_blocked, id=13712, stack(0x0000003196500000,0x0000003196600000)]
  0x0000016129cf16e0 JavaThread "Build operations Thread 8" [_thread_blocked, id=6188, stack(0x0000003196600000,0x0000003196700000)]
=>0x0000016127ab1080 JavaThread "C2 CompilerThread1" daemon [_thread_in_native, id=1260, stack(0x0000003196700000,0x0000003196800000)]
  0x0000016126d29690 JavaThread "C2 CompilerThread2" daemon [_thread_in_native, id=17124, stack(0x0000003196800000,0x0000003196900000)]

Other Threads:
  0x00000161207d2b60 VMThread "VM Thread" [stack: 0x000000318bf00000,0x000000318c000000] [id=6468]
  0x0000016124cb8da0 WatcherThread "VM Periodic Task Thread" [stack: 0x000000318cb00000,0x000000318cc00000] [id=18060]
  0x00000161003ba060 WorkerThread "GC Thread#0" [stack: 0x000000318ba00000,0x000000318bb00000] [id=10816]
  0x0000016125227760 WorkerThread "GC Thread#1" [stack: 0x000000318cd00000,0x000000318ce00000] [id=9340]
  0x00000161257fe7f0 WorkerThread "GC Thread#2" [stack: 0x000000318ce00000,0x000000318cf00000] [id=13420]
  0x00000161257fea90 WorkerThread "GC Thread#3" [stack: 0x000000318cf00000,0x000000318d000000] [id=9800]
  0x000001612620f7b0 WorkerThread "GC Thread#4" [stack: 0x000000318cc00000,0x000000318cd00000] [id=8808]
  0x00000161262c1080 WorkerThread "GC Thread#5" [stack: 0x000000318dd00000,0x000000318de00000] [id=14712]
  0x000001612667aae0 WorkerThread "GC Thread#6" [stack: 0x000000318de00000,0x000000318df00000] [id=16220]
  0x0000016128016da0 WorkerThread "GC Thread#7" [stack: 0x000000318df00000,0x000000318e000000] [id=13888]
  0x00000161003caf90 ConcurrentGCThread "G1 Main Marker" [stack: 0x000000318bb00000,0x000000318bc00000] [id=10528]
  0x00000161003cc120 WorkerThread "G1 Conc#0" [stack: 0x000000318bc00000,0x000000318bd00000] [id=17432]
  0x0000016128018a80 WorkerThread "G1 Conc#1" [stack: 0x000000318e500000,0x000000318e600000] [id=10552]
  0x0000016120691100 ConcurrentGCThread "G1 Refine#0" [stack: 0x000000318bd00000,0x000000318be00000] [id=2392]
  0x000001612899cea0 ConcurrentGCThread "G1 Refine#1" [stack: 0x0000003195b00000,0x0000003195c00000] [id=13676]
  0x000001612998c260 ConcurrentGCThread "G1 Refine#2" [stack: 0x0000003195d00000,0x0000003195e00000] [id=16508]
  0x000001612998aeb0 ConcurrentGCThread "G1 Refine#3" [stack: 0x0000003195f00000,0x0000003196000000] [id=2096]
  0x0000016120691a10 ConcurrentGCThread "G1 Service" [stack: 0x000000318be00000,0x000000318bf00000] [id=8784]

Threads with active compile tasks:
C2 CompilerThread0    54045 19463       4       org.gradle.api.internal.tasks.compile.incremental.serialization.HierarchicalNameSerializer::read (20 bytes)
C2 CompilerThread1    54045 19459       4       org.gradle.api.internal.tasks.compile.incremental.serialization.HierarchicalNameSerializer::readName (51 bytes)
C2 CompilerThread2    54045 19466       4       org.gradle.api.internal.tasks.compile.incremental.serialization.HierarchicalNameSerializer::readFirstOccurrenceOfName (60 bytes)

VM state: not at safepoint (normal execution)

VM Mutex/Monitor currently owned by a thread: None

Heap address: 0x0000000080000000, size: 2048 MB, Compressed Oops mode: 32-bit

CDS archive(s) mapped at: [0x0000000800000000-0x0000000800ba0000-0x0000000800ba0000), size 12189696, SharedBaseAddress: 0x0000000800000000, ArchiveRelocationMode: 0.
Compressed class space mapped at: 0x0000000800c00000-0x0000000840c00000, reserved size: 1073741824
Narrow klass base: 0x0000000800000000, Narrow klass shift: 0, Narrow klass range: 0x100000000

GC Precious Log:
 CardTable entry size: 512
 Card Set container configuration: InlinePtr #cards 5 size 8 Array Of Cards #cards 12 size 40 Howl #buckets 4 coarsen threshold 1843 Howl Bitmap #cards 512 size 80 coarsen threshold 460 Card regions per heap region 1 cards per card region 2048
 CPUs: 8 total, 8 available
 Memory: 7886M
 Large Page Support: Disabled
 NUMA Support: Disabled
 Compressed Oops: Enabled (32-bit)
 Heap Region Size: 1M
 Heap Min Capacity: 8M
 Heap Initial Capacity: 124M
 Heap Max Capacity: 2G
 Pre-touch: Disabled
 Parallel Workers: 8
 Concurrent Workers: 2
 Concurrent Refinement Workers: 8
 Periodic GC: Disabled

Heap:
 garbage-first heap   total 634880K, used 388232K [0x0000000080000000, 0x0000000100000000)
  region size 1024K, 246 young (251904K), 47 survivors (48128K)
 Metaspace       used 118964K, committed 121024K, reserved 1179648K
  class space    used 15685K, committed 16768K, reserved 1048576K

Heap Regions: E=young(eden), S=young(survivor), O=old, HS=humongous(starts), HC=humongous(continues), CS=collection set, F=free, OA=open archive, CA=closed archive, TAMS=top-at-mark-start (previous, next)
|   0|0x0000000080000000, 0x0000000080100000, 0x0000000080100000|100%| O|  |TAMS 0x0000000080100000, 0x0000000080000000| Untracked 
|   1|0x0000000080100000, 0x0000000080200000, 0x0000000080200000|100%| O|  |TAMS 0x0000000080200000, 0x0000000080100000| Untracked 
|   2|0x0000000080200000, 0x0000000080300000, 0x0000000080300000|100%| O|  |TAMS 0x0000000080300000, 0x0000000080200000| Untracked 
|   3|0x0000000080300000, 0x0000000080400000, 0x0000000080400000|100%|HS|  |TAMS 0x0000000080400000, 0x0000000080300000| Complete 
|   4|0x0000000080400000, 0x0000000080500000, 0x0000000080500000|100%|HC|  |TAMS 0x0000000080500000, 0x0000000080400000| Complete 
|   5|0x0000000080500000, 0x0000000080600000, 0x0000000080600000|100%|HC|  |TAMS 0x0000000080600000, 0x0000000080500000| Complete 
|   6|0x0000000080600000, 0x0000000080700000, 0x0000000080700000|100%| O|  |TAMS 0x0000000080700000, 0x0000000080600000| Untracked 
|   7|0x0000000080700000, 0x0000000080800000, 0x0000000080800000|100%| O|  |TAMS 0x0000000080800000, 0x0000000080700000| Untracked 
|   8|0x0000000080800000, 0x0000000080900000, 0x0000000080900000|100%| O|  |TAMS 0x0000000080900000, 0x0000000080800000| Untracked 
|   9|0x0000000080900000, 0x0000000080a00000, 0x0000000080a00000|100%| O|  |TAMS 0x0000000080a00000, 0x0000000080900000| Untracked 
|  10|0x0000000080a00000, 0x0000000080b00000, 0x0000000080b00000|100%| O|  |TAMS 0x0000000080b00000, 0x0000000080a00000| Untracked 
|  11|0x0000000080b00000, 0x0000000080c00000, 0x0000000080c00000|100%| O|  |TAMS 0x0000000080c00000, 0x0000000080b00000| Untracked 
|  12|0x0000000080c00000, 0x0000000080d00000, 0x0000000080d00000|100%| O|  |TAMS 0x0000000080d00000, 0x0000000080c00000| Untracked 
|  13|0x0000000080d00000, 0x0000000080e00000, 0x0000000080e00000|100%| O|  |TAMS 0x0000000080e00000, 0x0000000080d00000| Untracked 
|  14|0x0000000080e00000, 0x0000000080f00000, 0x0000000080f00000|100%| O|  |TAMS 0x0000000080f00000, 0x0000000080e00000| Untracked 
|  15|0x0000000080f00000, 0x0000000081000000, 0x0000000081000000|100%| O|  |TAMS 0x0000000081000000, 0x0000000080f00000| Untracked 
|  16|0x0000000081000000, 0x0000000081100000, 0x0000000081100000|100%| O|  |TAMS 0x0000000081100000, 0x0000000081000000| Untracked 
|  17|0x0000000081100000, 0x0000000081200000, 0x0000000081200000|100%| O|  |TAMS 0x0000000081200000, 0x0000000081100000| Untracked 
|  18|0x0000000081200000, 0x00000000812a9c00, 0x0000000081300000| 66%| O|  |TAMS 0x00000000812a9c00, 0x0000000081200000| Untracked 
|  19|0x0000000081300000, 0x0000000081400000, 0x0000000081400000|100%| O|  |TAMS 0x0000000081400000, 0x0000000081300000| Untracked 
|  20|0x0000000081400000, 0x0000000081500000, 0x0000000081500000|100%| O|  |TAMS 0x0000000081500000, 0x0000000081400000| Untracked 
|  21|0x0000000081500000, 0x0000000081600000, 0x0000000081600000|100%| O|  |TAMS 0x0000000081600000, 0x0000000081500000| Untracked 
|  22|0x0000000081600000, 0x0000000081700000, 0x0000000081700000|100%| O|  |TAMS 0x0000000081700000, 0x0000000081600000| Untracked 
|  23|0x0000000081700000, 0x0000000081800000, 0x0000000081800000|100%| O|  |TAMS 0x0000000081800000, 0x0000000081700000| Untracked 
|  24|0x0000000081800000, 0x0000000081900000, 0x0000000081900000|100%| O|  |TAMS 0x0000000081900000, 0x0000000081800000| Untracked 
|  25|0x0000000081900000, 0x0000000081a00000, 0x0000000081a00000|100%| O|  |TAMS 0x0000000081a00000, 0x0000000081900000| Untracked 
|  26|0x0000000081a00000, 0x0000000081b00000, 0x0000000081b00000|100%| O|  |TAMS 0x0000000081b00000, 0x0000000081a00000| Untracked 
|  27|0x0000000081b00000, 0x0000000081c00000, 0x0000000081c00000|100%| O|  |TAMS 0x0000000081c00000, 0x0000000081b00000| Untracked 
|  28|0x0000000081c00000, 0x0000000081d00000, 0x0000000081d00000|100%| O|  |TAMS 0x0000000081d00000, 0x0000000081c00000| Untracked 
|  29|0x0000000081d00000, 0x0000000081e00000, 0x0000000081e00000|100%| O|  |TAMS 0x0000000081e00000, 0x0000000081d00000| Untracked 
|  30|0x0000000081e00000, 0x0000000081f00000, 0x0000000081f00000|100%| O|  |TAMS 0x0000000081f00000, 0x0000000081e00000| Untracked 
|  31|0x0000000081f00000, 0x0000000082000000, 0x0000000082000000|100%| O|  |TAMS 0x0000000082000000, 0x0000000081f00000| Untracked 
|  32|0x0000000082000000, 0x0000000082100000, 0x0000000082100000|100%| O|  |TAMS 0x0000000082100000, 0x0000000082000000| Untracked 
|  33|0x0000000082100000, 0x0000000082200000, 0x0000000082200000|100%| O|  |TAMS 0x0000000082200000, 0x0000000082100000| Untracked 
|  34|0x0000000082200000, 0x0000000082300000, 0x0000000082300000|100%| O|  |TAMS 0x0000000082300000, 0x0000000082200000| Untracked 
|  35|0x0000000082300000, 0x0000000082400000, 0x0000000082400000|100%| O|  |TAMS 0x0000000082400000, 0x0000000082300000| Untracked 
|  36|0x0000000082400000, 0x0000000082500000, 0x0000000082500000|100%| O|  |TAMS 0x0000000082500000, 0x0000000082400000| Untracked 
|  37|0x0000000082500000, 0x0000000082600000, 0x0000000082600000|100%| O|  |TAMS 0x0000000082600000, 0x0000000082500000| Untracked 
|  38|0x0000000082600000, 0x0000000082700000, 0x0000000082700000|100%| O|  |TAMS 0x0000000082700000, 0x0000000082600000| Untracked 
|  39|0x0000000082700000, 0x0000000082800000, 0x0000000082800000|100%|HS|  |TAMS 0x0000000082800000, 0x0000000082700000| Complete 
|  40|0x0000000082800000, 0x0000000082900000, 0x0000000082900000|100%|HC|  |TAMS 0x0000000082900000, 0x0000000082800000| Complete 
|  41|0x0000000082900000, 0x0000000082a00000, 0x0000000082a00000|100%|HS|  |TAMS 0x0000000082a00000, 0x0000000082900000| Complete 
|  42|0x0000000082a00000, 0x0000000082b00000, 0x0000000082b00000|100%|HS|  |TAMS 0x0000000082b00000, 0x0000000082a00000| Complete 
|  43|0x0000000082b00000, 0x0000000082c00000, 0x0000000082c00000|100%| O|  |TAMS 0x0000000082c00000, 0x0000000082b00000| Untracked 
|  44|0x0000000082c00000, 0x0000000082d00000, 0x0000000082d00000|100%|HS|  |TAMS 0x0000000082d00000, 0x0000000082c00000| Complete 
|  45|0x0000000082d00000, 0x0000000082e00000, 0x0000000082e00000|100%|HC|  |TAMS 0x0000000082e00000, 0x0000000082d00000| Complete 
|  46|0x0000000082e00000, 0x0000000082f00000, 0x0000000082f00000|100%|HC|  |TAMS 0x0000000082f00000, 0x0000000082e00000| Complete 
|  47|0x0000000082f00000, 0x0000000083000000, 0x0000000083000000|100%| O|  |TAMS 0x0000000083000000, 0x0000000082f00000| Untracked 
|  48|0x0000000083000000, 0x0000000083100000, 0x0000000083100000|100%| O|  |TAMS 0x0000000083100000, 0x0000000083000000| Untracked 
|  49|0x0000000083100000, 0x0000000083200000, 0x0000000083200000|100%| O|  |TAMS 0x0000000083200000, 0x0000000083100000| Untracked 
|  50|0x0000000083200000, 0x0000000083300000, 0x0000000083300000|100%| O|  |TAMS 0x0000000083300000, 0x0000000083200000| Untracked 
|  51|0x0000000083300000, 0x0000000083400000, 0x0000000083400000|100%| O|  |TAMS 0x0000000083400000, 0x0000000083300000| Untracked 
|  52|0x0000000083400000, 0x0000000083500000, 0x0000000083500000|100%| O|  |TAMS 0x0000000083500000, 0x0000000083400000| Untracked 
|  53|0x0000000083500000, 0x0000000083600000, 0x0000000083600000|100%| O|  |TAMS 0x0000000083600000, 0x0000000083500000| Untracked 
|  54|0x0000000083600000, 0x0000000083700000, 0x0000000083700000|100%| O|  |TAMS 0x0000000083700000, 0x0000000083600000| Untracked 
|  55|0x0000000083700000, 0x0000000083800000, 0x0000000083800000|100%| O|  |TAMS 0x0000000083800000, 0x0000000083700000| Untracked 
|  56|0x0000000083800000, 0x0000000083900000, 0x0000000083900000|100%| O|  |TAMS 0x0000000083900000, 0x0000000083800000| Untracked 
|  57|0x0000000083900000, 0x0000000083a00000, 0x0000000083a00000|100%| O|  |TAMS 0x0000000083a00000, 0x0000000083900000| Untracked 
|  58|0x0000000083a00000, 0x0000000083b00000, 0x0000000083b00000|100%| O|  |TAMS 0x0000000083b00000, 0x0000000083a00000| Untracked 
|  59|0x0000000083b00000, 0x0000000083c00000, 0x0000000083c00000|100%| O|  |TAMS 0x0000000083c00000, 0x0000000083b00000| Untracked 
|  60|0x0000000083c00000, 0x0000000083d00000, 0x0000000083d00000|100%| O|  |TAMS 0x0000000083d00000, 0x0000000083c00000| Untracked 
|  61|0x0000000083d00000, 0x0000000083e00000, 0x0000000083e00000|100%| O|  |TAMS 0x0000000083e00000, 0x0000000083d00000| Untracked 
|  62|0x0000000083e00000, 0x0000000083f00000, 0x0000000083f00000|100%| O|  |TAMS 0x0000000083f00000, 0x0000000083e00000| Untracked 
|  63|0x0000000083f00000, 0x0000000084000000, 0x0000000084000000|100%| O|  |TAMS 0x0000000084000000, 0x0000000083f00000| Untracked 
|  64|0x0000000084000000, 0x0000000084100000, 0x0000000084100000|100%| O|  |TAMS 0x0000000084100000, 0x0000000084000000| Untracked 
|  65|0x0000000084100000, 0x0000000084200000, 0x0000000084200000|100%| O|  |TAMS 0x0000000084200000, 0x0000000084100000| Untracked 
|  66|0x0000000084200000, 0x0000000084300000, 0x0000000084300000|100%| O|  |TAMS 0x0000000084300000, 0x0000000084200000| Untracked 
|  67|0x0000000084300000, 0x0000000084400000, 0x0000000084400000|100%| O|  |TAMS 0x0000000084400000, 0x0000000084300000| Untracked 
|  68|0x0000000084400000, 0x0000000084500000, 0x0000000084500000|100%| O|  |TAMS 0x0000000084500000, 0x0000000084400000| Untracked 
|  69|0x0000000084500000, 0x0000000084600000, 0x0000000084600000|100%| O|  |TAMS 0x0000000084600000, 0x0000000084500000| Untracked 
|  70|0x0000000084600000, 0x0000000084700000, 0x0000000084700000|100%| O|  |TAMS 0x0000000084700000, 0x0000000084600000| Untracked 
|  71|0x0000000084700000, 0x0000000084800000, 0x0000000084800000|100%| O|  |TAMS 0x0000000084800000, 0x0000000084700000| Untracked 
|  72|0x0000000084800000, 0x0000000084900000, 0x0000000084900000|100%| O|  |TAMS 0x0000000084900000, 0x0000000084800000| Untracked 
|  73|0x0000000084900000, 0x0000000084a00000, 0x0000000084a00000|100%| O|  |TAMS 0x0000000084a00000, 0x0000000084900000| Untracked 
|  74|0x0000000084a00000, 0x0000000084b00000, 0x0000000084b00000|100%| O|  |TAMS 0x0000000084b00000, 0x0000000084a00000| Untracked 
|  75|0x0000000084b00000, 0x0000000084c00000, 0x0000000084c00000|100%| O|  |TAMS 0x0000000084c00000, 0x0000000084b00000| Untracked 
|  76|0x0000000084c00000, 0x0000000084d00000, 0x0000000084d00000|100%| O|  |TAMS 0x0000000084d00000, 0x0000000084c00000| Untracked 
|  77|0x0000000084d00000, 0x0000000084e00000, 0x0000000084e00000|100%| O|  |TAMS 0x0000000084e00000, 0x0000000084d00000| Untracked 
|  78|0x0000000084e00000, 0x0000000084f00000, 0x0000000084f00000|100%| O|  |TAMS 0x0000000084f00000, 0x0000000084e00000| Untracked 
|  79|0x0000000084f00000, 0x0000000085000000, 0x0000000085000000|100%| O|  |TAMS 0x0000000085000000, 0x0000000084f00000| Untracked 
|  80|0x0000000085000000, 0x0000000085100000, 0x0000000085100000|100%| O|  |TAMS 0x0000000085100000, 0x0000000085000000| Untracked 
|  81|0x0000000085100000, 0x0000000085200000, 0x0000000085200000|100%| O|  |TAMS 0x0000000085200000, 0x0000000085100000| Untracked 
|  82|0x0000000085200000, 0x0000000085300000, 0x0000000085300000|100%| O|  |TAMS 0x0000000085300000, 0x0000000085200000| Untracked 
|  83|0x0000000085300000, 0x0000000085400000, 0x0000000085400000|100%| O|  |TAMS 0x0000000085400000, 0x0000000085300000| Untracked 
|  84|0x0000000085400000, 0x0000000085500000, 0x0000000085500000|100%| O|  |TAMS 0x0000000085500000, 0x0000000085400000| Untracked 
|  85|0x0000000085500000, 0x0000000085600000, 0x0000000085600000|100%| O|  |TAMS 0x0000000085600000, 0x0000000085500000| Untracked 
|  86|0x0000000085600000, 0x0000000085700000, 0x0000000085700000|100%| O|  |TAMS 0x0000000085700000, 0x0000000085600000| Untracked 
|  87|0x0000000085700000, 0x0000000085800000, 0x0000000085800000|100%| O|  |TAMS 0x0000000085800000, 0x0000000085700000| Untracked 
|  88|0x0000000085800000, 0x0000000085900000, 0x0000000085900000|100%| O|  |TAMS 0x0000000085900000, 0x0000000085800000| Untracked 
|  89|0x0000000085900000, 0x0000000085a00000, 0x0000000085a00000|100%| O|  |TAMS 0x0000000085a00000, 0x0000000085900000| Untracked 
|  90|0x0000000085a00000, 0x0000000085b00000, 0x0000000085b00000|100%| O|  |TAMS 0x0000000085b00000, 0x0000000085a00000| Untracked 
|  91|0x0000000085b00000, 0x0000000085c00000, 0x0000000085c00000|100%| O|  |TAMS 0x0000000085c00000, 0x0000000085b00000| Untracked 
|  92|0x0000000085c00000, 0x0000000085d00000, 0x0000000085d00000|100%| O|  |TAMS 0x0000000085c00000, 0x0000000085c00000| Untracked 
|  93|0x0000000085d00000, 0x0000000085e00000, 0x0000000085e00000|100%| O|  |TAMS 0x0000000085e00000, 0x0000000085d00000| Untracked 
|  94|0x0000000085e00000, 0x0000000085f00000, 0x0000000085f00000|100%| O|  |TAMS 0x0000000085f00000, 0x0000000085e00000| Untracked 
|  95|0x0000000085f00000, 0x0000000086000000, 0x0000000086000000|100%| O|  |TAMS 0x0000000085f00000, 0x0000000085f00000| Untracked 
|  96|0x0000000086000000, 0x0000000086100000, 0x0000000086100000|100%| O|  |TAMS 0x0000000086000000, 0x0000000086000000| Untracked 
|  97|0x0000000086100000, 0x0000000086100000, 0x0000000086200000|  0%| F|  |TAMS 0x0000000086100000, 0x0000000086100000| Untracked 
|  98|0x0000000086200000, 0x0000000086300000, 0x0000000086300000|100%| O|  |TAMS 0x0000000086300000, 0x0000000086200000| Untracked 
|  99|0x0000000086300000, 0x0000000086400000, 0x0000000086400000|100%| O|  |TAMS 0x0000000086400000, 0x0000000086300000| Untracked 
| 100|0x0000000086400000, 0x0000000086500000, 0x0000000086500000|100%| O|  |TAMS 0x0000000086500000, 0x0000000086400000| Untracked 
| 101|0x0000000086500000, 0x0000000086600000, 0x0000000086600000|100%| O|  |TAMS 0x0000000086600000, 0x0000000086500000| Untracked 
| 102|0x0000000086600000, 0x0000000086700000, 0x0000000086700000|100%| O|  |TAMS 0x0000000086700000, 0x0000000086600000| Untracked 
| 103|0x0000000086700000, 0x0000000086800000, 0x0000000086800000|100%| O|  |TAMS 0x0000000086800000, 0x0000000086700000| Untracked 
| 104|0x0000000086800000, 0x0000000086900000, 0x0000000086900000|100%| O|  |TAMS 0x0000000086900000, 0x0000000086800000| Untracked 
| 105|0x0000000086900000, 0x0000000086900000, 0x0000000086a00000|  0%| F|  |TAMS 0x0000000086900000, 0x0000000086900000| Untracked 
| 106|0x0000000086a00000, 0x0000000086b00000, 0x0000000086b00000|100%|HS|  |TAMS 0x0000000086a00000, 0x0000000086a00000| Complete 
| 107|0x0000000086b00000, 0x0000000086c00000, 0x0000000086c00000|100%| O|  |TAMS 0x0000000086b58c00, 0x0000000086b00000| Untracked 
| 108|0x0000000086c00000, 0x0000000086d00000, 0x0000000086d00000|100%| O|  |TAMS 0x0000000086c00000, 0x0000000086c00000| Untracked 
| 109|0x0000000086d00000, 0x0000000086e00000, 0x0000000086e00000|100%| O|  |TAMS 0x0000000086d00000, 0x0000000086d00000| Untracked 
| 110|0x0000000086e00000, 0x0000000086f00000, 0x0000000086f00000|100%| O|  |TAMS 0x0000000086e00000, 0x0000000086e00000| Untracked 
| 111|0x0000000086f00000, 0x0000000087000000, 0x0000000087000000|100%| O|  |TAMS 0x0000000086f00000, 0x0000000086f00000| Untracked 
| 112|0x0000000087000000, 0x0000000087100000, 0x0000000087100000|100%| O|  |TAMS 0x0000000087000000, 0x0000000087000000| Untracked 
| 113|0x0000000087100000, 0x0000000087200000, 0x0000000087200000|100%| O|  |TAMS 0x0000000087100000, 0x0000000087100000| Untracked 
| 114|0x0000000087200000, 0x0000000087300000, 0x0000000087300000|100%| O|  |TAMS 0x0000000087200000, 0x0000000087200000| Untracked 
| 115|0x0000000087300000, 0x0000000087400000, 0x0000000087400000|100%| O|  |TAMS 0x0000000087300000, 0x0000000087300000| Untracked 
| 116|0x0000000087400000, 0x0000000087500000, 0x0000000087500000|100%|HS|  |TAMS 0x0000000087400000, 0x0000000087400000| Complete 
| 117|0x0000000087500000, 0x0000000087600000, 0x0000000087600000|100%|HC|  |TAMS 0x0000000087500000, 0x0000000087500000| Complete 
| 118|0x0000000087600000, 0x0000000087700000, 0x0000000087700000|100%|HS|  |TAMS 0x0000000087600000, 0x0000000087600000| Complete 
| 119|0x0000000087700000, 0x0000000087700000, 0x0000000087800000|  0%| F|  |TAMS 0x0000000087700000, 0x0000000087700000| Untracked 
| 120|0x0000000087800000, 0x0000000087900000, 0x0000000087900000|100%| O|  |TAMS 0x0000000087800000, 0x0000000087800000| Untracked 
| 121|0x0000000087900000, 0x0000000087a00000, 0x0000000087a00000|100%| O|  |TAMS 0x0000000087900000, 0x0000000087900000| Untracked 
| 122|0x0000000087a00000, 0x0000000087b00000, 0x0000000087b00000|100%| O|  |TAMS 0x0000000087a00000, 0x0000000087a00000| Untracked 
| 123|0x0000000087b00000, 0x0000000087c00000, 0x0000000087c00000|100%| O|  |TAMS 0x0000000087b00000, 0x0000000087b00000| Untracked 
| 124|0x0000000087c00000, 0x0000000087d00000, 0x0000000087d00000|100%| O|  |TAMS 0x0000000087c00000, 0x0000000087c00000| Untracked 
| 125|0x0000000087d00000, 0x0000000087e00000, 0x0000000087e00000|100%| O|  |TAMS 0x0000000087d00000, 0x0000000087d00000| Untracked 
| 126|0x0000000087e00000, 0x0000000087f00000, 0x0000000087f00000|100%| O|  |TAMS 0x0000000087e00000, 0x0000000087e00000| Untracked 
| 127|0x0000000087f00000, 0x0000000088000000, 0x0000000088000000|100%| O|  |TAMS 0x0000000087f00000, 0x0000000087f00000| Untracked 
| 128|0x0000000088000000, 0x0000000088100000, 0x0000000088100000|100%| O|  |TAMS 0x0000000088000000, 0x0000000088000000| Untracked 
| 129|0x0000000088100000, 0x0000000088200000, 0x0000000088200000|100%| O|  |TAMS 0x0000000088100000, 0x0000000088100000| Untracked 
| 130|0x0000000088200000, 0x0000000088300000, 0x0000000088300000|100%| O|  |TAMS 0x0000000088200000, 0x0000000088200000| Untracked 
| 131|0x0000000088300000, 0x0000000088400000, 0x0000000088400000|100%| O|  |TAMS 0x0000000088300000, 0x0000000088300000| Untracked 
| 132|0x0000000088400000, 0x0000000088500000, 0x0000000088500000|100%| O|  |TAMS 0x0000000088400000, 0x0000000088400000| Untracked 
| 133|0x0000000088500000, 0x0000000088600000, 0x0000000088600000|100%| O|  |TAMS 0x0000000088500000, 0x0000000088500000| Untracked 
| 134|0x0000000088600000, 0x0000000088700000, 0x0000000088700000|100%| O|  |TAMS 0x0000000088600000, 0x0000000088600000| Untracked 
| 135|0x0000000088700000, 0x0000000088800000, 0x0000000088800000|100%| O|  |TAMS 0x0000000088700000, 0x0000000088700000| Untracked 
| 136|0x0000000088800000, 0x0000000088900000, 0x0000000088900000|100%| O|  |TAMS 0x0000000088800000, 0x0000000088800000| Untracked 
| 137|0x0000000088900000, 0x0000000088a00000, 0x0000000088a00000|100%| O|  |TAMS 0x0000000088900000, 0x0000000088900000| Untracked 
| 138|0x0000000088a00000, 0x0000000088a78400, 0x0000000088b00000| 46%| O|  |TAMS 0x0000000088a00000, 0x0000000088a00000| Untracked 
| 139|0x0000000088b00000, 0x0000000088b00000, 0x0000000088c00000|  0%| F|  |TAMS 0x0000000088b00000, 0x0000000088b00000| Untracked 
| 140|0x0000000088c00000, 0x0000000088c00000, 0x0000000088d00000|  0%| F|  |TAMS 0x0000000088c00000, 0x0000000088c00000| Untracked 
| 141|0x0000000088d00000, 0x0000000088d00000, 0x0000000088e00000|  0%| F|  |TAMS 0x0000000088d00000, 0x0000000088d00000| Untracked 
| 142|0x0000000088e00000, 0x0000000088e00000, 0x0000000088f00000|  0%| F|  |TAMS 0x0000000088e00000, 0x0000000088e00000| Untracked 
| 143|0x0000000088f00000, 0x0000000088f00000, 0x0000000089000000|  0%| F|  |TAMS 0x0000000088f00000, 0x0000000088f00000| Untracked 
| 144|0x0000000089000000, 0x0000000089000000, 0x0000000089100000|  0%| F|  |TAMS 0x0000000089000000, 0x0000000089000000| Untracked 
| 145|0x0000000089100000, 0x0000000089100000, 0x0000000089200000|  0%| F|  |TAMS 0x0000000089100000, 0x0000000089100000| Untracked 
| 146|0x0000000089200000, 0x0000000089200000, 0x0000000089300000|  0%| F|  |TAMS 0x0000000089200000, 0x0000000089200000| Untracked 
| 147|0x0000000089300000, 0x0000000089300000, 0x0000000089400000|  0%| F|  |TAMS 0x0000000089300000, 0x0000000089300000| Untracked 
| 148|0x0000000089400000, 0x0000000089400000, 0x0000000089500000|  0%| F|  |TAMS 0x0000000089400000, 0x0000000089400000| Untracked 
| 149|0x0000000089500000, 0x0000000089500000, 0x0000000089600000|  0%| F|  |TAMS 0x0000000089500000, 0x0000000089500000| Untracked 
| 150|0x0000000089600000, 0x0000000089600000, 0x0000000089700000|  0%| F|  |TAMS 0x0000000089600000, 0x0000000089600000| Untracked 
| 151|0x0000000089700000, 0x0000000089700000, 0x0000000089800000|  0%| F|  |TAMS 0x0000000089700000, 0x0000000089700000| Untracked 
| 152|0x0000000089800000, 0x0000000089800000, 0x0000000089900000|  0%| F|  |TAMS 0x0000000089800000, 0x0000000089800000| Untracked 
| 153|0x0000000089900000, 0x0000000089900000, 0x0000000089a00000|  0%| F|  |TAMS 0x0000000089900000, 0x0000000089900000| Untracked 
| 154|0x0000000089a00000, 0x0000000089a00000, 0x0000000089b00000|  0%| F|  |TAMS 0x0000000089a00000, 0x0000000089a00000| Untracked 
| 155|0x0000000089b00000, 0x0000000089b00000, 0x0000000089c00000|  0%| F|  |TAMS 0x0000000089b00000, 0x0000000089b00000| Untracked 
| 156|0x0000000089c00000, 0x0000000089c00000, 0x0000000089d00000|  0%| F|  |TAMS 0x0000000089c00000, 0x0000000089c00000| Untracked 
| 157|0x0000000089d00000, 0x0000000089d00000, 0x0000000089e00000|  0%| F|  |TAMS 0x0000000089d00000, 0x0000000089d00000| Untracked 
| 158|0x0000000089e00000, 0x0000000089e00000, 0x0000000089f00000|  0%| F|  |TAMS 0x0000000089e00000, 0x0000000089e00000| Untracked 
| 159|0x0000000089f00000, 0x0000000089f00000, 0x000000008a000000|  0%| F|  |TAMS 0x0000000089f00000, 0x0000000089f00000| Untracked 
| 160|0x000000008a000000, 0x000000008a000000, 0x000000008a100000|  0%| F|  |TAMS 0x000000008a000000, 0x000000008a000000| Untracked 
| 161|0x000000008a100000, 0x000000008a100000, 0x000000008a200000|  0%| F|  |TAMS 0x000000008a100000, 0x000000008a100000| Untracked 
| 162|0x000000008a200000, 0x000000008a200000, 0x000000008a300000|  0%| F|  |TAMS 0x000000008a200000, 0x000000008a200000| Untracked 
| 163|0x000000008a300000, 0x000000008a300000, 0x000000008a400000|  0%| F|  |TAMS 0x000000008a300000, 0x000000008a300000| Untracked 
| 164|0x000000008a400000, 0x000000008a400000, 0x000000008a500000|  0%| F|  |TAMS 0x000000008a400000, 0x000000008a400000| Untracked 
| 165|0x000000008a500000, 0x000000008a500000, 0x000000008a600000|  0%| F|  |TAMS 0x000000008a500000, 0x000000008a500000| Untracked 
| 166|0x000000008a600000, 0x000000008a600000, 0x000000008a700000|  0%| F|  |TAMS 0x000000008a600000, 0x000000008a600000| Untracked 
| 167|0x000000008a700000, 0x000000008a700000, 0x000000008a800000|  0%| F|  |TAMS 0x000000008a700000, 0x000000008a700000| Untracked 
| 168|0x000000008a800000, 0x000000008a800000, 0x000000008a900000|  0%| F|  |TAMS 0x000000008a800000, 0x000000008a800000| Untracked 
| 169|0x000000008a900000, 0x000000008a900000, 0x000000008aa00000|  0%| F|  |TAMS 0x000000008a900000, 0x000000008a900000| Untracked 
| 170|0x000000008aa00000, 0x000000008aa00000, 0x000000008ab00000|  0%| F|  |TAMS 0x000000008aa00000, 0x000000008aa00000| Untracked 
| 171|0x000000008ab00000, 0x000000008ab00000, 0x000000008ac00000|  0%| F|  |TAMS 0x000000008ab00000, 0x000000008ab00000| Untracked 
| 172|0x000000008ac00000, 0x000000008ac00000, 0x000000008ad00000|  0%| F|  |TAMS 0x000000008ac00000, 0x000000008ac00000| Untracked 
| 173|0x000000008ad00000, 0x000000008ad00000, 0x000000008ae00000|  0%| F|  |TAMS 0x000000008ad00000, 0x000000008ad00000| Untracked 
| 174|0x000000008ae00000, 0x000000008ae00000, 0x000000008af00000|  0%| F|  |TAMS 0x000000008ae00000, 0x000000008ae00000| Untracked 
| 175|0x000000008af00000, 0x000000008af00000, 0x000000008b000000|  0%| F|  |TAMS 0x000000008af00000, 0x000000008af00000| Untracked 
| 176|0x000000008b000000, 0x000000008b000000, 0x000000008b100000|  0%| F|  |TAMS 0x000000008b000000, 0x000000008b000000| Untracked 
| 177|0x000000008b100000, 0x000000008b100000, 0x000000008b200000|  0%| F|  |TAMS 0x000000008b100000, 0x000000008b100000| Untracked 
| 178|0x000000008b200000, 0x000000008b200000, 0x000000008b300000|  0%| F|  |TAMS 0x000000008b200000, 0x000000008b200000| Untracked 
| 179|0x000000008b300000, 0x000000008b300000, 0x000000008b400000|  0%| F|  |TAMS 0x000000008b300000, 0x000000008b300000| Untracked 
| 180|0x000000008b400000, 0x000000008b400000, 0x000000008b500000|  0%| F|  |TAMS 0x000000008b400000, 0x000000008b400000| Untracked 
| 181|0x000000008b500000, 0x000000008b500000, 0x000000008b600000|  0%| F|  |TAMS 0x000000008b500000, 0x000000008b500000| Untracked 
| 182|0x000000008b600000, 0x000000008b600000, 0x000000008b700000|  0%| F|  |TAMS 0x000000008b600000, 0x000000008b600000| Untracked 
| 183|0x000000008b700000, 0x000000008b700000, 0x000000008b800000|  0%| F|  |TAMS 0x000000008b700000, 0x000000008b700000| Untracked 
| 184|0x000000008b800000, 0x000000008b800000, 0x000000008b900000|  0%| F|  |TAMS 0x000000008b800000, 0x000000008b800000| Untracked 
| 185|0x000000008b900000, 0x000000008b900000, 0x000000008ba00000|  0%| F|  |TAMS 0x000000008b900000, 0x000000008b900000| Untracked 
| 186|0x000000008ba00000, 0x000000008ba00000, 0x000000008bb00000|  0%| F|  |TAMS 0x000000008ba00000, 0x000000008ba00000| Untracked 
| 187|0x000000008bb00000, 0x000000008bb00000, 0x000000008bc00000|  0%| F|  |TAMS 0x000000008bb00000, 0x000000008bb00000| Untracked 
| 188|0x000000008bc00000, 0x000000008bc00000, 0x000000008bd00000|  0%| F|  |TAMS 0x000000008bc00000, 0x000000008bc00000| Untracked 
| 189|0x000000008bd00000, 0x000000008bd00000, 0x000000008be00000|  0%| F|  |TAMS 0x000000008bd00000, 0x000000008bd00000| Untracked 
| 190|0x000000008be00000, 0x000000008be00000, 0x000000008bf00000|  0%| F|  |TAMS 0x000000008be00000, 0x000000008be00000| Untracked 
| 191|0x000000008bf00000, 0x000000008bf00000, 0x000000008c000000|  0%| F|  |TAMS 0x000000008bf00000, 0x000000008bf00000| Untracked 
| 192|0x000000008c000000, 0x000000008c000000, 0x000000008c100000|  0%| F|  |TAMS 0x000000008c000000, 0x000000008c000000| Untracked 
| 193|0x000000008c100000, 0x000000008c100000, 0x000000008c200000|  0%| F|  |TAMS 0x000000008c100000, 0x000000008c100000| Untracked 
| 194|0x000000008c200000, 0x000000008c200000, 0x000000008c300000|  0%| F|  |TAMS 0x000000008c200000, 0x000000008c200000| Untracked 
| 195|0x000000008c300000, 0x000000008c300000, 0x000000008c400000|  0%| F|  |TAMS 0x000000008c300000, 0x000000008c300000| Untracked 
| 196|0x000000008c400000, 0x000000008c400000, 0x000000008c500000|  0%| F|  |TAMS 0x000000008c400000, 0x000000008c400000| Untracked 
| 197|0x000000008c500000, 0x000000008c500000, 0x000000008c600000|  0%| F|  |TAMS 0x000000008c500000, 0x000000008c500000| Untracked 
| 198|0x000000008c600000, 0x000000008c600000, 0x000000008c700000|  0%| F|  |TAMS 0x000000008c600000, 0x000000008c600000| Untracked 
| 199|0x000000008c700000, 0x000000008c700000, 0x000000008c800000|  0%| F|  |TAMS 0x000000008c700000, 0x000000008c700000| Untracked 
| 200|0x000000008c800000, 0x000000008c800000, 0x000000008c900000|  0%| F|  |TAMS 0x000000008c800000, 0x000000008c800000| Untracked 
| 201|0x000000008c900000, 0x000000008ca00000, 0x000000008ca00000|100%| S|CS|TAMS 0x000000008c900000, 0x000000008c900000| Complete 
| 202|0x000000008ca00000, 0x000000008cb00000, 0x000000008cb00000|100%| S|CS|TAMS 0x000000008ca00000, 0x000000008ca00000| Complete 
| 203|0x000000008cb00000, 0x000000008cc00000, 0x000000008cc00000|100%| S|CS|TAMS 0x000000008cb00000, 0x000000008cb00000| Complete 
| 204|0x000000008cc00000, 0x000000008cd00000, 0x000000008cd00000|100%| S|CS|TAMS 0x000000008cc00000, 0x000000008cc00000| Complete 
| 205|0x000000008cd00000, 0x000000008ce00000, 0x000000008ce00000|100%| S|CS|TAMS 0x000000008cd00000, 0x000000008cd00000| Complete 
| 206|0x000000008ce00000, 0x000000008cf00000, 0x000000008cf00000|100%| S|CS|TAMS 0x000000008ce00000, 0x000000008ce00000| Complete 
| 207|0x000000008cf00000, 0x000000008d000000, 0x000000008d000000|100%| S|CS|TAMS 0x000000008cf00000, 0x000000008cf00000| Complete 
| 208|0x000000008d000000, 0x000000008d100000, 0x000000008d100000|100%| S|CS|TAMS 0x000000008d000000, 0x000000008d000000| Complete 
| 209|0x000000008d100000, 0x000000008d200000, 0x000000008d200000|100%| S|CS|TAMS 0x000000008d100000, 0x000000008d100000| Complete 
| 210|0x000000008d200000, 0x000000008d300000, 0x000000008d300000|100%| S|CS|TAMS 0x000000008d200000, 0x000000008d200000| Complete 
| 211|0x000000008d300000, 0x000000008d400000, 0x000000008d400000|100%| S|CS|TAMS 0x000000008d300000, 0x000000008d300000| Complete 
| 212|0x000000008d400000, 0x000000008d500000, 0x000000008d500000|100%| S|CS|TAMS 0x000000008d400000, 0x000000008d400000| Complete 
| 213|0x000000008d500000, 0x000000008d600000, 0x000000008d600000|100%| S|CS|TAMS 0x000000008d500000, 0x000000008d500000| Complete 
| 214|0x000000008d600000, 0x000000008d700000, 0x000000008d700000|100%| S|CS|TAMS 0x000000008d600000, 0x000000008d600000| Complete 
| 215|0x000000008d700000, 0x000000008d800000, 0x000000008d800000|100%| S|CS|TAMS 0x000000008d700000, 0x000000008d700000| Complete 
| 216|0x000000008d800000, 0x000000008d900000, 0x000000008d900000|100%| S|CS|TAMS 0x000000008d800000, 0x000000008d800000| Complete 
| 217|0x000000008d900000, 0x000000008da00000, 0x000000008da00000|100%| S|CS|TAMS 0x000000008d900000, 0x000000008d900000| Complete 
| 218|0x000000008da00000, 0x000000008db00000, 0x000000008db00000|100%| S|CS|TAMS 0x000000008da00000, 0x000000008da00000| Complete 
| 219|0x000000008db00000, 0x000000008db00000, 0x000000008dc00000|  0%| F|  |TAMS 0x000000008db00000, 0x000000008db00000| Untracked 
| 220|0x000000008dc00000, 0x000000008dc00000, 0x000000008dd00000|  0%| F|  |TAMS 0x000000008dc00000, 0x000000008dc00000| Untracked 
| 221|0x000000008dd00000, 0x000000008dd00000, 0x000000008de00000|  0%| F|  |TAMS 0x000000008dd00000, 0x000000008dd00000| Untracked 
| 222|0x000000008de00000, 0x000000008de00000, 0x000000008df00000|  0%| F|  |TAMS 0x000000008de00000, 0x000000008de00000| Untracked 
| 223|0x000000008df00000, 0x000000008df00000, 0x000000008e000000|  0%| F|  |TAMS 0x000000008df00000, 0x000000008df00000| Untracked 
| 224|0x000000008e000000, 0x000000008e000000, 0x000000008e100000|  0%| F|  |TAMS 0x000000008e000000, 0x000000008e000000| Untracked 
| 225|0x000000008e100000, 0x000000008e100000, 0x000000008e200000|  0%| F|  |TAMS 0x000000008e100000, 0x000000008e100000| Untracked 
| 226|0x000000008e200000, 0x000000008e200000, 0x000000008e300000|  0%| F|  |TAMS 0x000000008e200000, 0x000000008e200000| Untracked 
| 227|0x000000008e300000, 0x000000008e300000, 0x000000008e400000|  0%| F|  |TAMS 0x000000008e300000, 0x000000008e300000| Untracked 
| 228|0x000000008e400000, 0x000000008e400000, 0x000000008e500000|  0%| F|  |TAMS 0x000000008e400000, 0x000000008e400000| Untracked 
| 229|0x000000008e500000, 0x000000008e500000, 0x000000008e600000|  0%| F|  |TAMS 0x000000008e500000, 0x000000008e500000| Untracked 
| 230|0x000000008e600000, 0x000000008e700000, 0x000000008e700000|100%| S|CS|TAMS 0x000000008e600000, 0x000000008e600000| Complete 
| 231|0x000000008e700000, 0x000000008e800000, 0x000000008e800000|100%| S|CS|TAMS 0x000000008e700000, 0x000000008e700000| Complete 
| 232|0x000000008e800000, 0x000000008e900000, 0x000000008e900000|100%| S|CS|TAMS 0x000000008e800000, 0x000000008e800000| Complete 
| 233|0x000000008e900000, 0x000000008ea00000, 0x000000008ea00000|100%| S|CS|TAMS 0x000000008e900000, 0x000000008e900000| Complete 
| 234|0x000000008ea00000, 0x000000008eb00000, 0x000000008eb00000|100%| S|CS|TAMS 0x000000008ea00000, 0x000000008ea00000| Complete 
| 235|0x000000008eb00000, 0x000000008ec00000, 0x000000008ec00000|100%| S|CS|TAMS 0x000000008eb00000, 0x000000008eb00000| Complete 
| 236|0x000000008ec00000, 0x000000008ed00000, 0x000000008ed00000|100%| S|CS|TAMS 0x000000008ec00000, 0x000000008ec00000| Complete 
| 237|0x000000008ed00000, 0x000000008ee00000, 0x000000008ee00000|100%| S|CS|TAMS 0x000000008ed00000, 0x000000008ed00000| Complete 
| 238|0x000000008ee00000, 0x000000008ef00000, 0x000000008ef00000|100%| S|CS|TAMS 0x000000008ee00000, 0x000000008ee00000| Complete 
| 239|0x000000008ef00000, 0x000000008f000000, 0x000000008f000000|100%| S|CS|TAMS 0x000000008ef00000, 0x000000008ef00000| Complete 
| 240|0x000000008f000000, 0x000000008f100000, 0x000000008f100000|100%| S|CS|TAMS 0x000000008f000000, 0x000000008f000000| Complete 
| 241|0x000000008f100000, 0x000000008f200000, 0x000000008f200000|100%| S|CS|TAMS 0x000000008f100000, 0x000000008f100000| Complete 
| 242|0x000000008f200000, 0x000000008f300000, 0x000000008f300000|100%| S|CS|TAMS 0x000000008f200000, 0x000000008f200000| Complete 
| 243|0x000000008f300000, 0x000000008f400000, 0x000000008f400000|100%| S|CS|TAMS 0x000000008f300000, 0x000000008f300000| Complete 
| 244|0x000000008f400000, 0x000000008f500000, 0x000000008f500000|100%| S|CS|TAMS 0x000000008f400000, 0x000000008f400000| Complete 
| 245|0x000000008f500000, 0x000000008f600000, 0x000000008f600000|100%| S|CS|TAMS 0x000000008f500000, 0x000000008f500000| Complete 
| 246|0x000000008f600000, 0x000000008f700000, 0x000000008f700000|100%| S|CS|TAMS 0x000000008f600000, 0x000000008f600000| Complete 
| 247|0x000000008f700000, 0x000000008f800000, 0x000000008f800000|100%| S|CS|TAMS 0x000000008f700000, 0x000000008f700000| Complete 
| 248|0x000000008f800000, 0x000000008f900000, 0x000000008f900000|100%| S|CS|TAMS 0x000000008f800000, 0x000000008f800000| Complete 
| 249|0x000000008f900000, 0x000000008fa00000, 0x000000008fa00000|100%| S|CS|TAMS 0x000000008f900000, 0x000000008f900000| Complete 
| 250|0x000000008fa00000, 0x000000008fa00000, 0x000000008fb00000|  0%| F|  |TAMS 0x000000008fa00000, 0x000000008fa00000| Untracked 
| 251|0x000000008fb00000, 0x000000008fb00000, 0x000000008fc00000|  0%| F|  |TAMS 0x000000008fb00000, 0x000000008fb00000| Untracked 
| 252|0x000000008fc00000, 0x000000008fc00000, 0x000000008fd00000|  0%| F|  |TAMS 0x000000008fc00000, 0x000000008fc00000| Untracked 
| 253|0x000000008fd00000, 0x000000008fd00000, 0x000000008fe00000|  0%| F|  |TAMS 0x000000008fd00000, 0x000000008fd00000| Untracked 
| 254|0x000000008fe00000, 0x000000008fe00000, 0x000000008ff00000|  0%| F|  |TAMS 0x000000008fe00000, 0x000000008fe00000| Untracked 
| 255|0x000000008ff00000, 0x000000008ff00000, 0x0000000090000000|  0%| F|  |TAMS 0x000000008ff00000, 0x000000008ff00000| Untracked 
| 256|0x0000000090000000, 0x0000000090000000, 0x0000000090100000|  0%| F|  |TAMS 0x0000000090000000, 0x0000000090000000| Untracked 
| 257|0x0000000090100000, 0x0000000090100000, 0x0000000090200000|  0%| F|  |TAMS 0x0000000090100000, 0x0000000090100000| Untracked 
| 258|0x0000000090200000, 0x0000000090200000, 0x0000000090300000|  0%| F|  |TAMS 0x0000000090200000, 0x0000000090200000| Untracked 
| 259|0x0000000090300000, 0x0000000090300000, 0x0000000090400000|  0%| F|  |TAMS 0x0000000090300000, 0x0000000090300000| Untracked 
| 260|0x0000000090400000, 0x0000000090400000, 0x0000000090500000|  0%| F|  |TAMS 0x0000000090400000, 0x0000000090400000| Untracked 
| 261|0x0000000090500000, 0x0000000090500000, 0x0000000090600000|  0%| F|  |TAMS 0x0000000090500000, 0x0000000090500000| Untracked 
| 262|0x0000000090600000, 0x0000000090600000, 0x0000000090700000|  0%| F|  |TAMS 0x0000000090600000, 0x0000000090600000| Untracked 
| 263|0x0000000090700000, 0x0000000090700000, 0x0000000090800000|  0%| F|  |TAMS 0x0000000090700000, 0x0000000090700000| Untracked 
| 264|0x0000000090800000, 0x0000000090800000, 0x0000000090900000|  0%| F|  |TAMS 0x0000000090800000, 0x0000000090800000| Untracked 
| 265|0x0000000090900000, 0x0000000090900000, 0x0000000090a00000|  0%| F|  |TAMS 0x0000000090900000, 0x0000000090900000| Untracked 
| 266|0x0000000090a00000, 0x0000000090a00000, 0x0000000090b00000|  0%| F|  |TAMS 0x0000000090a00000, 0x0000000090a00000| Untracked 
| 267|0x0000000090b00000, 0x0000000090b00000, 0x0000000090c00000|  0%| F|  |TAMS 0x0000000090b00000, 0x0000000090b00000| Untracked 
| 268|0x0000000090c00000, 0x0000000090c00000, 0x0000000090d00000|  0%| F|  |TAMS 0x0000000090c00000, 0x0000000090c00000| Untracked 
| 269|0x0000000090d00000, 0x0000000090d00000, 0x0000000090e00000|  0%| F|  |TAMS 0x0000000090d00000, 0x0000000090d00000| Untracked 
| 270|0x0000000090e00000, 0x0000000090e00000, 0x0000000090f00000|  0%| F|  |TAMS 0x0000000090e00000, 0x0000000090e00000| Untracked 
| 271|0x0000000090f00000, 0x0000000090f00000, 0x0000000091000000|  0%| F|  |TAMS 0x0000000090f00000, 0x0000000090f00000| Untracked 
| 272|0x0000000091000000, 0x0000000091100000, 0x0000000091100000|100%| S|CS|TAMS 0x0000000091000000, 0x0000000091000000| Complete 
| 273|0x0000000091100000, 0x0000000091200000, 0x0000000091200000|100%| S|CS|TAMS 0x0000000091100000, 0x0000000091100000| Complete 
| 274|0x0000000091200000, 0x0000000091300000, 0x0000000091300000|100%| S|CS|TAMS 0x0000000091200000, 0x0000000091200000| Complete 
| 275|0x0000000091300000, 0x0000000091400000, 0x0000000091400000|100%| S|CS|TAMS 0x0000000091300000, 0x0000000091300000| Complete 
| 276|0x0000000091400000, 0x0000000091500000, 0x0000000091500000|100%| S|CS|TAMS 0x0000000091400000, 0x0000000091400000| Complete 
| 277|0x0000000091500000, 0x0000000091600000, 0x0000000091600000|100%| S|CS|TAMS 0x0000000091500000, 0x0000000091500000| Complete 
| 278|0x0000000091600000, 0x0000000091700000, 0x0000000091700000|100%| S|CS|TAMS 0x0000000091600000, 0x0000000091600000| Complete 
| 279|0x0000000091700000, 0x0000000091800000, 0x0000000091800000|100%| S|CS|TAMS 0x0000000091700000, 0x0000000091700000| Complete 
| 280|0x0000000091800000, 0x0000000091900000, 0x0000000091900000|100%| S|CS|TAMS 0x0000000091800000, 0x0000000091800000| Complete 
| 281|0x0000000091900000, 0x0000000091900000, 0x0000000091a00000|  0%| F|  |TAMS 0x0000000091900000, 0x0000000091900000| Untracked 
| 282|0x0000000091a00000, 0x0000000091a00000, 0x0000000091b00000|  0%| F|  |TAMS 0x0000000091a00000, 0x0000000091a00000| Untracked 
| 283|0x0000000091b00000, 0x0000000091b00000, 0x0000000091c00000|  0%| F|  |TAMS 0x0000000091b00000, 0x0000000091b00000| Untracked 
| 284|0x0000000091c00000, 0x0000000091c00000, 0x0000000091d00000|  0%| F|  |TAMS 0x0000000091c00000, 0x0000000091c00000| Untracked 
| 285|0x0000000091d00000, 0x0000000091d00000, 0x0000000091e00000|  0%| F|  |TAMS 0x0000000091d00000, 0x0000000091d00000| Untracked 
| 286|0x0000000091e00000, 0x0000000091e00000, 0x0000000091f00000|  0%| F|  |TAMS 0x0000000091e00000, 0x0000000091e00000| Untracked 
| 287|0x0000000091f00000, 0x0000000091f00000, 0x0000000092000000|  0%| F|  |TAMS 0x0000000091f00000, 0x0000000091f00000| Untracked 
| 288|0x0000000092000000, 0x0000000092000000, 0x0000000092100000|  0%| F|  |TAMS 0x0000000092000000, 0x0000000092000000| Untracked 
| 289|0x0000000092100000, 0x0000000092100000, 0x0000000092200000|  0%| F|  |TAMS 0x0000000092100000, 0x0000000092100000| Untracked 
| 290|0x0000000092200000, 0x0000000092200000, 0x0000000092300000|  0%| F|  |TAMS 0x0000000092200000, 0x0000000092200000| Untracked 
| 291|0x0000000092300000, 0x0000000092300000, 0x0000000092400000|  0%| F|  |TAMS 0x0000000092300000, 0x0000000092300000| Untracked 
| 292|0x0000000092400000, 0x0000000092400000, 0x0000000092500000|  0%| F|  |TAMS 0x0000000092400000, 0x0000000092400000| Untracked 
| 293|0x0000000092500000, 0x0000000092500000, 0x0000000092600000|  0%| F|  |TAMS 0x0000000092500000, 0x0000000092500000| Untracked 
| 294|0x0000000092600000, 0x0000000092600000, 0x0000000092700000|  0%| F|  |TAMS 0x0000000092600000, 0x0000000092600000| Untracked 
| 295|0x0000000092700000, 0x0000000092700000, 0x0000000092800000|  0%| F|  |TAMS 0x0000000092700000, 0x0000000092700000| Untracked 
| 296|0x0000000092800000, 0x0000000092800000, 0x0000000092900000|  0%| F|  |TAMS 0x0000000092800000, 0x0000000092800000| Untracked 
| 297|0x0000000092900000, 0x0000000092900000, 0x0000000092a00000|  0%| F|  |TAMS 0x0000000092900000, 0x0000000092900000| Untracked 
| 298|0x0000000092a00000, 0x0000000092a00000, 0x0000000092b00000|  0%| F|  |TAMS 0x0000000092a00000, 0x0000000092a00000| Untracked 
| 299|0x0000000092b00000, 0x0000000092b00000, 0x0000000092c00000|  0%| F|  |TAMS 0x0000000092b00000, 0x0000000092b00000| Untracked 
| 300|0x0000000092c00000, 0x0000000092c00000, 0x0000000092d00000|  0%| F|  |TAMS 0x0000000092c00000, 0x0000000092c00000| Untracked 
| 301|0x0000000092d00000, 0x0000000092d00000, 0x0000000092e00000|  0%| F|  |TAMS 0x0000000092d00000, 0x0000000092d00000| Untracked 
| 302|0x0000000092e00000, 0x0000000092e00000, 0x0000000092f00000|  0%| F|  |TAMS 0x0000000092e00000, 0x0000000092e00000| Untracked 
| 303|0x0000000092f00000, 0x0000000092f00000, 0x0000000093000000|  0%| F|  |TAMS 0x0000000092f00000, 0x0000000092f00000| Untracked 
| 304|0x0000000093000000, 0x0000000093000000, 0x0000000093100000|  0%| F|  |TAMS 0x0000000093000000, 0x0000000093000000| Untracked 
| 305|0x0000000093100000, 0x0000000093100000, 0x0000000093200000|  0%| F|  |TAMS 0x0000000093100000, 0x0000000093100000| Untracked 
| 306|0x0000000093200000, 0x0000000093200000, 0x0000000093300000|  0%| F|  |TAMS 0x0000000093200000, 0x0000000093200000| Untracked 
| 307|0x0000000093300000, 0x0000000093300000, 0x0000000093400000|  0%| F|  |TAMS 0x0000000093300000, 0x0000000093300000| Untracked 
| 308|0x0000000093400000, 0x0000000093400000, 0x0000000093500000|  0%| F|  |TAMS 0x0000000093400000, 0x0000000093400000| Untracked 
| 309|0x0000000093500000, 0x0000000093500000, 0x0000000093600000|  0%| F|  |TAMS 0x0000000093500000, 0x0000000093500000| Untracked 
| 310|0x0000000093600000, 0x0000000093600000, 0x0000000093700000|  0%| F|  |TAMS 0x0000000093600000, 0x0000000093600000| Untracked 
| 311|0x0000000093700000, 0x0000000093700000, 0x0000000093800000|  0%| F|  |TAMS 0x0000000093700000, 0x0000000093700000| Untracked 
| 312|0x0000000093800000, 0x0000000093800000, 0x0000000093900000|  0%| F|  |TAMS 0x0000000093800000, 0x0000000093800000| Untracked 
| 313|0x0000000093900000, 0x0000000093900000, 0x0000000093a00000|  0%| F|  |TAMS 0x0000000093900000, 0x0000000093900000| Untracked 
| 314|0x0000000093a00000, 0x0000000093a00000, 0x0000000093b00000|  0%| F|  |TAMS 0x0000000093a00000, 0x0000000093a00000| Untracked 
| 315|0x0000000093b00000, 0x0000000093b00000, 0x0000000093c00000|  0%| F|  |TAMS 0x0000000093b00000, 0x0000000093b00000| Untracked 
| 316|0x0000000093c00000, 0x0000000093c00000, 0x0000000093d00000|  0%| F|  |TAMS 0x0000000093c00000, 0x0000000093c00000| Untracked 
| 317|0x0000000093d00000, 0x0000000093d00000, 0x0000000093e00000|  0%| F|  |TAMS 0x0000000093d00000, 0x0000000093d00000| Untracked 
| 318|0x0000000093e00000, 0x0000000093e00000, 0x0000000093f00000|  0%| F|  |TAMS 0x0000000093e00000, 0x0000000093e00000| Untracked 
| 319|0x0000000093f00000, 0x0000000093f00000, 0x0000000094000000|  0%| F|  |TAMS 0x0000000093f00000, 0x0000000093f00000| Untracked 
| 320|0x0000000094000000, 0x0000000094000000, 0x0000000094100000|  0%| F|  |TAMS 0x0000000094000000, 0x0000000094000000| Untracked 
| 321|0x0000000094100000, 0x0000000094100000, 0x0000000094200000|  0%| F|  |TAMS 0x0000000094100000, 0x0000000094100000| Untracked 
| 322|0x0000000094200000, 0x0000000094200000, 0x0000000094300000|  0%| F|  |TAMS 0x0000000094200000, 0x0000000094200000| Untracked 
| 323|0x0000000094300000, 0x0000000094300000, 0x0000000094400000|  0%| F|  |TAMS 0x0000000094300000, 0x0000000094300000| Untracked 
| 324|0x0000000094400000, 0x0000000094400000, 0x0000000094500000|  0%| F|  |TAMS 0x0000000094400000, 0x0000000094400000| Untracked 
| 325|0x0000000094500000, 0x0000000094500000, 0x0000000094600000|  0%| F|  |TAMS 0x0000000094500000, 0x0000000094500000| Untracked 
| 326|0x0000000094600000, 0x0000000094600000, 0x0000000094700000|  0%| F|  |TAMS 0x0000000094600000, 0x0000000094600000| Untracked 
| 327|0x0000000094700000, 0x0000000094700000, 0x0000000094800000|  0%| F|  |TAMS 0x0000000094700000, 0x0000000094700000| Untracked 
| 328|0x0000000094800000, 0x0000000094800000, 0x0000000094900000|  0%| F|  |TAMS 0x0000000094800000, 0x0000000094800000| Untracked 
| 329|0x0000000094900000, 0x0000000094900000, 0x0000000094a00000|  0%| F|  |TAMS 0x0000000094900000, 0x0000000094900000| Untracked 
| 330|0x0000000094a00000, 0x0000000094a00000, 0x0000000094b00000|  0%| F|  |TAMS 0x0000000094a00000, 0x0000000094a00000| Untracked 
| 331|0x0000000094b00000, 0x0000000094b00000, 0x0000000094c00000|  0%| F|  |TAMS 0x0000000094b00000, 0x0000000094b00000| Untracked 
| 332|0x0000000094c00000, 0x0000000094c00000, 0x0000000094d00000|  0%| F|  |TAMS 0x0000000094c00000, 0x0000000094c00000| Untracked 
| 333|0x0000000094d00000, 0x0000000094d00000, 0x0000000094e00000|  0%| F|  |TAMS 0x0000000094d00000, 0x0000000094d00000| Untracked 
| 334|0x0000000094e00000, 0x0000000094e00000, 0x0000000094f00000|  0%| F|  |TAMS 0x0000000094e00000, 0x0000000094e00000| Untracked 
| 335|0x0000000094f00000, 0x0000000094f00000, 0x0000000095000000|  0%| F|  |TAMS 0x0000000094f00000, 0x0000000094f00000| Untracked 
| 336|0x0000000095000000, 0x0000000095000000, 0x0000000095100000|  0%| F|  |TAMS 0x0000000095000000, 0x0000000095000000| Untracked 
| 337|0x0000000095100000, 0x0000000095100000, 0x0000000095200000|  0%| F|  |TAMS 0x0000000095100000, 0x0000000095100000| Untracked 
| 338|0x0000000095200000, 0x0000000095200000, 0x0000000095300000|  0%| F|  |TAMS 0x0000000095200000, 0x0000000095200000| Untracked 
| 339|0x0000000095300000, 0x0000000095300000, 0x0000000095400000|  0%| F|  |TAMS 0x0000000095300000, 0x0000000095300000| Untracked 
| 340|0x0000000095400000, 0x0000000095400000, 0x0000000095500000|  0%| F|  |TAMS 0x0000000095400000, 0x0000000095400000| Untracked 
| 341|0x0000000095500000, 0x0000000095500000, 0x0000000095600000|  0%| F|  |TAMS 0x0000000095500000, 0x0000000095500000| Untracked 
| 342|0x0000000095600000, 0x0000000095600000, 0x0000000095700000|  0%| F|  |TAMS 0x0000000095600000, 0x0000000095600000| Untracked 
| 343|0x0000000095700000, 0x0000000095700000, 0x0000000095800000|  0%| F|  |TAMS 0x0000000095700000, 0x0000000095700000| Untracked 
| 344|0x0000000095800000, 0x0000000095800000, 0x0000000095900000|  0%| F|  |TAMS 0x0000000095800000, 0x0000000095800000| Untracked 
| 345|0x0000000095900000, 0x0000000095900000, 0x0000000095a00000|  0%| F|  |TAMS 0x0000000095900000, 0x0000000095900000| Untracked 
| 346|0x0000000095a00000, 0x0000000095a00000, 0x0000000095b00000|  0%| F|  |TAMS 0x0000000095a00000, 0x0000000095a00000| Untracked 
| 347|0x0000000095b00000, 0x0000000095b00000, 0x0000000095c00000|  0%| F|  |TAMS 0x0000000095b00000, 0x0000000095b00000| Untracked 
| 348|0x0000000095c00000, 0x0000000095c00000, 0x0000000095d00000|  0%| F|  |TAMS 0x0000000095c00000, 0x0000000095c00000| Untracked 
| 349|0x0000000095d00000, 0x0000000095d00000, 0x0000000095e00000|  0%| F|  |TAMS 0x0000000095d00000, 0x0000000095d00000| Untracked 
| 350|0x0000000095e00000, 0x0000000095e00000, 0x0000000095f00000|  0%| F|  |TAMS 0x0000000095e00000, 0x0000000095e00000| Untracked 
| 351|0x0000000095f00000, 0x0000000095f00000, 0x0000000096000000|  0%| F|  |TAMS 0x0000000095f00000, 0x0000000095f00000| Untracked 
| 352|0x0000000096000000, 0x0000000096000000, 0x0000000096100000|  0%| F|  |TAMS 0x0000000096000000, 0x0000000096000000| Untracked 
| 353|0x0000000096100000, 0x0000000096100000, 0x0000000096200000|  0%| F|  |TAMS 0x0000000096100000, 0x0000000096100000| Untracked 
| 354|0x0000000096200000, 0x0000000096200000, 0x0000000096300000|  0%| F|  |TAMS 0x0000000096200000, 0x0000000096200000| Untracked 
| 355|0x0000000096300000, 0x0000000096300000, 0x0000000096400000|  0%| F|  |TAMS 0x0000000096300000, 0x0000000096300000| Untracked 
| 356|0x0000000096400000, 0x0000000096400000, 0x0000000096500000|  0%| F|  |TAMS 0x0000000096400000, 0x0000000096400000| Untracked 
| 357|0x0000000096500000, 0x0000000096500000, 0x0000000096600000|  0%| F|  |TAMS 0x0000000096500000, 0x0000000096500000| Untracked 
| 358|0x0000000096600000, 0x0000000096600000, 0x0000000096700000|  0%| F|  |TAMS 0x0000000096600000, 0x0000000096600000| Untracked 
| 359|0x0000000096700000, 0x0000000096700000, 0x0000000096800000|  0%| F|  |TAMS 0x0000000096700000, 0x0000000096700000| Untracked 
| 360|0x0000000096800000, 0x0000000096800000, 0x0000000096900000|  0%| F|  |TAMS 0x0000000096800000, 0x0000000096800000| Untracked 
| 361|0x0000000096900000, 0x0000000096900000, 0x0000000096a00000|  0%| F|  |TAMS 0x0000000096900000, 0x0000000096900000| Untracked 
| 362|0x0000000096a00000, 0x0000000096a00000, 0x0000000096b00000|  0%| F|  |TAMS 0x0000000096a00000, 0x0000000096a00000| Untracked 
| 363|0x0000000096b00000, 0x0000000096b00000, 0x0000000096c00000|  0%| F|  |TAMS 0x0000000096b00000, 0x0000000096b00000| Untracked 
| 364|0x0000000096c00000, 0x0000000096c00000, 0x0000000096d00000|  0%| F|  |TAMS 0x0000000096c00000, 0x0000000096c00000| Untracked 
| 365|0x0000000096d00000, 0x0000000096d00000, 0x0000000096e00000|  0%| F|  |TAMS 0x0000000096d00000, 0x0000000096d00000| Untracked 
| 366|0x0000000096e00000, 0x0000000096e00000, 0x0000000096f00000|  0%| F|  |TAMS 0x0000000096e00000, 0x0000000096e00000| Untracked 
| 367|0x0000000096f00000, 0x0000000096f00000, 0x0000000097000000|  0%| F|  |TAMS 0x0000000096f00000, 0x0000000096f00000| Untracked 
| 368|0x0000000097000000, 0x0000000097000000, 0x0000000097100000|  0%| F|  |TAMS 0x0000000097000000, 0x0000000097000000| Untracked 
| 369|0x0000000097100000, 0x0000000097100000, 0x0000000097200000|  0%| F|  |TAMS 0x0000000097100000, 0x0000000097100000| Untracked 
| 370|0x0000000097200000, 0x0000000097200000, 0x0000000097300000|  0%| F|  |TAMS 0x0000000097200000, 0x0000000097200000| Untracked 
| 371|0x0000000097300000, 0x0000000097300000, 0x0000000097400000|  0%| F|  |TAMS 0x0000000097300000, 0x0000000097300000| Untracked 
| 372|0x0000000097400000, 0x0000000097400000, 0x0000000097500000|  0%| F|  |TAMS 0x0000000097400000, 0x0000000097400000| Untracked 
| 373|0x0000000097500000, 0x0000000097500000, 0x0000000097600000|  0%| F|  |TAMS 0x0000000097500000, 0x0000000097500000| Untracked 
| 374|0x0000000097600000, 0x0000000097600000, 0x0000000097700000|  0%| F|  |TAMS 0x0000000097600000, 0x0000000097600000| Untracked 
| 375|0x0000000097700000, 0x0000000097700000, 0x0000000097800000|  0%| F|  |TAMS 0x0000000097700000, 0x0000000097700000| Untracked 
| 376|0x0000000097800000, 0x0000000097800000, 0x0000000097900000|  0%| F|  |TAMS 0x0000000097800000, 0x0000000097800000| Untracked 
| 377|0x0000000097900000, 0x0000000097900000, 0x0000000097a00000|  0%| F|  |TAMS 0x0000000097900000, 0x0000000097900000| Untracked 
| 378|0x0000000097a00000, 0x0000000097a00000, 0x0000000097b00000|  0%| F|  |TAMS 0x0000000097a00000, 0x0000000097a00000| Untracked 
| 379|0x0000000097b00000, 0x0000000097b00000, 0x0000000097c00000|  0%| F|  |TAMS 0x0000000097b00000, 0x0000000097b00000| Untracked 
| 380|0x0000000097c00000, 0x0000000097c00000, 0x0000000097d00000|  0%| F|  |TAMS 0x0000000097c00000, 0x0000000097c00000| Untracked 
| 381|0x0000000097d00000, 0x0000000097d00000, 0x0000000097e00000|  0%| F|  |TAMS 0x0000000097d00000, 0x0000000097d00000| Untracked 
| 382|0x0000000097e00000, 0x0000000097e00000, 0x0000000097f00000|  0%| F|  |TAMS 0x0000000097e00000, 0x0000000097e00000| Untracked 
| 383|0x0000000097f00000, 0x0000000097f00000, 0x0000000098000000|  0%| F|  |TAMS 0x0000000097f00000, 0x0000000097f00000| Untracked 
| 384|0x0000000098000000, 0x0000000098000000, 0x0000000098100000|  0%| F|  |TAMS 0x0000000098000000, 0x0000000098000000| Untracked 
| 385|0x0000000098100000, 0x0000000098100000, 0x0000000098200000|  0%| F|  |TAMS 0x0000000098100000, 0x0000000098100000| Untracked 
| 386|0x0000000098200000, 0x0000000098200000, 0x0000000098300000|  0%| F|  |TAMS 0x0000000098200000, 0x0000000098200000| Untracked 
| 387|0x0000000098300000, 0x0000000098300000, 0x0000000098400000|  0%| F|  |TAMS 0x0000000098300000, 0x0000000098300000| Untracked 
| 388|0x0000000098400000, 0x0000000098400000, 0x0000000098500000|  0%| F|  |TAMS 0x0000000098400000, 0x0000000098400000| Untracked 
| 389|0x0000000098500000, 0x0000000098500000, 0x0000000098600000|  0%| F|  |TAMS 0x0000000098500000, 0x0000000098500000| Untracked 
| 390|0x0000000098600000, 0x0000000098600000, 0x0000000098700000|  0%| F|  |TAMS 0x0000000098600000, 0x0000000098600000| Untracked 
| 391|0x0000000098700000, 0x0000000098700000, 0x0000000098800000|  0%| F|  |TAMS 0x0000000098700000, 0x0000000098700000| Untracked 
| 392|0x0000000098800000, 0x0000000098800000, 0x0000000098900000|  0%| F|  |TAMS 0x0000000098800000, 0x0000000098800000| Untracked 
| 393|0x0000000098900000, 0x0000000098900000, 0x0000000098a00000|  0%| F|  |TAMS 0x0000000098900000, 0x0000000098900000| Untracked 
| 394|0x0000000098a00000, 0x0000000098a00000, 0x0000000098b00000|  0%| F|  |TAMS 0x0000000098a00000, 0x0000000098a00000| Untracked 
| 395|0x0000000098b00000, 0x0000000098b00000, 0x0000000098c00000|  0%| F|  |TAMS 0x0000000098b00000, 0x0000000098b00000| Untracked 
| 396|0x0000000098c00000, 0x0000000098c00000, 0x0000000098d00000|  0%| F|  |TAMS 0x0000000098c00000, 0x0000000098c00000| Untracked 
| 397|0x0000000098d00000, 0x0000000098d00000, 0x0000000098e00000|  0%| F|  |TAMS 0x0000000098d00000, 0x0000000098d00000| Untracked 
| 398|0x0000000098e00000, 0x0000000098e00000, 0x0000000098f00000|  0%| F|  |TAMS 0x0000000098e00000, 0x0000000098e00000| Untracked 
| 399|0x0000000098f00000, 0x0000000098f00000, 0x0000000099000000|  0%| F|  |TAMS 0x0000000098f00000, 0x0000000098f00000| Untracked 
| 400|0x0000000099000000, 0x0000000099000000, 0x0000000099100000|  0%| F|  |TAMS 0x0000000099000000, 0x0000000099000000| Untracked 
| 401|0x0000000099100000, 0x0000000099100000, 0x0000000099200000|  0%| F|  |TAMS 0x0000000099100000, 0x0000000099100000| Untracked 
| 402|0x0000000099200000, 0x0000000099200000, 0x0000000099300000|  0%| F|  |TAMS 0x0000000099200000, 0x0000000099200000| Untracked 
| 403|0x0000000099300000, 0x0000000099300000, 0x0000000099400000|  0%| F|  |TAMS 0x0000000099300000, 0x0000000099300000| Untracked 
| 404|0x0000000099400000, 0x0000000099400000, 0x0000000099500000|  0%| F|  |TAMS 0x0000000099400000, 0x0000000099400000| Untracked 
| 405|0x0000000099500000, 0x0000000099500000, 0x0000000099600000|  0%| F|  |TAMS 0x0000000099500000, 0x0000000099500000| Untracked 
| 406|0x0000000099600000, 0x0000000099600000, 0x0000000099700000|  0%| F|  |TAMS 0x0000000099600000, 0x0000000099600000| Untracked 
| 407|0x0000000099700000, 0x0000000099700000, 0x0000000099800000|  0%| F|  |TAMS 0x0000000099700000, 0x0000000099700000| Untracked 
| 408|0x0000000099800000, 0x0000000099800000, 0x0000000099900000|  0%| F|  |TAMS 0x0000000099800000, 0x0000000099800000| Untracked 
| 409|0x0000000099900000, 0x0000000099900000, 0x0000000099a00000|  0%| F|  |TAMS 0x0000000099900000, 0x0000000099900000| Untracked 
| 410|0x0000000099a00000, 0x0000000099a00000, 0x0000000099b00000|  0%| F|  |TAMS 0x0000000099a00000, 0x0000000099a00000| Untracked 
| 411|0x0000000099b00000, 0x0000000099b00000, 0x0000000099c00000|  0%| F|  |TAMS 0x0000000099b00000, 0x0000000099b00000| Untracked 
| 412|0x0000000099c00000, 0x0000000099c00000, 0x0000000099d00000|  0%| F|  |TAMS 0x0000000099c00000, 0x0000000099c00000| Untracked 
| 413|0x0000000099d00000, 0x0000000099d00000, 0x0000000099e00000|  0%| F|  |TAMS 0x0000000099d00000, 0x0000000099d00000| Untracked 
| 414|0x0000000099e00000, 0x0000000099e00000, 0x0000000099f00000|  0%| F|  |TAMS 0x0000000099e00000, 0x0000000099e00000| Untracked 
| 415|0x0000000099f00000, 0x0000000099f00000, 0x000000009a000000|  0%| F|  |TAMS 0x0000000099f00000, 0x0000000099f00000| Untracked 
| 416|0x000000009a000000, 0x000000009a000000, 0x000000009a100000|  0%| F|  |TAMS 0x000000009a000000, 0x000000009a000000| Untracked 
| 417|0x000000009a100000, 0x000000009a100000, 0x000000009a200000|  0%| F|  |TAMS 0x000000009a100000, 0x000000009a100000| Untracked 
| 418|0x000000009a200000, 0x000000009a25d080, 0x000000009a300000| 36%| E|  |TAMS 0x000000009a200000, 0x000000009a200000| Complete 
| 419|0x000000009a300000, 0x000000009a400000, 0x000000009a400000|100%| E|CS|TAMS 0x000000009a300000, 0x000000009a300000| Complete 
| 420|0x000000009a400000, 0x000000009a500000, 0x000000009a500000|100%| E|CS|TAMS 0x000000009a400000, 0x000000009a400000| Complete 
| 421|0x000000009a500000, 0x000000009a600000, 0x000000009a600000|100%| E|CS|TAMS 0x000000009a500000, 0x000000009a500000| Complete 
| 422|0x000000009a600000, 0x000000009a700000, 0x000000009a700000|100%| E|CS|TAMS 0x000000009a600000, 0x000000009a600000| Complete 
| 423|0x000000009a700000, 0x000000009a800000, 0x000000009a800000|100%| E|CS|TAMS 0x000000009a700000, 0x000000009a700000| Complete 
| 424|0x000000009a800000, 0x000000009a900000, 0x000000009a900000|100%| E|CS|TAMS 0x000000009a800000, 0x000000009a800000| Complete 
| 425|0x000000009a900000, 0x000000009aa00000, 0x000000009aa00000|100%| E|CS|TAMS 0x000000009a900000, 0x000000009a900000| Complete 
| 426|0x000000009aa00000, 0x000000009ab00000, 0x000000009ab00000|100%| E|CS|TAMS 0x000000009aa00000, 0x000000009aa00000| Complete 
| 427|0x000000009ab00000, 0x000000009ac00000, 0x000000009ac00000|100%| E|CS|TAMS 0x000000009ab00000, 0x000000009ab00000| Complete 
| 428|0x000000009ac00000, 0x000000009ad00000, 0x000000009ad00000|100%| E|CS|TAMS 0x000000009ac00000, 0x000000009ac00000| Complete 
| 429|0x000000009ad00000, 0x000000009ae00000, 0x000000009ae00000|100%| E|CS|TAMS 0x000000009ad00000, 0x000000009ad00000| Complete 
| 430|0x000000009ae00000, 0x000000009af00000, 0x000000009af00000|100%| E|CS|TAMS 0x000000009ae00000, 0x000000009ae00000| Complete 
| 431|0x000000009af00000, 0x000000009b000000, 0x000000009b000000|100%| E|CS|TAMS 0x000000009af00000, 0x000000009af00000| Complete 
| 432|0x000000009b000000, 0x000000009b100000, 0x000000009b100000|100%| E|CS|TAMS 0x000000009b000000, 0x000000009b000000| Complete 
| 433|0x000000009b100000, 0x000000009b200000, 0x000000009b200000|100%| E|CS|TAMS 0x000000009b100000, 0x000000009b100000| Complete 
| 434|0x000000009b200000, 0x000000009b300000, 0x000000009b300000|100%| E|CS|TAMS 0x000000009b200000, 0x000000009b200000| Complete 
| 435|0x000000009b300000, 0x000000009b400000, 0x000000009b400000|100%| E|CS|TAMS 0x000000009b300000, 0x000000009b300000| Complete 
| 436|0x000000009b400000, 0x000000009b500000, 0x000000009b500000|100%| E|  |TAMS 0x000000009b400000, 0x000000009b400000| Complete 
| 437|0x000000009b500000, 0x000000009b600000, 0x000000009b600000|100%| E|CS|TAMS 0x000000009b500000, 0x000000009b500000| Complete 
| 438|0x000000009b600000, 0x000000009b700000, 0x000000009b700000|100%| E|CS|TAMS 0x000000009b600000, 0x000000009b600000| Complete 
| 439|0x000000009b700000, 0x000000009b800000, 0x000000009b800000|100%| E|CS|TAMS 0x000000009b700000, 0x000000009b700000| Complete 
| 440|0x000000009b800000, 0x000000009b900000, 0x000000009b900000|100%| E|CS|TAMS 0x000000009b800000, 0x000000009b800000| Complete 
| 441|0x000000009b900000, 0x000000009ba00000, 0x000000009ba00000|100%| E|CS|TAMS 0x000000009b900000, 0x000000009b900000| Complete 
| 442|0x000000009ba00000, 0x000000009bb00000, 0x000000009bb00000|100%| E|CS|TAMS 0x000000009ba00000, 0x000000009ba00000| Complete 
| 443|0x000000009bb00000, 0x000000009bc00000, 0x000000009bc00000|100%| E|CS|TAMS 0x000000009bb00000, 0x000000009bb00000| Complete 
| 444|0x000000009bc00000, 0x000000009bd00000, 0x000000009bd00000|100%| E|CS|TAMS 0x000000009bc00000, 0x000000009bc00000| Complete 
| 445|0x000000009bd00000, 0x000000009be00000, 0x000000009be00000|100%| E|CS|TAMS 0x000000009bd00000, 0x000000009bd00000| Complete 
| 446|0x000000009be00000, 0x000000009bf00000, 0x000000009bf00000|100%| E|CS|TAMS 0x000000009be00000, 0x000000009be00000| Complete 
| 447|0x000000009bf00000, 0x000000009c000000, 0x000000009c000000|100%| E|CS|TAMS 0x000000009bf00000, 0x000000009bf00000| Complete 
| 448|0x000000009c000000, 0x000000009c100000, 0x000000009c100000|100%| E|CS|TAMS 0x000000009c000000, 0x000000009c000000| Complete 
| 449|0x000000009c100000, 0x000000009c200000, 0x000000009c200000|100%| E|CS|TAMS 0x000000009c100000, 0x000000009c100000| Complete 
| 450|0x000000009c200000, 0x000000009c300000, 0x000000009c300000|100%| E|CS|TAMS 0x000000009c200000, 0x000000009c200000| Complete 
| 451|0x000000009c300000, 0x000000009c400000, 0x000000009c400000|100%| E|CS|TAMS 0x000000009c300000, 0x000000009c300000| Complete 
| 452|0x000000009c400000, 0x000000009c500000, 0x000000009c500000|100%| E|CS|TAMS 0x000000009c400000, 0x000000009c400000| Complete 
| 453|0x000000009c500000, 0x000000009c600000, 0x000000009c600000|100%| E|CS|TAMS 0x000000009c500000, 0x000000009c500000| Complete 
| 454|0x000000009c600000, 0x000000009c700000, 0x000000009c700000|100%| E|CS|TAMS 0x000000009c600000, 0x000000009c600000| Complete 
| 455|0x000000009c700000, 0x000000009c800000, 0x000000009c800000|100%| E|CS|TAMS 0x000000009c700000, 0x000000009c700000| Complete 
| 456|0x000000009c800000, 0x000000009c900000, 0x000000009c900000|100%| E|CS|TAMS 0x000000009c800000, 0x000000009c800000| Complete 
| 457|0x000000009c900000, 0x000000009ca00000, 0x000000009ca00000|100%| E|CS|TAMS 0x000000009c900000, 0x000000009c900000| Complete 
| 458|0x000000009ca00000, 0x000000009cb00000, 0x000000009cb00000|100%| E|CS|TAMS 0x000000009ca00000, 0x000000009ca00000| Complete 
| 459|0x000000009cb00000, 0x000000009cc00000, 0x000000009cc00000|100%| E|CS|TAMS 0x000000009cb00000, 0x000000009cb00000| Complete 
| 460|0x000000009cc00000, 0x000000009cd00000, 0x000000009cd00000|100%| E|CS|TAMS 0x000000009cc00000, 0x000000009cc00000| Complete 
| 461|0x000000009cd00000, 0x000000009ce00000, 0x000000009ce00000|100%| E|CS|TAMS 0x000000009cd00000, 0x000000009cd00000| Complete 
| 462|0x000000009ce00000, 0x000000009cf00000, 0x000000009cf00000|100%| E|CS|TAMS 0x000000009ce00000, 0x000000009ce00000| Complete 
| 463|0x000000009cf00000, 0x000000009d000000, 0x000000009d000000|100%| E|CS|TAMS 0x000000009cf00000, 0x000000009cf00000| Complete 
| 464|0x000000009d000000, 0x000000009d100000, 0x000000009d100000|100%| E|CS|TAMS 0x000000009d000000, 0x000000009d000000| Complete 
| 465|0x000000009d100000, 0x000000009d200000, 0x000000009d200000|100%| E|CS|TAMS 0x000000009d100000, 0x000000009d100000| Complete 
| 466|0x000000009d200000, 0x000000009d300000, 0x000000009d300000|100%| E|CS|TAMS 0x000000009d200000, 0x000000009d200000| Complete 
| 467|0x000000009d300000, 0x000000009d400000, 0x000000009d400000|100%| E|CS|TAMS 0x000000009d300000, 0x000000009d300000| Complete 
| 468|0x000000009d400000, 0x000000009d500000, 0x000000009d500000|100%| E|CS|TAMS 0x000000009d400000, 0x000000009d400000| Complete 
| 469|0x000000009d500000, 0x000000009d600000, 0x000000009d600000|100%| E|CS|TAMS 0x000000009d500000, 0x000000009d500000| Complete 
| 470|0x000000009d600000, 0x000000009d700000, 0x000000009d700000|100%| E|CS|TAMS 0x000000009d600000, 0x000000009d600000| Complete 
| 471|0x000000009d700000, 0x000000009d800000, 0x000000009d800000|100%| E|CS|TAMS 0x000000009d700000, 0x000000009d700000| Complete 
| 472|0x000000009d800000, 0x000000009d900000, 0x000000009d900000|100%| E|CS|TAMS 0x000000009d800000, 0x000000009d800000| Complete 
| 473|0x000000009d900000, 0x000000009da00000, 0x000000009da00000|100%| E|CS|TAMS 0x000000009d900000, 0x000000009d900000| Complete 
| 474|0x000000009da00000, 0x000000009db00000, 0x000000009db00000|100%| E|CS|TAMS 0x000000009da00000, 0x000000009da00000| Complete 
| 475|0x000000009db00000, 0x000000009dc00000, 0x000000009dc00000|100%| E|CS|TAMS 0x000000009db00000, 0x000000009db00000| Complete 
| 476|0x000000009dc00000, 0x000000009dd00000, 0x000000009dd00000|100%| E|CS|TAMS 0x000000009dc00000, 0x000000009dc00000| Complete 
| 477|0x000000009dd00000, 0x000000009de00000, 0x000000009de00000|100%| E|CS|TAMS 0x000000009dd00000, 0x000000009dd00000| Complete 
| 478|0x000000009de00000, 0x000000009df00000, 0x000000009df00000|100%| E|CS|TAMS 0x000000009de00000, 0x000000009de00000| Complete 
| 479|0x000000009df00000, 0x000000009e000000, 0x000000009e000000|100%| E|CS|TAMS 0x000000009df00000, 0x000000009df00000| Complete 
| 480|0x000000009e000000, 0x000000009e100000, 0x000000009e100000|100%| E|CS|TAMS 0x000000009e000000, 0x000000009e000000| Complete 
| 481|0x000000009e100000, 0x000000009e200000, 0x000000009e200000|100%| E|CS|TAMS 0x000000009e100000, 0x000000009e100000| Complete 
| 482|0x000000009e200000, 0x000000009e300000, 0x000000009e300000|100%| E|CS|TAMS 0x000000009e200000, 0x000000009e200000| Complete 
| 483|0x000000009e300000, 0x000000009e400000, 0x000000009e400000|100%| E|CS|TAMS 0x000000009e300000, 0x000000009e300000| Complete 
| 484|0x000000009e400000, 0x000000009e500000, 0x000000009e500000|100%| E|CS|TAMS 0x000000009e400000, 0x000000009e400000| Complete 
| 485|0x000000009e500000, 0x000000009e600000, 0x000000009e600000|100%| E|CS|TAMS 0x000000009e500000, 0x000000009e500000| Complete 
| 486|0x000000009e600000, 0x000000009e700000, 0x000000009e700000|100%| E|CS|TAMS 0x000000009e600000, 0x000000009e600000| Complete 
| 487|0x000000009e700000, 0x000000009e800000, 0x000000009e800000|100%| E|CS|TAMS 0x000000009e700000, 0x000000009e700000| Complete 
| 488|0x000000009e800000, 0x000000009e900000, 0x000000009e900000|100%| E|CS|TAMS 0x000000009e800000, 0x000000009e800000| Complete 
| 489|0x000000009e900000, 0x000000009ea00000, 0x000000009ea00000|100%| E|CS|TAMS 0x000000009e900000, 0x000000009e900000| Complete 
| 490|0x000000009ea00000, 0x000000009eb00000, 0x000000009eb00000|100%| E|CS|TAMS 0x000000009ea00000, 0x000000009ea00000| Complete 
| 491|0x000000009eb00000, 0x000000009ec00000, 0x000000009ec00000|100%| E|CS|TAMS 0x000000009eb00000, 0x000000009eb00000| Complete 
| 492|0x000000009ec00000, 0x000000009ed00000, 0x000000009ed00000|100%| E|CS|TAMS 0x000000009ec00000, 0x000000009ec00000| Complete 
| 493|0x000000009ed00000, 0x000000009ee00000, 0x000000009ee00000|100%| E|CS|TAMS 0x000000009ed00000, 0x000000009ed00000| Complete 
| 494|0x000000009ee00000, 0x000000009ef00000, 0x000000009ef00000|100%| E|CS|TAMS 0x000000009ee00000, 0x000000009ee00000| Complete 
| 495|0x000000009ef00000, 0x000000009f000000, 0x000000009f000000|100%| E|CS|TAMS 0x000000009ef00000, 0x000000009ef00000| Complete 
| 496|0x000000009f000000, 0x000000009f100000, 0x000000009f100000|100%| E|CS|TAMS 0x000000009f000000, 0x000000009f000000| Complete 
| 497|0x000000009f100000, 0x000000009f200000, 0x000000009f200000|100%| E|CS|TAMS 0x000000009f100000, 0x000000009f100000| Complete 
| 498|0x000000009f200000, 0x000000009f300000, 0x000000009f300000|100%| E|CS|TAMS 0x000000009f200000, 0x000000009f200000| Complete 
| 499|0x000000009f300000, 0x000000009f400000, 0x000000009f400000|100%| E|CS|TAMS 0x000000009f300000, 0x000000009f300000| Complete 
| 500|0x000000009f400000, 0x000000009f500000, 0x000000009f500000|100%| E|CS|TAMS 0x000000009f400000, 0x000000009f400000| Complete 
| 501|0x000000009f500000, 0x000000009f600000, 0x000000009f600000|100%| E|CS|TAMS 0x000000009f500000, 0x000000009f500000| Complete 
| 502|0x000000009f600000, 0x000000009f700000, 0x000000009f700000|100%| E|CS|TAMS 0x000000009f600000, 0x000000009f600000| Complete 
| 503|0x000000009f700000, 0x000000009f800000, 0x000000009f800000|100%| E|CS|TAMS 0x000000009f700000, 0x000000009f700000| Complete 
| 504|0x000000009f800000, 0x000000009f900000, 0x000000009f900000|100%| E|CS|TAMS 0x000000009f800000, 0x000000009f800000| Complete 
| 505|0x000000009f900000, 0x000000009fa00000, 0x000000009fa00000|100%| E|CS|TAMS 0x000000009f900000, 0x000000009f900000| Complete 
| 506|0x000000009fa00000, 0x000000009fb00000, 0x000000009fb00000|100%| E|CS|TAMS 0x000000009fa00000, 0x000000009fa00000| Complete 
| 507|0x000000009fb00000, 0x000000009fc00000, 0x000000009fc00000|100%| E|CS|TAMS 0x000000009fb00000, 0x000000009fb00000| Complete 
| 508|0x000000009fc00000, 0x000000009fd00000, 0x000000009fd00000|100%| E|CS|TAMS 0x000000009fc00000, 0x000000009fc00000| Complete 
| 509|0x000000009fd00000, 0x000000009fe00000, 0x000000009fe00000|100%| E|CS|TAMS 0x000000009fd00000, 0x000000009fd00000| Complete 
| 510|0x000000009fe00000, 0x000000009ff00000, 0x000000009ff00000|100%| E|CS|TAMS 0x000000009fe00000, 0x000000009fe00000| Complete 
| 511|0x000000009ff00000, 0x00000000a0000000, 0x00000000a0000000|100%| E|CS|TAMS 0x000000009ff00000, 0x000000009ff00000| Complete 
| 512|0x00000000a0000000, 0x00000000a0100000, 0x00000000a0100000|100%| E|CS|TAMS 0x00000000a0000000, 0x00000000a0000000| Complete 
| 513|0x00000000a0100000, 0x00000000a0200000, 0x00000000a0200000|100%| E|CS|TAMS 0x00000000a0100000, 0x00000000a0100000| Complete 
| 514|0x00000000a0200000, 0x00000000a0300000, 0x00000000a0300000|100%| E|CS|TAMS 0x00000000a0200000, 0x00000000a0200000| Complete 
| 515|0x00000000a0300000, 0x00000000a0400000, 0x00000000a0400000|100%| E|CS|TAMS 0x00000000a0300000, 0x00000000a0300000| Complete 
| 516|0x00000000a0400000, 0x00000000a0500000, 0x00000000a0500000|100%| E|CS|TAMS 0x00000000a0400000, 0x00000000a0400000| Complete 
| 517|0x00000000a0500000, 0x00000000a0600000, 0x00000000a0600000|100%| E|CS|TAMS 0x00000000a0500000, 0x00000000a0500000| Complete 
| 518|0x00000000a0600000, 0x00000000a0700000, 0x00000000a0700000|100%| E|CS|TAMS 0x00000000a0600000, 0x00000000a0600000| Complete 
| 519|0x00000000a0700000, 0x00000000a0800000, 0x00000000a0800000|100%| E|CS|TAMS 0x00000000a0700000, 0x00000000a0700000| Complete 
| 520|0x00000000a0800000, 0x00000000a0900000, 0x00000000a0900000|100%| E|CS|TAMS 0x00000000a0800000, 0x00000000a0800000| Complete 
| 521|0x00000000a0900000, 0x00000000a0a00000, 0x00000000a0a00000|100%| E|CS|TAMS 0x00000000a0900000, 0x00000000a0900000| Complete 
| 522|0x00000000a0a00000, 0x00000000a0b00000, 0x00000000a0b00000|100%| E|CS|TAMS 0x00000000a0a00000, 0x00000000a0a00000| Complete 
| 523|0x00000000a0b00000, 0x00000000a0c00000, 0x00000000a0c00000|100%| E|CS|TAMS 0x00000000a0b00000, 0x00000000a0b00000| Complete 
| 524|0x00000000a0c00000, 0x00000000a0d00000, 0x00000000a0d00000|100%| E|CS|TAMS 0x00000000a0c00000, 0x00000000a0c00000| Complete 
| 525|0x00000000a0d00000, 0x00000000a0e00000, 0x00000000a0e00000|100%| E|CS|TAMS 0x00000000a0d00000, 0x00000000a0d00000| Complete 
| 526|0x00000000a0e00000, 0x00000000a0f00000, 0x00000000a0f00000|100%| E|CS|TAMS 0x00000000a0e00000, 0x00000000a0e00000| Complete 
| 527|0x00000000a0f00000, 0x00000000a1000000, 0x00000000a1000000|100%| E|CS|TAMS 0x00000000a0f00000, 0x00000000a0f00000| Complete 
| 528|0x00000000a1000000, 0x00000000a1100000, 0x00000000a1100000|100%| E|CS|TAMS 0x00000000a1000000, 0x00000000a1000000| Complete 
| 529|0x00000000a1100000, 0x00000000a1200000, 0x00000000a1200000|100%| E|CS|TAMS 0x00000000a1100000, 0x00000000a1100000| Complete 
| 530|0x00000000a1200000, 0x00000000a1300000, 0x00000000a1300000|100%| E|CS|TAMS 0x00000000a1200000, 0x00000000a1200000| Complete 
| 531|0x00000000a1300000, 0x00000000a1400000, 0x00000000a1400000|100%| E|CS|TAMS 0x00000000a1300000, 0x00000000a1300000| Complete 
| 532|0x00000000a1400000, 0x00000000a1500000, 0x00000000a1500000|100%| E|CS|TAMS 0x00000000a1400000, 0x00000000a1400000| Complete 
| 533|0x00000000a1500000, 0x00000000a1600000, 0x00000000a1600000|100%| E|CS|TAMS 0x00000000a1500000, 0x00000000a1500000| Complete 
| 534|0x00000000a1600000, 0x00000000a1700000, 0x00000000a1700000|100%| E|CS|TAMS 0x00000000a1600000, 0x00000000a1600000| Complete 
| 535|0x00000000a1700000, 0x00000000a1800000, 0x00000000a1800000|100%| E|CS|TAMS 0x00000000a1700000, 0x00000000a1700000| Complete 
| 536|0x00000000a1800000, 0x00000000a1900000, 0x00000000a1900000|100%| E|CS|TAMS 0x00000000a1800000, 0x00000000a1800000| Complete 
| 537|0x00000000a1900000, 0x00000000a1a00000, 0x00000000a1a00000|100%| E|CS|TAMS 0x00000000a1900000, 0x00000000a1900000| Complete 
| 538|0x00000000a1a00000, 0x00000000a1b00000, 0x00000000a1b00000|100%| E|CS|TAMS 0x00000000a1a00000, 0x00000000a1a00000| Complete 
| 539|0x00000000a1b00000, 0x00000000a1c00000, 0x00000000a1c00000|100%| E|CS|TAMS 0x00000000a1b00000, 0x00000000a1b00000| Complete 
| 540|0x00000000a1c00000, 0x00000000a1d00000, 0x00000000a1d00000|100%| E|CS|TAMS 0x00000000a1c00000, 0x00000000a1c00000| Complete 
| 541|0x00000000a1d00000, 0x00000000a1e00000, 0x00000000a1e00000|100%| E|CS|TAMS 0x00000000a1d00000, 0x00000000a1d00000| Complete 
| 542|0x00000000a1e00000, 0x00000000a1f00000, 0x00000000a1f00000|100%| E|CS|TAMS 0x00000000a1e00000, 0x00000000a1e00000| Complete 
| 543|0x00000000a1f00000, 0x00000000a2000000, 0x00000000a2000000|100%| E|CS|TAMS 0x00000000a1f00000, 0x00000000a1f00000| Complete 
| 544|0x00000000a2000000, 0x00000000a2100000, 0x00000000a2100000|100%| E|CS|TAMS 0x00000000a2000000, 0x00000000a2000000| Complete 
| 545|0x00000000a2100000, 0x00000000a2200000, 0x00000000a2200000|100%| E|CS|TAMS 0x00000000a2100000, 0x00000000a2100000| Complete 
| 546|0x00000000a2200000, 0x00000000a2300000, 0x00000000a2300000|100%| E|CS|TAMS 0x00000000a2200000, 0x00000000a2200000| Complete 
| 547|0x00000000a2300000, 0x00000000a2400000, 0x00000000a2400000|100%| E|CS|TAMS 0x00000000a2300000, 0x00000000a2300000| Complete 
| 548|0x00000000a2400000, 0x00000000a2500000, 0x00000000a2500000|100%| E|CS|TAMS 0x00000000a2400000, 0x00000000a2400000| Complete 
| 549|0x00000000a2500000, 0x00000000a2600000, 0x00000000a2600000|100%| E|CS|TAMS 0x00000000a2500000, 0x00000000a2500000| Complete 
| 550|0x00000000a2600000, 0x00000000a2700000, 0x00000000a2700000|100%| E|CS|TAMS 0x00000000a2600000, 0x00000000a2600000| Complete 
| 551|0x00000000a2700000, 0x00000000a2800000, 0x00000000a2800000|100%| E|CS|TAMS 0x00000000a2700000, 0x00000000a2700000| Complete 
| 552|0x00000000a2800000, 0x00000000a2900000, 0x00000000a2900000|100%| E|CS|TAMS 0x00000000a2800000, 0x00000000a2800000| Complete 
| 553|0x00000000a2900000, 0x00000000a2a00000, 0x00000000a2a00000|100%| E|CS|TAMS 0x00000000a2900000, 0x00000000a2900000| Complete 
| 554|0x00000000a2a00000, 0x00000000a2b00000, 0x00000000a2b00000|100%| E|CS|TAMS 0x00000000a2a00000, 0x00000000a2a00000| Complete 
| 555|0x00000000a2b00000, 0x00000000a2c00000, 0x00000000a2c00000|100%| E|CS|TAMS 0x00000000a2b00000, 0x00000000a2b00000| Complete 
| 556|0x00000000a2c00000, 0x00000000a2d00000, 0x00000000a2d00000|100%| E|CS|TAMS 0x00000000a2c00000, 0x00000000a2c00000| Complete 
| 557|0x00000000a2d00000, 0x00000000a2e00000, 0x00000000a2e00000|100%| E|CS|TAMS 0x00000000a2d00000, 0x00000000a2d00000| Complete 
| 558|0x00000000a2e00000, 0x00000000a2f00000, 0x00000000a2f00000|100%| E|CS|TAMS 0x00000000a2e00000, 0x00000000a2e00000| Complete 
| 559|0x00000000a2f00000, 0x00000000a3000000, 0x00000000a3000000|100%| E|CS|TAMS 0x00000000a2f00000, 0x00000000a2f00000| Complete 
| 560|0x00000000a3000000, 0x00000000a3100000, 0x00000000a3100000|100%| E|CS|TAMS 0x00000000a3000000, 0x00000000a3000000| Complete 
| 561|0x00000000a3100000, 0x00000000a3200000, 0x00000000a3200000|100%| E|CS|TAMS 0x00000000a3100000, 0x00000000a3100000| Complete 
| 562|0x00000000a3200000, 0x00000000a3300000, 0x00000000a3300000|100%| E|CS|TAMS 0x00000000a3200000, 0x00000000a3200000| Complete 
| 563|0x00000000a3300000, 0x00000000a3400000, 0x00000000a3400000|100%| E|CS|TAMS 0x00000000a3300000, 0x00000000a3300000| Complete 
| 564|0x00000000a3400000, 0x00000000a3500000, 0x00000000a3500000|100%| E|CS|TAMS 0x00000000a3400000, 0x00000000a3400000| Complete 
| 565|0x00000000a3500000, 0x00000000a3600000, 0x00000000a3600000|100%| E|CS|TAMS 0x00000000a3500000, 0x00000000a3500000| Complete 
| 566|0x00000000a3600000, 0x00000000a3700000, 0x00000000a3700000|100%| E|CS|TAMS 0x00000000a3600000, 0x00000000a3600000| Complete 
| 567|0x00000000a3700000, 0x00000000a3800000, 0x00000000a3800000|100%| E|CS|TAMS 0x00000000a3700000, 0x00000000a3700000| Complete 
| 568|0x00000000a3800000, 0x00000000a3900000, 0x00000000a3900000|100%| E|CS|TAMS 0x00000000a3800000, 0x00000000a3800000| Complete 
| 569|0x00000000a3900000, 0x00000000a3a00000, 0x00000000a3a00000|100%| E|CS|TAMS 0x00000000a3900000, 0x00000000a3900000| Complete 
| 570|0x00000000a3a00000, 0x00000000a3b00000, 0x00000000a3b00000|100%| E|CS|TAMS 0x00000000a3a00000, 0x00000000a3a00000| Complete 
| 571|0x00000000a3b00000, 0x00000000a3c00000, 0x00000000a3c00000|100%| E|CS|TAMS 0x00000000a3b00000, 0x00000000a3b00000| Complete 
| 572|0x00000000a3c00000, 0x00000000a3d00000, 0x00000000a3d00000|100%| E|CS|TAMS 0x00000000a3c00000, 0x00000000a3c00000| Complete 
| 573|0x00000000a3d00000, 0x00000000a3e00000, 0x00000000a3e00000|100%| E|CS|TAMS 0x00000000a3d00000, 0x00000000a3d00000| Complete 
| 574|0x00000000a3e00000, 0x00000000a3f00000, 0x00000000a3f00000|100%| E|CS|TAMS 0x00000000a3e00000, 0x00000000a3e00000| Complete 
| 575|0x00000000a3f00000, 0x00000000a4000000, 0x00000000a4000000|100%| E|CS|TAMS 0x00000000a3f00000, 0x00000000a3f00000| Complete 
| 576|0x00000000a4000000, 0x00000000a4100000, 0x00000000a4100000|100%| E|CS|TAMS 0x00000000a4000000, 0x00000000a4000000| Complete 
| 577|0x00000000a4100000, 0x00000000a4200000, 0x00000000a4200000|100%| E|CS|TAMS 0x00000000a4100000, 0x00000000a4100000| Complete 
| 578|0x00000000a4200000, 0x00000000a4300000, 0x00000000a4300000|100%| E|CS|TAMS 0x00000000a4200000, 0x00000000a4200000| Complete 
| 579|0x00000000a4300000, 0x00000000a4400000, 0x00000000a4400000|100%| E|CS|TAMS 0x00000000a4300000, 0x00000000a4300000| Complete 
| 580|0x00000000a4400000, 0x00000000a4500000, 0x00000000a4500000|100%| E|CS|TAMS 0x00000000a4400000, 0x00000000a4400000| Complete 
| 581|0x00000000a4500000, 0x00000000a4600000, 0x00000000a4600000|100%| E|CS|TAMS 0x00000000a4500000, 0x00000000a4500000| Complete 
| 582|0x00000000a4600000, 0x00000000a4700000, 0x00000000a4700000|100%| E|CS|TAMS 0x00000000a4600000, 0x00000000a4600000| Complete 
| 583|0x00000000a4700000, 0x00000000a4800000, 0x00000000a4800000|100%| E|CS|TAMS 0x00000000a4700000, 0x00000000a4700000| Complete 
| 584|0x00000000a4800000, 0x00000000a4900000, 0x00000000a4900000|100%| E|CS|TAMS 0x00000000a4800000, 0x00000000a4800000| Complete 
| 585|0x00000000a4900000, 0x00000000a4a00000, 0x00000000a4a00000|100%| E|CS|TAMS 0x00000000a4900000, 0x00000000a4900000| Complete 
| 586|0x00000000a4a00000, 0x00000000a4b00000, 0x00000000a4b00000|100%| E|CS|TAMS 0x00000000a4a00000, 0x00000000a4a00000| Complete 
| 587|0x00000000a4b00000, 0x00000000a4c00000, 0x00000000a4c00000|100%| E|CS|TAMS 0x00000000a4b00000, 0x00000000a4b00000| Complete 
| 588|0x00000000a4c00000, 0x00000000a4d00000, 0x00000000a4d00000|100%| E|CS|TAMS 0x00000000a4c00000, 0x00000000a4c00000| Complete 
| 589|0x00000000a4d00000, 0x00000000a4e00000, 0x00000000a4e00000|100%| E|CS|TAMS 0x00000000a4d00000, 0x00000000a4d00000| Complete 
| 590|0x00000000a4e00000, 0x00000000a4f00000, 0x00000000a4f00000|100%| E|CS|TAMS 0x00000000a4e00000, 0x00000000a4e00000| Complete 
| 591|0x00000000a4f00000, 0x00000000a5000000, 0x00000000a5000000|100%| E|CS|TAMS 0x00000000a4f00000, 0x00000000a4f00000| Complete 
| 592|0x00000000a5000000, 0x00000000a5100000, 0x00000000a5100000|100%| E|CS|TAMS 0x00000000a5000000, 0x00000000a5000000| Complete 
| 593|0x00000000a5100000, 0x00000000a5200000, 0x00000000a5200000|100%| E|CS|TAMS 0x00000000a5100000, 0x00000000a5100000| Complete 
| 594|0x00000000a5200000, 0x00000000a5300000, 0x00000000a5300000|100%| E|CS|TAMS 0x00000000a5200000, 0x00000000a5200000| Complete 
| 595|0x00000000a5300000, 0x00000000a5400000, 0x00000000a5400000|100%| E|CS|TAMS 0x00000000a5300000, 0x00000000a5300000| Complete 
| 596|0x00000000a5400000, 0x00000000a5500000, 0x00000000a5500000|100%| E|CS|TAMS 0x00000000a5400000, 0x00000000a5400000| Complete 
| 597|0x00000000a5500000, 0x00000000a5600000, 0x00000000a5600000|100%| E|CS|TAMS 0x00000000a5500000, 0x00000000a5500000| Complete 
| 598|0x00000000a5600000, 0x00000000a5700000, 0x00000000a5700000|100%| E|CS|TAMS 0x00000000a5600000, 0x00000000a5600000| Complete 
| 599|0x00000000a5700000, 0x00000000a5800000, 0x00000000a5800000|100%| E|CS|TAMS 0x00000000a5700000, 0x00000000a5700000| Complete 
| 600|0x00000000a5800000, 0x00000000a5900000, 0x00000000a5900000|100%| E|CS|TAMS 0x00000000a5800000, 0x00000000a5800000| Complete 
| 601|0x00000000a5900000, 0x00000000a5a00000, 0x00000000a5a00000|100%| E|CS|TAMS 0x00000000a5900000, 0x00000000a5900000| Complete 
| 602|0x00000000a5a00000, 0x00000000a5b00000, 0x00000000a5b00000|100%| E|CS|TAMS 0x00000000a5a00000, 0x00000000a5a00000| Complete 
| 603|0x00000000a5b00000, 0x00000000a5c00000, 0x00000000a5c00000|100%| E|CS|TAMS 0x00000000a5b00000, 0x00000000a5b00000| Complete 
| 604|0x00000000a5c00000, 0x00000000a5d00000, 0x00000000a5d00000|100%| E|CS|TAMS 0x00000000a5c00000, 0x00000000a5c00000| Complete 
| 605|0x00000000a5d00000, 0x00000000a5e00000, 0x00000000a5e00000|100%| E|CS|TAMS 0x00000000a5d00000, 0x00000000a5d00000| Complete 
| 606|0x00000000a5e00000, 0x00000000a5f00000, 0x00000000a5f00000|100%| E|CS|TAMS 0x00000000a5e00000, 0x00000000a5e00000| Complete 
| 607|0x00000000a5f00000, 0x00000000a6000000, 0x00000000a6000000|100%| E|CS|TAMS 0x00000000a5f00000, 0x00000000a5f00000| Complete 
| 608|0x00000000a6000000, 0x00000000a6100000, 0x00000000a6100000|100%| E|CS|TAMS 0x00000000a6000000, 0x00000000a6000000| Complete 
| 609|0x00000000a6100000, 0x00000000a6200000, 0x00000000a6200000|100%| E|CS|TAMS 0x00000000a6100000, 0x00000000a6100000| Complete 
| 610|0x00000000a6200000, 0x00000000a6300000, 0x00000000a6300000|100%| E|CS|TAMS 0x00000000a6200000, 0x00000000a6200000| Complete 
| 611|0x00000000a6300000, 0x00000000a6400000, 0x00000000a6400000|100%| E|CS|TAMS 0x00000000a6300000, 0x00000000a6300000| Complete 
| 612|0x00000000a6400000, 0x00000000a6500000, 0x00000000a6500000|100%| E|CS|TAMS 0x00000000a6400000, 0x00000000a6400000| Complete 
| 613|0x00000000a6500000, 0x00000000a6600000, 0x00000000a6600000|100%| E|CS|TAMS 0x00000000a6500000, 0x00000000a6500000| Complete 
| 614|0x00000000a6600000, 0x00000000a6700000, 0x00000000a6700000|100%| E|CS|TAMS 0x00000000a6600000, 0x00000000a6600000| Complete 
| 615|0x00000000a6700000, 0x00000000a6800000, 0x00000000a6800000|100%| E|CS|TAMS 0x00000000a6700000, 0x00000000a6700000| Complete 
| 616|0x00000000a6800000, 0x00000000a6900000, 0x00000000a6900000|100%| E|CS|TAMS 0x00000000a6800000, 0x00000000a6800000| Complete 
| 617|0x00000000a6900000, 0x00000000a6a00000, 0x00000000a6a00000|100%| E|CS|TAMS 0x00000000a6900000, 0x00000000a6900000| Complete 
| 618|0x00000000a6a00000, 0x00000000a6b00000, 0x00000000a6b00000|100%| E|CS|TAMS 0x00000000a6a00000, 0x00000000a6a00000| Complete 
| 619|0x00000000a6b00000, 0x00000000a6c00000, 0x00000000a6c00000|100%| E|CS|TAMS 0x00000000a6b00000, 0x00000000a6b00000| Complete 

Card table byte_map: [0x0000016119560000,0x0000016119960000] _byte_map_base: 0x0000016119160000

Marking Bits (Prev, Next): (CMBitMap*) 0x00000161003ba6a0, (CMBitMap*) 0x00000161003ba660
 Prev Bits: [0x000001611bd60000, 0x000001611dd60000)
 Next Bits: [0x0000016119d60000, 0x000001611bd60000)

Polling page: 0x0000016100410000

Metaspace:

Usage:
  Non-class:    100.86 MB used.
      Class:     15.32 MB used.
       Both:    116.18 MB used.

Virtual space:
  Non-class space:      128.00 MB reserved,     101.81 MB ( 80%) committed,  2 nodes.
      Class space:        1.00 GB reserved,      16.38 MB (  2%) committed,  1 nodes.
             Both:        1.12 GB reserved,     118.19 MB ( 10%) committed. 

Chunk freelists:
   Non-Class:  1.61 MB
       Class:  3.64 MB
        Both:  5.25 MB

MaxMetaspaceSize: unlimited
CompressedClassSpaceSize: 1.00 GB
Initial GC threshold: 21.00 MB
Current GC threshold: 148.25 MB
CDS: on
MetaspaceReclaimPolicy: balanced
 - commit_granule_bytes: 65536.
 - commit_granule_words: 8192.
 - virtual_space_node_default_size: 8388608.
 - enlarge_chunks_in_place: 1.
 - new_chunks_are_fully_committed: 0.
 - uncommit_free_chunks: 1.
 - use_allocation_guard: 0.


Internal statistics:

num_allocs_failed_limit: 8.
num_arena_births: 3692.
num_arena_deaths: 14.
num_vsnodes_births: 3.
num_vsnodes_deaths: 0.
num_space_committed: 1891.
num_space_uncommitted: 0.
num_chunks_returned_to_freelist: 25.
num_chunks_taken_from_freelist: 8920.
num_chunk_merges: 15.
num_chunk_splits: 5959.
num_chunks_enlarged: 3950.
num_inconsistent_stats: 0.

CodeHeap 'non-profiled nmethods': size=120000Kb used=11061Kb max_used=11061Kb free=108938Kb
 bounds [0x00000161111d0000, 0x0000016111ca0000, 0x0000016118700000]
CodeHeap 'profiled nmethods': size=120000Kb used=33188Kb max_used=33188Kb free=86812Kb
 bounds [0x0000016109ca0000, 0x000001610bd10000, 0x00000161111d0000]
CodeHeap 'non-nmethods': size=5760Kb used=2472Kb max_used=2525Kb free=3288Kb
 bounds [0x0000016109700000, 0x0000016109980000, 0x0000016109ca0000]
 total_blobs=17293 nmethods=16301 adapters=903
 compilation: enabled
              stopped_count=0, restarted_count=0
 full_count=0

Compilation events (20 events):
Event: 53.873 Thread 0x00000161207fc720 19483       3       it.unimi.dsi.fastutil.HashCommon::nextPowerOfTwo (53 bytes)
Event: 53.873 Thread 0x00000161207fc720 nmethod 19483 0x000001610bcf8690 code [0x000001610bcf8820, 0x000001610bcf89f8]
Event: 53.886 Thread 0x00000161207fc720 19484       3       org.gradle.internal.io.StreamByteBuffer$StreamByteBufferInputStream::read (8 bytes)
Event: 53.887 Thread 0x00000161207fc720 nmethod 19484 0x000001610bcf8a90 code [0x000001610bcf8c20, 0x000001610bcf8d68]
Event: 53.889 Thread 0x00000161207fc720 19485       3       org.gradle.internal.io.StreamByteBuffer$StreamByteBufferInputStream::readImpl (150 bytes)
Event: 53.890 Thread 0x00000161207fc720 nmethod 19485 0x000001610bcf8e10 code [0x000001610bcf9040, 0x000001610bcf9808]
Event: 53.932 Thread 0x00000161207fc720 19488       3       com.google.common.collect.HashBiMap::createTable (5 bytes)
Event: 53.932 Thread 0x00000161207fc720 nmethod 19488 0x000001610bcf9b10 code [0x000001610bcf9ca0, 0x000001610bcf9e58]
Event: 53.933 Thread 0x00000161207fc720 19489       3       com.esotericsoftware.kryo.io.Input::readUtf8Length_slow (163 bytes)
Event: 53.933 Thread 0x00000161207fc720 nmethod 19489 0x000001610bcf9f10 code [0x000001610bcfa100, 0x000001610bcfa578]
Event: 53.962 Thread 0x00000161207fc720 19491       3       org.gradle.api.internal.tasks.compile.incremental.deps.ClassSetAnalysisData$Serializer::read (230 bytes)
Event: 53.965 Thread 0x00000161207fc720 nmethod 19491 0x000001610bcfa710 code [0x000001610bcfabc0, 0x000001610bcfd5d8]
Event: 53.965 Thread 0x00000161207fc720 19492       3       com.google.common.util.concurrent.AbstractFuture$TrustedFuture::get (5 bytes)
Event: 53.966 Thread 0x00000161207fc720 nmethod 19492 0x000001610bcfe490 code [0x000001610bcfe620, 0x000001610bcfe768]
Event: 53.968 Thread 0x00000161207fc720 19493       1       org.gradle.api.internal.tasks.compile.incremental.recomp.CurrentCompilationAccess::access$000 (5 bytes)
Event: 53.968 Thread 0x00000161207fc720 nmethod 19493 0x0000016111c9d390 code [0x0000016111c9d520, 0x0000016111c9d5d8]
Event: 53.984 Thread 0x00000161207fc720 19494   !   3       com.google.common.cache.LocalCache$Segment::lockedGetOrLoad (447 bytes)
Event: 53.991 Thread 0x00000161207fc720 nmethod 19494 0x000001610bcfe810 code [0x000001610bcff000, 0x000001610bd03cd8]
Event: 53.992 Thread 0x00000161207fc720 19495   !   3       com.google.common.util.concurrent.Uninterruptibles::getUninterruptibly (40 bytes)
Event: 53.993 Thread 0x00000161207fc720 nmethod 19495 0x000001610bd06410 code [0x000001610bd065e0, 0x000001610bd06aa8]

GC Heap History (20 events):
Event: 20.928 GC heap before
{Heap before GC invocations=39 (full 0):
 garbage-first heap   total 181248K, used 102785K [0x0000000080000000, 0x0000000100000000)
  region size 1024K, 8 young (8192K), 5 survivors (5120K)
 Metaspace       used 88633K, committed 90496K, reserved 1179648K
  class space    used 12088K, committed 13056K, reserved 1048576K
}
Event: 20.933 GC heap after
{Heap after GC invocations=40 (full 0):
 garbage-first heap   total 218112K, used 98630K [0x0000000080000000, 0x0000000100000000)
  region size 1024K, 1 young (1024K), 1 survivors (1024K)
 Metaspace       used 88633K, committed 90496K, reserved 1179648K
  class space    used 12088K, committed 13056K, reserved 1048576K
}
Event: 21.364 GC heap before
{Heap before GC invocations=40 (full 0):
 garbage-first heap   total 218112K, used 169285K [0x0000000080000000, 0x0000000100000000)
  region size 1024K, 71 young (72704K), 1 survivors (1024K)
 Metaspace       used 88818K, committed 90624K, reserved 1179648K
  class space    used 12089K, committed 13056K, reserved 1048576K
}
Event: 21.371 GC heap after
{Heap after GC invocations=41 (full 0):
 garbage-first heap   total 218112K, used 103742K [0x0000000080000000, 0x0000000100000000)
  region size 1024K, 6 young (6144K), 6 survivors (6144K)
 Metaspace       used 88818K, committed 90624K, reserved 1179648K
  class space    used 12089K, committed 13056K, reserved 1048576K
}
Event: 21.946 GC heap before
{Heap before GC invocations=42 (full 0):
 garbage-first heap   total 218112K, used 172350K [0x0000000080000000, 0x0000000100000000)
  region size 1024K, 73 young (74752K), 6 survivors (6144K)
 Metaspace       used 88974K, committed 90816K, reserved 1179648K
  class space    used 12094K, committed 13056K, reserved 1048576K
}
Event: 21.958 GC heap after
{Heap after GC invocations=43 (full 0):
 garbage-first heap   total 218112K, used 108897K [0x0000000080000000, 0x0000000100000000)
  region size 1024K, 8 young (8192K), 8 survivors (8192K)
 Metaspace       used 88974K, committed 90816K, reserved 1179648K
  class space    used 12094K, committed 13056K, reserved 1048576K
}
Event: 21.961 GC heap before
{Heap before GC invocations=43 (full 0):
 garbage-first heap   total 218112K, used 110945K [0x0000000080000000, 0x0000000100000000)
  region size 1024K, 10 young (10240K), 8 survivors (8192K)
 Metaspace       used 88976K, committed 90816K, reserved 1179648K
  class space    used 12094K, committed 13056K, reserved 1048576K
}
Event: 21.967 GC heap after
{Heap after GC invocations=44 (full 0):
 garbage-first heap   total 218112K, used 107530K [0x0000000080000000, 0x0000000100000000)
  region size 1024K, 1 young (1024K), 1 survivors (1024K)
 Metaspace       used 88976K, committed 90816K, reserved 1179648K
  class space    used 12094K, committed 13056K, reserved 1048576K
}
Event: 22.413 GC heap before
{Heap before GC invocations=44 (full 0):
 garbage-first heap   total 218112K, used 172041K [0x0000000080000000, 0x0000000100000000)
  region size 1024K, 65 young (66560K), 1 survivors (1024K)
 Metaspace       used 89199K, committed 91008K, reserved 1179648K
  class space    used 12120K, committed 13056K, reserved 1048576K
}
Event: 22.421 GC heap after
{Heap after GC invocations=45 (full 0):
 garbage-first heap   total 218112K, used 113845K [0x0000000080000000, 0x0000000100000000)
  region size 1024K, 8 young (8192K), 8 survivors (8192K)
 Metaspace       used 89199K, committed 91008K, reserved 1179648K
  class space    used 12120K, committed 13056K, reserved 1048576K
}
Event: 22.782 GC heap before
{Heap before GC invocations=46 (full 0):
 garbage-first heap   total 227328K, used 172213K [0x0000000080000000, 0x0000000100000000)
  region size 1024K, 65 young (66560K), 8 survivors (8192K)
 Metaspace       used 89280K, committed 91072K, reserved 1179648K
  class space    used 12122K, committed 13056K, reserved 1048576K
}
Event: 22.791 GC heap after
{Heap after GC invocations=47 (full 0):
 garbage-first heap   total 227328K, used 117839K [0x0000000080000000, 0x0000000100000000)
  region size 1024K, 7 young (7168K), 7 survivors (7168K)
 Metaspace       used 89280K, committed 91072K, reserved 1179648K
  class space    used 12122K, committed 13056K, reserved 1048576K
}
Event: 22.808 GC heap before
{Heap before GC invocations=47 (full 0):
 garbage-first heap   total 227328K, used 120911K [0x0000000080000000, 0x0000000100000000)
  region size 1024K, 11 young (11264K), 7 survivors (7168K)
 Metaspace       used 89280K, committed 91072K, reserved 1179648K
  class space    used 12122K, committed 13056K, reserved 1048576K
}
Event: 22.817 GC heap after
{Heap after GC invocations=48 (full 0):
 garbage-first heap   total 634880K, used 116706K [0x0000000080000000, 0x0000000100000000)
  region size 1024K, 2 young (2048K), 2 survivors (2048K)
 Metaspace       used 89280K, committed 91072K, reserved 1179648K
  class space    used 12122K, committed 13056K, reserved 1048576K
}
Event: 25.807 GC heap before
{Heap before GC invocations=48 (full 0):
 garbage-first heap   total 634880K, used 494562K [0x0000000080000000, 0x0000000100000000)
  region size 1024K, 372 young (380928K), 2 survivors (2048K)
 Metaspace       used 93831K, committed 95744K, reserved 1179648K
  class space    used 12692K, committed 13696K, reserved 1048576K
}
Event: 25.840 GC heap after
{Heap after GC invocations=49 (full 0):
 garbage-first heap   total 634880K, used 135397K [0x0000000080000000, 0x0000000100000000)
  region size 1024K, 20 young (20480K), 20 survivors (20480K)
 Metaspace       used 93831K, committed 95744K, reserved 1179648K
  class space    used 12692K, committed 13696K, reserved 1048576K
}
Event: 38.812 GC heap before
{Heap before GC invocations=49 (full 0):
 garbage-first heap   total 634880K, used 490725K [0x0000000080000000, 0x0000000100000000)
  region size 1024K, 368 young (376832K), 20 survivors (20480K)
 Metaspace       used 94627K, committed 96576K, reserved 1179648K
  class space    used 12777K, committed 13760K, reserved 1048576K
}
Event: 38.974 GC heap after
{Heap after GC invocations=50 (full 0):
 garbage-first heap   total 634880K, used 148578K [0x0000000080000000, 0x0000000100000000)
  region size 1024K, 33 young (33792K), 33 survivors (33792K)
 Metaspace       used 94627K, committed 96576K, reserved 1179648K
  class space    used 12777K, committed 13760K, reserved 1048576K
}
Event: 48.108 GC heap before
{Heap before GC invocations=50 (full 0):
 garbage-first heap   total 634880K, used 501858K [0x0000000080000000, 0x0000000100000000)
  region size 1024K, 372 young (380928K), 33 survivors (33792K)
 Metaspace       used 113726K, committed 115712K, reserved 1179648K
  class space    used 15026K, committed 16000K, reserved 1048576K
}
Event: 48.388 GC heap after
{Heap after GC invocations=51 (full 0):
 garbage-first heap   total 634880K, used 186504K [0x0000000080000000, 0x0000000100000000)
  region size 1024K, 47 young (48128K), 47 survivors (48128K)
 Metaspace       used 113726K, committed 115712K, reserved 1179648K
  class space    used 15026K, committed 16000K, reserved 1048576K
}

Deoptimization events (20 events):
Event: 53.807 Thread 0x000001612ad61b50 Uncommon trap: trap_request=0xffffff45 fr.pc=0x00000161118041f4 relative=0x00000000000004d4
Event: 53.807 Thread 0x000001612ad61b50 Uncommon trap: reason=unstable_if action=reinterpret pc=0x00000161118041f4 method=org.gradle.internal.io.StreamByteBuffer$StreamByteBufferInputStream.readImpl([BII)I @ 49 c2
Event: 53.807 Thread 0x000001612ad61b50 DEOPT PACKING pc=0x00000161118041f4 sp=0x00000031946fe8e0
Event: 53.807 Thread 0x000001612ad61b50 DEOPT UNPACKING pc=0x0000016109755c23 sp=0x00000031946fe8a8 mode 2
Event: 53.857 Thread 0x000001612ad61b50 DEOPT PACKING pc=0x000001610b2b565e sp=0x00000031946fea60
Event: 53.857 Thread 0x000001612ad61b50 DEOPT UNPACKING pc=0x0000016109756763 sp=0x00000031946fdf68 mode 0
Event: 53.857 Thread 0x000001612ad61b50 Uncommon trap: trap_request=0xffffffbe fr.pc=0x0000016111a9c178 relative=0x0000000000000918
Event: 53.857 Thread 0x000001612ad61b50 Uncommon trap: reason=profile_predicate action=maybe_recompile pc=0x0000016111a9c178 method=com.google.common.collect.RegularImmutableMap.fromEntryArray(I[Ljava/util/Map$Entry;)Lcom/google/common/collect/ImmutableMap; @ 56 c2
Event: 53.857 Thread 0x000001612ad61b50 DEOPT PACKING pc=0x0000016111a9c178 sp=0x00000031946fead0
Event: 53.857 Thread 0x000001612ad61b50 DEOPT UNPACKING pc=0x0000016109755c23 sp=0x00000031946fea78 mode 2
Event: 53.858 Thread 0x000001612ad61b50 Uncommon trap: trap_request=0xffffffbe fr.pc=0x0000016111a9c178 relative=0x0000000000000918
Event: 53.858 Thread 0x000001612ad61b50 Uncommon trap: reason=profile_predicate action=maybe_recompile pc=0x0000016111a9c178 method=com.google.common.collect.RegularImmutableMap.fromEntryArray(I[Ljava/util/Map$Entry;)Lcom/google/common/collect/ImmutableMap; @ 56 c2
Event: 53.858 Thread 0x000001612ad61b50 DEOPT PACKING pc=0x0000016111a9c178 sp=0x00000031946fead0
Event: 53.858 Thread 0x000001612ad61b50 DEOPT UNPACKING pc=0x0000016109755c23 sp=0x00000031946fea78 mode 2
Event: 53.858 Thread 0x000001612ad61b50 Uncommon trap: trap_request=0xffffffbe fr.pc=0x0000016111a9c178 relative=0x0000000000000918
Event: 53.858 Thread 0x000001612ad61b50 Uncommon trap: reason=profile_predicate action=maybe_recompile pc=0x0000016111a9c178 method=com.google.common.collect.RegularImmutableMap.fromEntryArray(I[Ljava/util/Map$Entry;)Lcom/google/common/collect/ImmutableMap; @ 56 c2
Event: 53.858 Thread 0x000001612ad61b50 DEOPT PACKING pc=0x0000016111a9c178 sp=0x00000031946fead0
Event: 53.858 Thread 0x000001612ad61b50 DEOPT UNPACKING pc=0x0000016109755c23 sp=0x00000031946fea78 mode 2
Event: 53.956 Thread 0x000001612ad61b50 DEOPT PACKING pc=0x000001610b2b565e sp=0x00000031946fea50
Event: 53.957 Thread 0x000001612ad61b50 DEOPT UNPACKING pc=0x0000016109756763 sp=0x00000031946fdf58 mode 0

Classes loaded (20 events):
Event: 49.356 Loading class java/util/stream/SliceOps$1$1
Event: 49.356 Loading class java/util/stream/SliceOps$1$1 done
Event: 50.148 Loading class java/lang/SuppressWarnings
Event: 50.148 Loading class java/lang/SuppressWarnings done
Event: 50.150 Loading class java/util/ArrayList$SubList$2
Event: 50.150 Loading class java/util/ArrayList$SubList$2 done
Event: 51.875 Loading class java/text/BreakIterator
Event: 51.876 Loading class java/text/BreakIterator done
Event: 52.294 Loading class java/util/function/ToIntBiFunction
Event: 52.294 Loading class java/util/function/ToIntBiFunction done
Event: 52.812 Loading class java/util/EnumMap$Values
Event: 52.812 Loading class java/util/EnumMap$Values done
Event: 52.812 Loading class java/util/EnumMap$ValueIterator
Event: 52.812 Loading class java/util/EnumMap$ValueIterator done
Event: 53.249 Loading class java/util/PrimitiveIterator$OfInt
Event: 53.249 Loading class java/util/PrimitiveIterator
Event: 53.250 Loading class java/util/PrimitiveIterator done
Event: 53.250 Loading class java/util/PrimitiveIterator$OfInt done
Event: 53.259 Loading class java/util/concurrent/RecursiveAction
Event: 53.262 Loading class java/util/concurrent/RecursiveAction done

Classes unloaded (7 events):
Event: 21.484 Thread 0x00000161207d2b60 Unloading class 0x00000008018d5c00 'java/lang/invoke/LambdaForm$DMH+0x00000008018d5c00'
Event: 21.484 Thread 0x00000161207d2b60 Unloading class 0x00000008018d5800 'java/lang/invoke/LambdaForm$DMH+0x00000008018d5800'
Event: 21.484 Thread 0x00000161207d2b60 Unloading class 0x00000008018d5400 'java/lang/invoke/LambdaForm$DMH+0x00000008018d5400'
Event: 21.484 Thread 0x00000161207d2b60 Unloading class 0x00000008018d5000 'java/lang/invoke/LambdaForm$DMH+0x00000008018d5000'
Event: 21.484 Thread 0x00000161207d2b60 Unloading class 0x00000008018d4800 'java/lang/invoke/LambdaForm$DMH+0x00000008018d4800'
Event: 21.484 Thread 0x00000161207d2b60 Unloading class 0x00000008018d4400 'java/lang/invoke/LambdaForm$DMH+0x00000008018d4400'
Event: 21.484 Thread 0x00000161207d2b60 Unloading class 0x00000008018d4c00 'java/lang/invoke/LambdaForm$DMH+0x00000008018d4c00'

Classes redefined (0 events):
No events

Internal exceptions (20 events):
Event: 52.728 Thread 0x000001612f8422c0 Exception <a 'sun/nio/fs/WindowsException'{0x000000009e9463f0}> (0x000000009e9463f0) 
thrown [s\src\hotspot\share\prims\jni.cpp, line 516]
Event: 52.739 Thread 0x000001612f8422c0 Exception <a 'sun/nio/fs/WindowsException'{0x000000009e953328}> (0x000000009e953328) 
thrown [s\src\hotspot\share\prims\jni.cpp, line 516]
Event: 52.744 Thread 0x000001612f8422c0 Exception <a 'sun/nio/fs/WindowsException'{0x000000009e960a08}> (0x000000009e960a08) 
thrown [s\src\hotspot\share\prims\jni.cpp, line 516]
Event: 52.750 Thread 0x000001612f8422c0 Exception <a 'sun/nio/fs/WindowsException'{0x000000009e96c4d0}> (0x000000009e96c4d0) 
thrown [s\src\hotspot\share\prims\jni.cpp, line 516]
Event: 52.755 Thread 0x000001612f8422c0 Exception <a 'sun/nio/fs/WindowsException'{0x000000009e9755c8}> (0x000000009e9755c8) 
thrown [s\src\hotspot\share\prims\jni.cpp, line 516]
Event: 52.760 Thread 0x000001612f8422c0 Exception <a 'sun/nio/fs/WindowsException'{0x000000009e985e58}> (0x000000009e985e58) 
thrown [s\src\hotspot\share\prims\jni.cpp, line 516]
Event: 52.765 Thread 0x000001612f8422c0 Exception <a 'sun/nio/fs/WindowsException'{0x000000009e993970}> (0x000000009e993970) 
thrown [s\src\hotspot\share\prims\jni.cpp, line 516]
Event: 52.769 Thread 0x000001612f8422c0 Exception <a 'sun/nio/fs/WindowsException'{0x000000009e9a15f8}> (0x000000009e9a15f8) 
thrown [s\src\hotspot\share\prims\jni.cpp, line 516]
Event: 52.773 Thread 0x000001612f8422c0 Exception <a 'sun/nio/fs/WindowsException'{0x000000009e9b2868}> (0x000000009e9b2868) 
thrown [s\src\hotspot\share\prims\jni.cpp, line 516]
Event: 52.779 Thread 0x000001612f8422c0 Exception <a 'sun/nio/fs/WindowsException'{0x000000009e9c1a58}> (0x000000009e9c1a58) 
thrown [s\src\hotspot\share\prims\jni.cpp, line 516]
Event: 52.782 Thread 0x000001612f8422c0 Exception <a 'sun/nio/fs/WindowsException'{0x000000009e9cb008}> (0x000000009e9cb008) 
thrown [s\src\hotspot\share\prims\jni.cpp, line 516]
Event: 52.786 Thread 0x000001612f8422c0 Exception <a 'sun/nio/fs/WindowsException'{0x000000009e9d56e8}> (0x000000009e9d56e8) 
thrown [s\src\hotspot\share\prims\jni.cpp, line 516]
Event: 52.790 Thread 0x000001612f8422c0 Exception <a 'sun/nio/fs/WindowsException'{0x000000009e9dd660}> (0x000000009e9dd660) 
thrown [s\src\hotspot\share\prims\jni.cpp, line 516]
Event: 52.796 Thread 0x000001612f8422c0 Exception <a 'sun/nio/fs/WindowsException'{0x000000009e9f75a8}> (0x000000009e9f75a8) 
thrown [s\src\hotspot\share\prims\jni.cpp, line 516]
Event: 52.804 Thread 0x000001612f8422c0 Exception <a 'sun/nio/fs/WindowsException'{0x000000009e8146a0}> (0x000000009e8146a0) 
thrown [s\src\hotspot\share\prims\jni.cpp, line 516]
Event: 52.806 Thread 0x000001612f8422c0 Exception <a 'sun/nio/fs/WindowsException'{0x000000009e822668}> (0x000000009e822668) 
thrown [s\src\hotspot\share\prims\jni.cpp, line 516]
Event: 52.808 Thread 0x000001612f8422c0 Exception <a 'sun/nio/fs/WindowsException'{0x000000009e827b40}> (0x000000009e827b40) 
thrown [s\src\hotspot\share\prims\jni.cpp, line 516]
Event: 53.764 Thread 0x0000016129cf2a20 Implicit null exception at 0x0000016111a95b57 to 0x0000016111a95c04
Event: 53.764 Thread 0x000001612f8422c0 Implicit null exception at 0x0000016111a95b57 to 0x0000016111a95c04
Event: 53.764 Thread 0x000001612f840ab0 Implicit null exception at 0x00000161117fa1e6 to 0x00000161117fa270

VM Operations (20 events):
Event: 51.933 Executing VM operation: HandshakeAllThreads
Event: 51.933 Executing VM operation: HandshakeAllThreads done
Event: 52.021 Executing VM operation: ICBufferFull
Event: 52.022 Executing VM operation: ICBufferFull done
Event: 52.209 Executing VM operation: HandshakeAllThreads
Event: 52.210 Executing VM operation: HandshakeAllThreads done
Event: 52.296 Executing VM operation: ICBufferFull
Event: 52.296 Executing VM operation: ICBufferFull done
Event: 52.359 Executing VM operation: HandshakeAllThreads
Event: 52.360 Executing VM operation: HandshakeAllThreads done
Event: 52.495 Executing VM operation: HandshakeAllThreads
Event: 52.496 Executing VM operation: HandshakeAllThreads done
Event: 52.545 Executing VM operation: HandshakeAllThreads
Event: 52.545 Executing VM operation: HandshakeAllThreads done
Event: 52.557 Executing VM operation: ICBufferFull
Event: 52.557 Executing VM operation: ICBufferFull done
Event: 52.754 Executing VM operation: ICBufferFull
Event: 52.754 Executing VM operation: ICBufferFull done
Event: 53.193 Executing VM operation: HandshakeAllThreads
Event: 53.193 Executing VM operation: HandshakeAllThreads done

Events (20 events):
Event: 47.179 Thread 0x0000016129a84030 Thread exited: 0x0000016129a84030
Event: 47.240 Thread 0x00000161274e1050 Thread added: 0x00000161274e1050
Event: 49.818 Thread 0x00000161274e1050 Thread exited: 0x00000161274e1050
Event: 49.997 Thread 0x00000161274e1050 Thread added: 0x00000161274e1050
Event: 50.138 Thread 0x0000016120806130 flushing nmethod 0x0000016111b83d90
Event: 50.168 Thread 0x0000016120806130 flushing nmethod 0x000001610b4d5810
Event: 50.168 Thread 0x0000016120806130 flushing nmethod 0x000001610b4eb190
Event: 50.908 Thread 0x00000161274e1050 Thread exited: 0x00000161274e1050
Event: 51.936 Thread 0x000001612a6f1020 Thread added: 0x000001612a6f1020
Event: 53.121 Thread 0x000001612a6f1020 Thread exited: 0x000001612a6f1020
Event: 53.735 Thread 0x000001612f83fc40 Thread added: 0x000001612f83fc40
Event: 53.736 Thread 0x000001612f840ab0 Thread added: 0x000001612f840ab0
Event: 53.736 Thread 0x000001612f83edd0 Thread added: 0x000001612f83edd0
Event: 53.736 Thread 0x000001612fc30610 Thread added: 0x000001612fc30610
Event: 53.737 Thread 0x0000016128324ae0 Thread added: 0x0000016128324ae0
Event: 53.737 Thread 0x0000016129cf2a20 Thread added: 0x0000016129cf2a20
Event: 53.737 Thread 0x0000016129cf03a0 Thread added: 0x0000016129cf03a0
Event: 53.737 Thread 0x0000016129cf16e0 Thread added: 0x0000016129cf16e0
Event: 53.781 Thread 0x0000016127ab1080 Thread added: 0x0000016127ab1080
Event: 53.782 Thread 0x0000016126d29690 Thread added: 0x0000016126d29690


Dynamic libraries:
0x00007ff7bb1e0000 - 0x00007ff7bb1ee000 	C:\Users\amrhi\.jdks\azul-18.0.2.1\bin\java.exe
0x00007ffef9e50000 - 0x00007ffefa067000 	C:\WINDOWS\SYSTEM32\ntdll.dll
0x00007ffef8140000 - 0x00007ffef8204000 	C:\WINDOWS\System32\KERNEL32.DLL
0x00007ffef77e0000 - 0x00007ffef7b8d000 	C:\WINDOWS\System32\KERNELBASE.dll
0x00007ffef7300000 - 0x00007ffef7411000 	C:\WINDOWS\System32\ucrtbase.dll
0x00007ffeda2f0000 - 0x00007ffeda307000 	C:\Users\amrhi\.jdks\azul-18.0.2.1\bin\jli.dll
0x00007ffeda310000 - 0x00007ffeda32b000 	C:\Users\amrhi\.jdks\azul-18.0.2.1\bin\VCRUNTIME140.dll
0x00007ffef9430000 - 0x00007ffef95de000 	C:\WINDOWS\System32\USER32.dll
0x00007ffed94d0000 - 0x00007ffed9763000 	C:\WINDOWS\WinSxS\amd64_microsoft.windows.common-controls_6595b64144ccf1df_6.0.22621.3672_none_2713b9d173822955\COMCTL32.dll
0x00007ffef71b0000 - 0x00007ffef71d6000 	C:\WINDOWS\System32\win32u.dll
0x00007ffef8c20000 - 0x00007ffef8cc7000 	C:\WINDOWS\System32\msvcrt.dll
0x00007ffef7c20000 - 0x00007ffef7c49000 	C:\WINDOWS\System32\GDI32.dll
0x00007ffef7420000 - 0x00007ffef7539000 	C:\WINDOWS\System32\gdi32full.dll
0x00007ffef7260000 - 0x00007ffef72fa000 	C:\WINDOWS\System32\msvcp_win.dll
0x00007ffef8db0000 - 0x00007ffef8de1000 	C:\WINDOWS\System32\IMM32.DLL
0x00007ffeda2e0000 - 0x00007ffeda2ec000 	C:\Users\amrhi\.jdks\azul-18.0.2.1\bin\vcruntime140_1.dll
0x00007ffeda250000 - 0x00007ffeda2dd000 	C:\Users\amrhi\.jdks\azul-18.0.2.1\bin\msvcp140.dll
0x00007ffe872e0000 - 0x00007ffe87f80000 	C:\Users\amrhi\.jdks\azul-18.0.2.1\bin\server\jvm.dll
0x00007ffef90b0000 - 0x00007ffef9162000 	C:\WINDOWS\System32\ADVAPI32.dll
0x00007ffef99d0000 - 0x00007ffef9a79000 	C:\WINDOWS\System32\sechost.dll
0x00007ffef7180000 - 0x00007ffef71a8000 	C:\WINDOWS\System32\bcrypt.dll
0x00007ffef98a0000 - 0x00007ffef99b4000 	C:\WINDOWS\System32\RPCRT4.dll
0x00007ffef99c0000 - 0x00007ffef99c8000 	C:\WINDOWS\System32\PSAPI.DLL
0x00007ffeeea00000 - 0x00007ffeeea34000 	C:\WINDOWS\SYSTEM32\WINMM.dll
0x00007ffeec530000 - 0x00007ffeec53a000 	C:\WINDOWS\SYSTEM32\VERSION.dll
0x00007ffed4900000 - 0x00007ffed4909000 	C:\WINDOWS\SYSTEM32\WSOCK32.dll
0x00007ffef7ba0000 - 0x00007ffef7c11000 	C:\WINDOWS\System32\WS2_32.dll
0x00007ffef62a0000 - 0x00007ffef62b8000 	C:\WINDOWS\SYSTEM32\kernel.appcore.dll
0x00007ffed52f0000 - 0x00007ffed52fa000 	C:\Users\amrhi\.jdks\azul-18.0.2.1\bin\jimage.dll
0x00007ffef4b50000 - 0x00007ffef4d82000 	C:\WINDOWS\SYSTEM32\DBGHELP.DLL
0x00007ffef9a80000 - 0x00007ffef9e08000 	C:\WINDOWS\System32\combase.dll
0x00007ffef92d0000 - 0x00007ffef93a7000 	C:\WINDOWS\System32\OLEAUT32.dll
0x00007ffedb100000 - 0x00007ffedb132000 	C:\WINDOWS\SYSTEM32\dbgcore.DLL
0x00007ffef71e0000 - 0x00007ffef725b000 	C:\WINDOWS\System32\bcryptPrimitives.dll
0x00007ffed52b0000 - 0x00007ffed52d5000 	C:\Users\amrhi\.jdks\azul-18.0.2.1\bin\java.dll
0x00007ffed51d0000 - 0x00007ffed52a7000 	C:\Users\amrhi\.jdks\azul-18.0.2.1\bin\jsvml.dll
0x00007ffef83c0000 - 0x00007ffef8c1f000 	C:\WINDOWS\System32\SHELL32.dll
0x00007ffef50d0000 - 0x00007ffef59cc000 	C:\WINDOWS\SYSTEM32\windows.storage.dll
0x00007ffef4f90000 - 0x00007ffef50cf000 	C:\WINDOWS\SYSTEM32\wintypes.dll
0x00007ffef8fb0000 - 0x00007ffef90a4000 	C:\WINDOWS\System32\SHCORE.dll
0x00007ffef8cd0000 - 0x00007ffef8d2e000 	C:\WINDOWS\System32\shlwapi.dll
0x00007ffef70b0000 - 0x00007ffef70d1000 	C:\WINDOWS\SYSTEM32\profapi.dll
0x00007ffed5190000 - 0x00007ffed51a3000 	C:\Users\amrhi\.jdks\azul-18.0.2.1\bin\net.dll
0x00007ffef0180000 - 0x00007ffef02b6000 	C:\WINDOWS\SYSTEM32\WINHTTP.dll
0x00007ffef6710000 - 0x00007ffef6779000 	C:\WINDOWS\system32\mswsock.dll
0x00007ffed5170000 - 0x00007ffed5186000 	C:\Users\amrhi\.jdks\azul-18.0.2.1\bin\nio.dll
0x00007ffed51b0000 - 0x00007ffed51c8000 	C:\Users\amrhi\.jdks\azul-18.0.2.1\bin\zip.dll
0x00007ffed5140000 - 0x00007ffed5150000 	C:\Users\amrhi\.jdks\azul-18.0.2.1\bin\verify.dll
0x00007ffec6620000 - 0x00007ffec6647000 	C:\Users\amrhi\.gradle\native\e1d6ef7f7dcc3fd88c89a11ec53ec762bb8ba0a96d01ffa2cd45eb1d1d8dd5c5\windows-amd64\native-platform.dll
0x00007ffedaeb0000 - 0x00007ffedaff4000 	C:\Users\amrhi\.gradle\native\0d407fdbe67a94daf76414ababcb853783967236a71b16ec16e742cd7a986fd3\windows-amd64\native-platform-file-events.dll
0x00007ffeb45a0000 - 0x00007ffeb45a9000 	C:\Users\amrhi\.jdks\azul-18.0.2.1\bin\management.dll
0x00007ffeb00a0000 - 0x00007ffeb00ab000 	C:\Users\amrhi\.jdks\azul-18.0.2.1\bin\management_ext.dll
0x00007ffef6970000 - 0x00007ffef698b000 	C:\WINDOWS\SYSTEM32\CRYPTSP.dll
0x00007ffef6200000 - 0x00007ffef6235000 	C:\WINDOWS\system32\rsaenh.dll
0x00007ffef6810000 - 0x00007ffef6838000 	C:\WINDOWS\SYSTEM32\USERENV.dll
0x00007ffef6990000 - 0x00007ffef699c000 	C:\WINDOWS\SYSTEM32\CRYPTBASE.dll
0x00007ffef5cb0000 - 0x00007ffef5cdd000 	C:\WINDOWS\SYSTEM32\IPHLPAPI.DLL
0x00007ffef95e0000 - 0x00007ffef95e9000 	C:\WINDOWS\System32\NSI.dll
0x00007ffef2940000 - 0x00007ffef2959000 	C:\WINDOWS\SYSTEM32\dhcpcsvc6.DLL
0x00007ffef0160000 - 0x00007ffef017f000 	C:\WINDOWS\SYSTEM32\dhcpcsvc.DLL
0x00007ffef5ce0000 - 0x00007ffef5dd8000 	C:\WINDOWS\SYSTEM32\DNSAPI.dll
0x00007ffecb510000 - 0x00007ffecb527000 	C:\WINDOWS\system32\napinsp.dll
0x00007ffecb4f0000 - 0x00007ffecb50b000 	C:\WINDOWS\system32\pnrpnsp.dll
0x00007ffecb4d0000 - 0x00007ffecb4e1000 	C:\WINDOWS\System32\winrnr.dll
0x00007ffeee590000 - 0x00007ffeee5a5000 	C:\WINDOWS\system32\wshbth.dll
0x00007ffecb4a0000 - 0x00007ffecb4c7000 	C:\WINDOWS\system32\nlansp_c.dll
0x00007ffef2930000 - 0x00007ffef293a000 	C:\Windows\System32\rasadhlp.dll
0x00007ffeee750000 - 0x00007ffeee7d3000 	C:\WINDOWS\System32\fwpuclnt.dll
0x00007ffeedbf0000 - 0x00007ffeedbf7000 	C:\Users\amrhi\.jdks\azul-18.0.2.1\bin\rmi.dll

dbghelp: loaded successfully - version: 4.0.5 - missing functions: none
symbol engine: initialized successfully - sym options: 0x614 - pdb path: .;C:\Users\amrhi\.jdks\azul-18.0.2.1\bin;C:\WINDOWS\SYSTEM32;C:\WINDOWS\WinSxS\amd64_microsoft.windows.common-controls_6595b64144ccf1df_6.0.22621.3672_none_2713b9d173822955;C:\Users\amrhi\.jdks\azul-18.0.2.1\bin\server;C:\Users\amrhi\.gradle\native\e1d6ef7f7dcc3fd88c89a11ec53ec762bb8ba0a96d01ffa2cd45eb1d1d8dd5c5\windows-amd64;C:\Users\amrhi\.gradle\native\0d407fdbe67a94daf76414ababcb853783967236a71b16ec16e742cd7a986fd3\windows-amd64

VM Arguments:
jvm_args: --add-opens=java.base/java.util=ALL-UNNAMED --add-opens=java.base/java.lang=ALL-UNNAMED --add-opens=java.base/java.lang.invoke=ALL-UNNAMED --add-opens=java.base/java.util=ALL-UNNAMED --add-opens=java.prefs/java.util.prefs=ALL-UNNAMED --add-opens=java.prefs/java.util.prefs=ALL-UNNAMED --add-opens=java.base/java.nio.charset=ALL-UNNAMED --add-opens=java.base/java.net=ALL-UNNAMED --add-opens=java.base/java.util.concurrent.atomic=ALL-UNNAMED -Xmx2048m -Dfile.encoding=UTF-8 -Duser.country=US -Duser.language=en -Duser.variant 
java_command: org.gradle.launcher.daemon.bootstrap.GradleDaemon 7.5
java_class_path (initial): C:\Users\amrhi\.gradle\wrapper\dists\gradle-7.5-bin\f1w0cc9nuo0eivz97x2xlu9sv\gradle-7.5\lib\gradle-launcher-7.5.jar
Launcher Type: SUN_STANDARD

[Global flags]
     intx CICompilerCount                          = 4                                         {product} {ergonomic}
     uint ConcGCThreads                            = 2                                         {product} {ergonomic}
     uint G1ConcRefinementThreads                  = 8                                         {product} {ergonomic}
   size_t G1HeapRegionSize                         = 1048576                                   {product} {ergonomic}
    uintx GCDrainStackTargetSize                   = 64                                        {product} {ergonomic}
   size_t InitialHeapSize                          = 130023424                                 {product} {ergonomic}
   size_t MarkStackSize                            = 4194304                                   {product} {ergonomic}
   size_t MaxHeapSize                              = 2147483648                                {product} {command line}
   size_t MaxNewSize                               = 1287651328                                {product} {ergonomic}
   size_t MinHeapDeltaBytes                        = 1048576                                   {product} {ergonomic}
   size_t MinHeapSize                              = 8388608                                   {product} {ergonomic}
    uintx NonNMethodCodeHeapSize                   = 5839372                                {pd product} {ergonomic}
    uintx NonProfiledCodeHeapSize                  = 122909434                              {pd product} {ergonomic}
    uintx ProfiledCodeHeapSize                     = 122909434                              {pd product} {ergonomic}
    uintx ReservedCodeCacheSize                    = 251658240                              {pd product} {ergonomic}
     bool SegmentedCodeCache                       = true                                      {product} {ergonomic}
   size_t SoftMaxHeapSize                          = 2147483648                             {manageable} {ergonomic}
     bool UseCompressedClassPointers               = true                           {product lp64_product} {ergonomic}
     bool UseCompressedOops                        = true                           {product lp64_product} {ergonomic}
     bool UseG1GC                                  = true                                      {product} {ergonomic}
     bool UseLargePagesIndividualAllocation        = false                                  {pd product} {ergonomic}

Logging:
Log output configuration:
 #0: stdout all=warning uptime,level,tags foldmultilines=false
 #1: stderr all=off uptime,level,tags foldmultilines=false

Environment Variables:
PATH=C:\Program Files (x86)\Common Files\Intel\Shared Files\fortran\bin\Intel64;C:\Program Files (x86)\Common Files\Intel\Shared Libraries\redist\intel64_win\mpirt;C:\Program Files (x86)\Common Files\Intel\Shared Libraries\redist\intel64_win\compiler;C:\Program Files (x86)\Common Files\Oracle\Java\javapath;C:\Windows\system32;C:\Windows;C:\Windows\System32\Wbem;C:\Windows\System32\WindowsPowerShell\v1.0\;C:\Windows\System32\OpenSSH\;C:\Program Files (x86)\NVIDIA Corporation\PhysX\Common;C:\Program Files\NVIDIA Corporation\NVIDIA NvDLISR;C:\WINDOWS\system32;C:\WINDOWS;C:\WINDOWS\System32\Wbem;C:\WINDOWS\System32\WindowsPowerShell\v1.0\;C:\WINDOWS\System32\OpenSSH\;C:\Program Files\Microsoft SQL Server\110\Tools\Binn\;C:\Program Files\Git\cmd;C:\Program Files\MySQL\MySQL Shell 8.0\bin\;C:\Users\amrhi\AppData\Local\Microsoft\WindowsApps;
USERNAME=amrhi
OS=Windows_NT
PROCESSOR_IDENTIFIER=Intel64 Family 6 Model 140 Stepping 1, GenuineIntel



---------------  S Y S T E M  ---------------

OS:
 Windows 11 , 64 bit Build 22621 (10.0.22621.3672)
OS uptime: 0 days 0:57 hours

CPU: total 8 (initial active 8) (4 cores per cpu, 2 threads per core) family 6 model 140 stepping 1 microcode 0x86, cx8, cmov, fxsr, ht, mmx, 3dnowpref, sse, sse2, sse3, ssse3, sse4.1, sse4.2, popcnt, lzcnt, tsc, tscinvbit, avx, avx2, aes, erms, clmul, bmi1, bmi2, adx, avx512f, avx512dq, avx512cd, avx512bw, avx512vl, sha, fma, vzeroupper, avx512_vpopcntdq, avx512_vpclmulqdq, avx512_vaes, avx512_vnni, clflush, clflushopt, clwb, avx512_vbmi2, avx512_vbmi

Memory: 4k page, system-wide physical 7886M (538M free)
TotalPageFile size 22088M (AvailPageFile size 3M)
current process WorkingSet (physical memory assigned to process): 548M, peak: 881M
current process commit charge ("private bytes"): 1014M, peak: 1016M

vm_info: OpenJDK 64-Bit Server VM (18.0.2.1+1) for windows-amd64 JRE (18.0.2.1+1) (Zulu18.32+13-CA), built on Aug 23 2022 15:53:35 by "zulu_re" with MS VC++ 16.10 / 16.11 (VS2019)

END.
