#
# There is insufficient memory for the Java Runtime Environment to continue.
# Native memory allocation (mmap) failed to map 68157440 bytes for G1 virtual space
# Possible reasons:
#   The system is out of physical RAM or swap space
#   The process is running with CompressedOops enabled, and the Java Heap may be blocking the growth of the native heap
# Possible solutions:
#   Reduce memory load on the system
#   Increase physical memory or swap space
#   Check if swap backing store is full
#   Decrease Java heap size (-Xmx/-Xms)
#   Decrease number of Java threads
#   Decrease Java thread stack sizes (-Xss)
#   Set larger code cache with -XX:ReservedCodeCacheSize=
#   JVM is running with Unscaled Compressed Oops mode in which the Java heap is
#     placed in the first 4GB address space. The Java Heap base address is the
#     maximum limit for the native heap growth. Please use -XX:HeapBaseMinAddress
#     to set the Java Heap base and to place the Java Heap above 4GB virtual address.
# This output file may be truncated or incomplete.
#
#  Out of Memory Error (os_windows.cpp:3530), pid=15928, tid=14444
#
# JRE version: OpenJDK Runtime Environment Zulu18.32+13-CA (18.0.2.1+1) (build 18.0.2.1+1)
# Java VM: OpenJDK 64-Bit Server VM Zulu18.32+13-CA (18.0.2.1+1, mixed mode, sharing, tiered, compressed oops, compressed class ptrs, g1 gc, windows-amd64)
# No core dump will be written. Minidumps are not enabled by default on client versions of Windows
#

---------------  S U M M A R Y ------------

Command Line: --add-opens=java.base/java.util=ALL-UNNAMED --add-opens=java.base/java.lang=ALL-UNNAMED --add-opens=java.base/java.lang.invoke=ALL-UNNAMED --add-opens=java.base/java.util=ALL-UNNAMED --add-opens=java.prefs/java.util.prefs=ALL-UNNAMED --add-opens=java.prefs/java.util.prefs=ALL-UNNAMED --add-opens=java.base/java.nio.charset=ALL-UNNAMED --add-opens=java.base/java.net=ALL-UNNAMED --add-opens=java.base/java.util.concurrent.atomic=ALL-UNNAMED -Xmx2048m -Dfile.encoding=UTF-8 -Duser.country=US -Duser.language=en -Duser.variant org.gradle.launcher.daemon.bootstrap.GradleDaemon 7.5

Host: 11th Gen Intel(R) Core(TM) i5-1135G7 @ 2.40GHz, 8 cores, 7G,  Windows 11 , 64 bit Build 22621 (10.0.22621.3672)
Time: Fri Jul 12 17:10:55 2024 Egypt Daylight Time elapsed time: 946.946816 seconds (0d 0h 15m 46s)

---------------  T H R E A D  ---------------

Current thread (0x0000022174183950):  VMThread "VM Thread" [stack: 0x000000f964c00000,0x000000f964d00000] [id=14444]

Stack: [0x000000f964c00000,0x000000f964d00000]
Native frames: (J=compiled Java code, j=interpreted, Vv=VM code, C=native code)
V  [jvm.dll+0x69ea0a]
V  [jvm.dll+0x84dfbd]
V  [jvm.dll+0x84f8ce]
V  [jvm.dll+0x84ff83]
V  [jvm.dll+0x25fa1f]
V  [jvm.dll+0x69b959]
V  [jvm.dll+0x69048a]
V  [jvm.dll+0x32579b]
V  [jvm.dll+0x32d0e6]
V  [jvm.dll+0x381cae]
V  [jvm.dll+0x381edf]
V  [jvm.dll+0x2fd48a]
V  [jvm.dll+0x2fd537]
V  [jvm.dll+0x341b62]
V  [jvm.dll+0x340104]
V  [jvm.dll+0x2fcc60]
V  [jvm.dll+0x33f6db]
V  [jvm.dll+0x854d6b]
V  [jvm.dll+0x855b04]
V  [jvm.dll+0x85603d]
V  [jvm.dll+0x856494]
V  [jvm.dll+0x856557]
V  [jvm.dll+0x7fa6da]
V  [jvm.dll+0x69d8b5]
C  [ucrtbase.dll+0x29333]
C  [KERNEL32.DLL+0x1257d]
C  [ntdll.dll+0x5af28]

VM_Operation (0x000000f96d6f90b0): G1CollectForAllocation, mode: safepoint, requested by thread 0x000002217ade81a0


---------------  P R O C E S S  ---------------

Threads class SMR info:
_java_thread_list=0x000002217ded9f60, length=161, elements={
0x0000022155ca97a0, 0x0000022174188290, 0x0000022174189240, 0x00000221741a7f50,
0x00000221741a8800, 0x00000221741a91a0, 0x00000221741a9b40, 0x00000221741aa810,
0x00000221741b6700, 0x00000221741c87c0, 0x00000221784b7280, 0x00000221784b8970,
0x00000221799a9c80, 0x0000022178d9a650, 0x00000221795d6040, 0x0000022179c13fe0,
0x0000022179c12ca0, 0x0000022179c15320, 0x0000022179c11e30, 0x0000022179c144b0,
0x0000022179c14e50, 0x000002217a79e800, 0x000002217a799fd0, 0x000002217a79ecd0,
0x000002217a79b7e0, 0x000002217abec810, 0x000002217abe9cc0, 0x000002217abe97f0,
0x000002217abea190, 0x000002217abe7170, 0x000002217abeb4d0, 0x000002217d396a00,
0x000002217a79f1a0, 0x000002217a7a04e0, 0x000002217a79a970, 0x000002217a799160,
0x000002217a79e330, 0x000002217a7a0010, 0x000002217a79ae40, 0x000002217a79b310,
0x000002217a799b00, 0x000002217a79f670, 0x000002217a79c650, 0x000002217a79cb20,
0x000002217a79d4c0, 0x000002217a79d990, 0x000002217abe9320, 0x000002217abe5e30,
0x000002217abe67d0, 0x000002217abecce0, 0x000002217abeb9a0, 0x000002217abe8980,
0x000002217abe5490, 0x000002217abe7640, 0x000002217abe7fe0, 0x000002217abe5960,
0x000002217abe84b0, 0x000002217abeab30, 0x000002217abe6300, 0x000002217abea660,
0x000002217abeb000, 0x000002217abe6ca0, 0x000002217abe8e50, 0x000002217c3f4a20,
0x000002217c3f4ef0, 0x000002217c3f4080, 0x000002217c3f6700, 0x000002217c3f53c0,
0x000002217c3f5890, 0x000002217c3f1ed0, 0x000002217c3f7570, 0x000002217c3f5d60,
0x000002217c3f3210, 0x000002217c3f4550, 0x000002217c3f6bd0, 0x000002217c3f7a40,
0x000002217c3f23a0, 0x000002217c3f2870, 0x000002217c3f36e0, 0x000002217d395b90,
0x000002217d399550, 0x000002217d3921d0, 0x000002217d3926a0, 0x000002217d3939e0,
0x000002217d3951f0, 0x000002217d393040, 0x000002217d396060, 0x000002217d396530,
0x000002217d3973a0, 0x000002217d397870, 0x000002217d3986e0, 0x0000022179c13b10,
0x0000022179c14980, 0x0000022179c11960, 0x0000022179c127d0, 0x0000022179c13170,
0x0000022179c13640, 0x0000022179e617f0, 0x0000022179e63000, 0x0000022179e669c0,
0x0000022179e64810, 0x0000022179e67360, 0x0000022179e65680, 0x0000022179e60980,
0x0000022179e604b0, 0x0000022179e67830, 0x0000022179e61cc0, 0x0000022179e64ce0,
0x0000022179e64340, 0x0000022179e60e50, 0x0000022179e63e70, 0x0000022179e66020,
0x0000022179e61320, 0x0000022179e62190, 0x0000022179e651b0, 0x0000022179e664f0,
0x0000022179e62660, 0x0000022179e65b50, 0x0000022179e66e90, 0x0000022179e62b30,
0x0000022179e5ffe0, 0x0000022179e639a0, 0x0000022179e634d0, 0x000002217ade8b40,
0x000002217ade3970, 0x000002217ade34a0, 0x000002217ade7800, 0x000002217ade7cd0,
0x000002217ade5180, 0x000002217adea350, 0x000002217ade64c0, 0x000002217ade81a0,
0x000002217adea820, 0x000002217ade5650, 0x000002217ade3e40, 0x000002217ade6990,
0x000002217ade6e60, 0x000002217ade94e0, 0x000002217c3f3bb0, 0x000002217be41300,
0x000002217be46e70, 0x000002217be464d0, 0x000002217be41ca0, 0x000002217be417d0,
0x000002217be43e50, 0x000002217be42640, 0x000002217be42b10, 0x000002217be43980,
0x000002217be44cc0, 0x000002217be434b0, 0x000002217be42fe0, 0x000002217be44320,
0x000002217be46000, 0x000002217be447f0, 0x000002217be45190, 0x000002217d1f1980,
0x000002217d1f1e50, 0x000002217ee3ca90, 0x000002217ee3cf60, 0x000002217f919010,
0x000002217ab296e0
}

Java Threads: ( => current thread )
  0x0000022155ca97a0 JavaThread "main" [_thread_blocked, id=14284, stack(0x000000f964600000,0x000000f964700000)]
  0x0000022174188290 JavaThread "Reference Handler" daemon [_thread_blocked, id=18180, stack(0x000000f964d00000,0x000000f964e00000)]
  0x0000022174189240 JavaThread "Finalizer" daemon [_thread_blocked, id=2448, stack(0x000000f964e00000,0x000000f964f00000)]
  0x00000221741a7f50 JavaThread "Signal Dispatcher" daemon [_thread_blocked, id=14664, stack(0x000000f964f00000,0x000000f965000000)]
  0x00000221741a8800 JavaThread "Attach Listener" daemon [_thread_blocked, id=13604, stack(0x000000f965000000,0x000000f965100000)]
  0x00000221741a91a0 JavaThread "Service Thread" daemon [_thread_blocked, id=4676, stack(0x000000f965100000,0x000000f965200000)]
  0x00000221741a9b40 JavaThread "Monitor Deflation Thread" daemon [_thread_blocked, id=18376, stack(0x000000f965200000,0x000000f965300000)]
  0x00000221741aa810 JavaThread "C2 CompilerThread0" daemon [_thread_blocked, id=17760, stack(0x000000f965300000,0x000000f965400000)]
  0x00000221741b6700 JavaThread "C1 CompilerThread0" daemon [_thread_blocked, id=8996, stack(0x000000f965400000,0x000000f965500000)]
  0x00000221741c87c0 JavaThread "Sweeper thread" daemon [_thread_blocked, id=12176, stack(0x000000f965500000,0x000000f965600000)]
  0x00000221784b7280 JavaThread "Common-Cleaner" daemon [_thread_blocked, id=10228, stack(0x000000f965600000,0x000000f965700000)]
  0x00000221784b8970 JavaThread "Notification Thread" daemon [_thread_blocked, id=11668, stack(0x000000f965700000,0x000000f965800000)]
  0x00000221799a9c80 JavaThread "Daemon health stats" [_thread_blocked, id=2600, stack(0x000000f965d00000,0x000000f965e00000)]
  0x0000022178d9a650 JavaThread "Incoming local TCP Connector on port 52207" [_thread_in_native, id=11972, stack(0x000000f965e00000,0x000000f965f00000)]
  0x00000221795d6040 JavaThread "Daemon periodic checks" [_thread_blocked, id=4456, stack(0x000000f965f00000,0x000000f966000000)]
  0x0000022179c13fe0 JavaThread "Cache worker for journal cache (C:\Users\amrhi\.gradle\caches\journal-1)" [_thread_blocked, id=13000, stack(0x000000f966700000,0x000000f966800000)]
  0x0000022179c12ca0 JavaThread "File lock request listener" [_thread_in_native, id=6680, stack(0x000000f966800000,0x000000f966900000)]
  0x0000022179c15320 JavaThread "Cache worker for file hash cache (C:\Users\amrhi\.gradle\caches\7.5\fileHashes)" [_thread_blocked, id=18028, stack(0x000000f966900000,0x000000f966a00000)]
  0x0000022179c11e30 JavaThread "File watcher server" daemon [_thread_blocked, id=15216, stack(0x000000f966d00000,0x000000f966e00000)]
  0x0000022179c144b0 JavaThread "File watcher consumer" daemon [_thread_blocked, id=17984, stack(0x000000f966e00000,0x000000f966f00000)]
  0x0000022179c14e50 JavaThread "Cache worker for file content cache (C:\Users\amrhi\.gradle\caches\7.5\fileContent)" [_thread_blocked, id=1488, stack(0x000000f967100000,0x000000f967200000)]
  0x000002217a79e800 JavaThread "Cache worker for execution history cache (C:\Users\amrhi\.gradle\caches\7.5\executionHistory)" [_thread_blocked, id=17504, stack(0x000000f967500000,0x000000f967600000)]
  0x000002217a799fd0 JavaThread "jar transforms" [_thread_blocked, id=3048, stack(0x000000f967600000,0x000000f967700000)]
  0x000002217a79ecd0 JavaThread "jar transforms Thread 2" [_thread_blocked, id=5696, stack(0x000000f967700000,0x000000f967800000)]
  0x000002217a79b7e0 JavaThread "jar transforms Thread 3" [_thread_blocked, id=4444, stack(0x000000f967900000,0x000000f967a00000)]
  0x000002217abec810 JavaThread "jar transforms Thread 4" [_thread_blocked, id=6356, stack(0x000000f96cb00000,0x000000f96cc00000)]
  0x000002217abe9cc0 JavaThread "jar transforms Thread 5" [_thread_blocked, id=14736, stack(0x000000f96cc00000,0x000000f96cd00000)]
  0x000002217abe97f0 JavaThread "jar transforms Thread 6" [_thread_blocked, id=14296, stack(0x000000f96cd00000,0x000000f96ce00000)]
  0x000002217abea190 JavaThread "jar transforms Thread 7" [_thread_blocked, id=11368, stack(0x000000f96ce00000,0x000000f96cf00000)]
  0x000002217abe7170 JavaThread "jar transforms Thread 8" [_thread_blocked, id=13936, stack(0x000000f96cf00000,0x000000f96d000000)]
  0x000002217abeb4d0 JavaThread "Memory manager" [_thread_blocked, id=7072, stack(0x000000f96d100000,0x000000f96d200000)]
  0x000002217d396a00 JavaThread "pool-3-thread-1" [_thread_blocked, id=5864, stack(0x000000f96d500000,0x000000f96d600000)]
  0x000002217a79f1a0 JavaThread "Daemon Thread 2" [_thread_blocked, id=13048, stack(0x000000f964300000,0x000000f964400000)]
  0x000002217a7a04e0 JavaThread "Handler for socket connection from /127.0.0.1:52207 to /127.0.0.1:52705" [_thread_in_native, id=4300, stack(0x000000f964400000,0x000000f964500000)]
  0x000002217a79a970 JavaThread "Cancel handler" [_thread_blocked, id=9888, stack(0x000000f964500000,0x000000f964600000)]
  0x000002217a799160 JavaThread "Daemon worker Thread 2" [_thread_blocked, id=10600, stack(0x000000f966000000,0x000000f966100000)]
  0x000002217a79e330 JavaThread "Asynchronous log dispatcher for DefaultDaemonConnection: socket connection from /127.0.0.1:52207 to /127.0.0.1:52705" [_thread_blocked, id=4240, stack(0x000000f966100000,0x000000f966200000)]
  0x000002217a7a0010 JavaThread "Daemon client event forwarder" [_thread_blocked, id=4076, stack(0x000000f966300000,0x000000f966400000)]
  0x000002217a79ae40 JavaThread "Cache worker for checksums cache (C:\Users\amrhi\AndroidStudioProjects\Important Projects\UncleJacks\.gradle\7.5\checksums)" [_thread_blocked, id=18332, stack(0x000000f966400000,0x000000f966500000)]
  0x000002217a79b310 JavaThread "Cache worker for cache directory md-rule (C:\Users\amrhi\.gradle\caches\7.5\md-rule)" [_thread_blocked, id=1708, stack(0x000000f966500000,0x000000f966600000)]
  0x000002217a799b00 JavaThread "Cache worker for file hash cache (C:\Users\amrhi\AndroidStudioProjects\Important Projects\UncleJacks\.gradle\7.5\fileHashes)" [_thread_blocked, id=3076, stack(0x000000f966600000,0x000000f966700000)]
  0x000002217a79f670 JavaThread "Cache worker for cache directory md-supplier (C:\Users\amrhi\.gradle\caches\7.5\md-supplier)" [_thread_blocked, id=10588, stack(0x000000f966f00000,0x000000f967000000)]
  0x000002217a79c650 JavaThread "Cache worker for dependencies-accessors (C:\Users\amrhi\AndroidStudioProjects\Important Projects\UncleJacks\.gradle\7.5\dependencies-accessors)" [_thread_blocked, id=16960, stack(0x000000f967000000,0x000000f967100000)]
  0x000002217a79cb20 JavaThread "Cache worker for Build Output Cleanup Cache (C:\Users\amrhi\AndroidStudioProjects\Important Projects\UncleJacks\.gradle\buildOutputCleanup)" [_thread_blocked, id=13772, stack(0x000000f967300000,0x000000f967400000)]
  0x000002217a79d4c0 JavaThread "Unconstrained build operations" [_thread_blocked, id=14672, stack(0x000000f967400000,0x000000f967500000)]
  0x000002217a79d990 JavaThread "Unconstrained build operations Thread 2" [_thread_blocked, id=16872, stack(0x000000f967800000,0x000000f967900000)]
  0x000002217abe9320 JavaThread "Unconstrained build operations Thread 3" [_thread_blocked, id=1540, stack(0x000000f967a00000,0x000000f967b00000)]
  0x000002217abe5e30 JavaThread "Unconstrained build operations Thread 4" [_thread_blocked, id=10720, stack(0x000000f967b00000,0x000000f967c00000)]
  0x000002217abe67d0 JavaThread "Unconstrained build operations Thread 5" [_thread_blocked, id=17572, stack(0x000000f967c00000,0x000000f967d00000)]
  0x000002217abecce0 JavaThread "Unconstrained build operations Thread 6" [_thread_blocked, id=7948, stack(0x000000f967d00000,0x000000f967e00000)]
  0x000002217abeb9a0 JavaThread "Unconstrained build operations Thread 7" [_thread_blocked, id=10168, stack(0x000000f967e00000,0x000000f967f00000)]
  0x000002217abe8980 JavaThread "Unconstrained build operations Thread 8" [_thread_blocked, id=6524, stack(0x000000f967f00000,0x000000f968000000)]
  0x000002217abe5490 JavaThread "Unconstrained build operations Thread 9" [_thread_blocked, id=17852, stack(0x000000f968000000,0x000000f968100000)]
  0x000002217abe7640 JavaThread "Unconstrained build operations Thread 10" [_thread_blocked, id=2148, stack(0x000000f968100000,0x000000f968200000)]
  0x000002217abe7fe0 JavaThread "Unconstrained build operations Thread 11" [_thread_blocked, id=16380, stack(0x000000f968200000,0x000000f968300000)]
  0x000002217abe5960 JavaThread "Unconstrained build operations Thread 12" [_thread_blocked, id=7676, stack(0x000000f968300000,0x000000f968400000)]
  0x000002217abe84b0 JavaThread "Unconstrained build operations Thread 13" [_thread_blocked, id=3084, stack(0x000000f968400000,0x000000f968500000)]
  0x000002217abeab30 JavaThread "Unconstrained build operations Thread 14" [_thread_blocked, id=12036, stack(0x000000f968500000,0x000000f968600000)]
  0x000002217abe6300 JavaThread "Unconstrained build operations Thread 15" [_thread_blocked, id=17528, stack(0x000000f968600000,0x000000f968700000)]
  0x000002217abea660 JavaThread "Unconstrained build operations Thread 16" [_thread_blocked, id=3552, stack(0x000000f968700000,0x000000f968800000)]
  0x000002217abeb000 JavaThread "Unconstrained build operations Thread 17" [_thread_blocked, id=6036, stack(0x000000f968800000,0x000000f968900000)]
  0x000002217abe6ca0 JavaThread "Unconstrained build operations Thread 18" [_thread_blocked, id=9624, stack(0x000000f968900000,0x000000f968a00000)]
  0x000002217abe8e50 JavaThread "Unconstrained build operations Thread 19" [_thread_blocked, id=18228, stack(0x000000f968a00000,0x000000f968b00000)]
  0x000002217c3f4a20 JavaThread "Unconstrained build operations Thread 20" [_thread_blocked, id=16524, stack(0x000000f968b00000,0x000000f968c00000)]
  0x000002217c3f4ef0 JavaThread "Unconstrained build operations Thread 21" [_thread_blocked, id=2012, stack(0x000000f968c00000,0x000000f968d00000)]
  0x000002217c3f4080 JavaThread "Unconstrained build operations Thread 22" [_thread_blocked, id=12580, stack(0x000000f968d00000,0x000000f968e00000)]
  0x000002217c3f6700 JavaThread "Unconstrained build operations Thread 23" [_thread_blocked, id=4536, stack(0x000000f968e00000,0x000000f968f00000)]
  0x000002217c3f53c0 JavaThread "Unconstrained build operations Thread 24" [_thread_blocked, id=18216, stack(0x000000f968f00000,0x000000f969000000)]
  0x000002217c3f5890 JavaThread "Unconstrained build operations Thread 25" [_thread_blocked, id=18128, stack(0x000000f969000000,0x000000f969100000)]
  0x000002217c3f1ed0 JavaThread "Unconstrained build operations Thread 26" [_thread_blocked, id=15756, stack(0x000000f969100000,0x000000f969200000)]
  0x000002217c3f7570 JavaThread "Unconstrained build operations Thread 27" [_thread_blocked, id=13364, stack(0x000000f969200000,0x000000f969300000)]
  0x000002217c3f5d60 JavaThread "Unconstrained build operations Thread 28" [_thread_blocked, id=16220, stack(0x000000f969300000,0x000000f969400000)]
  0x000002217c3f3210 JavaThread "Unconstrained build operations Thread 29" [_thread_blocked, id=15156, stack(0x000000f969400000,0x000000f969500000)]
  0x000002217c3f4550 JavaThread "Unconstrained build operations Thread 30" [_thread_blocked, id=17736, stack(0x000000f969500000,0x000000f969600000)]
  0x000002217c3f6bd0 JavaThread "Unconstrained build operations Thread 31" [_thread_blocked, id=5276, stack(0x000000f969600000,0x000000f969700000)]
  0x000002217c3f7a40 JavaThread "Unconstrained build operations Thread 32" [_thread_blocked, id=3636, stack(0x000000f969700000,0x000000f969800000)]
  0x000002217c3f23a0 JavaThread "Unconstrained build operations Thread 33" [_thread_blocked, id=3660, stack(0x000000f969800000,0x000000f969900000)]
  0x000002217c3f2870 JavaThread "Unconstrained build operations Thread 34" [_thread_blocked, id=13092, stack(0x000000f969900000,0x000000f969a00000)]
  0x000002217c3f36e0 JavaThread "Unconstrained build operations Thread 35" [_thread_blocked, id=5704, stack(0x000000f969a00000,0x000000f969b00000)]
  0x000002217d395b90 JavaThread "Unconstrained build operations Thread 36" [_thread_blocked, id=3220, stack(0x000000f969b00000,0x000000f969c00000)]
  0x000002217d399550 JavaThread "Unconstrained build operations Thread 37" [_thread_blocked, id=7564, stack(0x000000f969c00000,0x000000f969d00000)]
  0x000002217d3921d0 JavaThread "Unconstrained build operations Thread 38" [_thread_blocked, id=4336, stack(0x000000f969d00000,0x000000f969e00000)]
  0x000002217d3926a0 JavaThread "Unconstrained build operations Thread 39" [_thread_blocked, id=1628, stack(0x000000f969e00000,0x000000f969f00000)]
  0x000002217d3939e0 JavaThread "Unconstrained build operations Thread 40" [_thread_blocked, id=9224, stack(0x000000f969f00000,0x000000f96a000000)]
  0x000002217d3951f0 JavaThread "Unconstrained build operations Thread 41" [_thread_blocked, id=11760, stack(0x000000f96a000000,0x000000f96a100000)]
  0x000002217d393040 JavaThread "Unconstrained build operations Thread 42" [_thread_blocked, id=4532, stack(0x000000f96a100000,0x000000f96a200000)]
  0x000002217d396060 JavaThread "Unconstrained build operations Thread 43" [_thread_blocked, id=15700, stack(0x000000f96a200000,0x000000f96a300000)]
  0x000002217d396530 JavaThread "Unconstrained build operations Thread 44" [_thread_blocked, id=7388, stack(0x000000f96a300000,0x000000f96a400000)]
  0x000002217d3973a0 JavaThread "Unconstrained build operations Thread 45" [_thread_blocked, id=16600, stack(0x000000f96a400000,0x000000f96a500000)]
  0x000002217d397870 JavaThread "Unconstrained build operations Thread 46" [_thread_blocked, id=7588, stack(0x000000f96a500000,0x000000f96a600000)]
  0x000002217d3986e0 JavaThread "Unconstrained build operations Thread 47" [_thread_blocked, id=2860, stack(0x000000f96a600000,0x000000f96a700000)]
  0x0000022179c13b10 JavaThread "Unconstrained build operations Thread 48" [_thread_blocked, id=17836, stack(0x000000f96a700000,0x000000f96a800000)]
  0x0000022179c14980 JavaThread "Unconstrained build operations Thread 49" [_thread_blocked, id=12064, stack(0x000000f96a800000,0x000000f96a900000)]
  0x0000022179c11960 JavaThread "Unconstrained build operations Thread 50" [_thread_blocked, id=15764, stack(0x000000f96a900000,0x000000f96aa00000)]
  0x0000022179c127d0 JavaThread "Unconstrained build operations Thread 51" [_thread_blocked, id=13520, stack(0x000000f96aa00000,0x000000f96ab00000)]
  0x0000022179c13170 JavaThread "Unconstrained build operations Thread 52" [_thread_blocked, id=3492, stack(0x000000f96ab00000,0x000000f96ac00000)]
  0x0000022179c13640 JavaThread "Unconstrained build operations Thread 53" [_thread_blocked, id=18144, stack(0x000000f96ac00000,0x000000f96ad00000)]
  0x0000022179e617f0 JavaThread "Unconstrained build operations Thread 54" [_thread_blocked, id=936, stack(0x000000f96ad00000,0x000000f96ae00000)]
  0x0000022179e63000 JavaThread "Unconstrained build operations Thread 55" [_thread_blocked, id=16168, stack(0x000000f96ae00000,0x000000f96af00000)]
  0x0000022179e669c0 JavaThread "Unconstrained build operations Thread 56" [_thread_blocked, id=3280, stack(0x000000f96af00000,0x000000f96b000000)]
  0x0000022179e64810 JavaThread "Unconstrained build operations Thread 57" [_thread_blocked, id=17048, stack(0x000000f96b000000,0x000000f96b100000)]
  0x0000022179e67360 JavaThread "Unconstrained build operations Thread 58" [_thread_blocked, id=17668, stack(0x000000f96b100000,0x000000f96b200000)]
  0x0000022179e65680 JavaThread "Unconstrained build operations Thread 59" [_thread_blocked, id=8704, stack(0x000000f96b200000,0x000000f96b300000)]
  0x0000022179e60980 JavaThread "Unconstrained build operations Thread 60" [_thread_blocked, id=6264, stack(0x000000f96b300000,0x000000f96b400000)]
  0x0000022179e604b0 JavaThread "Unconstrained build operations Thread 61" [_thread_blocked, id=16336, stack(0x000000f96b400000,0x000000f96b500000)]
  0x0000022179e67830 JavaThread "Unconstrained build operations Thread 62" [_thread_blocked, id=15296, stack(0x000000f96b500000,0x000000f96b600000)]
  0x0000022179e61cc0 JavaThread "Unconstrained build operations Thread 63" [_thread_blocked, id=2400, stack(0x000000f96b600000,0x000000f96b700000)]
  0x0000022179e64ce0 JavaThread "Unconstrained build operations Thread 64" [_thread_blocked, id=3112, stack(0x000000f96b700000,0x000000f96b800000)]
  0x0000022179e64340 JavaThread "Unconstrained build operations Thread 65" [_thread_blocked, id=13756, stack(0x000000f96b800000,0x000000f96b900000)]
  0x0000022179e60e50 JavaThread "Unconstrained build operations Thread 66" [_thread_blocked, id=17596, stack(0x000000f96b900000,0x000000f96ba00000)]
  0x0000022179e63e70 JavaThread "Unconstrained build operations Thread 67" [_thread_blocked, id=5024, stack(0x000000f96ba00000,0x000000f96bb00000)]
  0x0000022179e66020 JavaThread "Unconstrained build operations Thread 68" [_thread_blocked, id=10072, stack(0x000000f96bb00000,0x000000f96bc00000)]
  0x0000022179e61320 JavaThread "Unconstrained build operations Thread 69" [_thread_blocked, id=4976, stack(0x000000f96bc00000,0x000000f96bd00000)]
  0x0000022179e62190 JavaThread "Unconstrained build operations Thread 70" [_thread_blocked, id=16216, stack(0x000000f96bd00000,0x000000f96be00000)]
  0x0000022179e651b0 JavaThread "Unconstrained build operations Thread 71" [_thread_blocked, id=14172, stack(0x000000f96be00000,0x000000f96bf00000)]
  0x0000022179e664f0 JavaThread "Unconstrained build operations Thread 72" [_thread_blocked, id=16636, stack(0x000000f96bf00000,0x000000f96c000000)]
  0x0000022179e62660 JavaThread "Unconstrained build operations Thread 73" [_thread_blocked, id=16724, stack(0x000000f96c000000,0x000000f96c100000)]
  0x0000022179e65b50 JavaThread "Unconstrained build operations Thread 74" [_thread_blocked, id=10032, stack(0x000000f96c100000,0x000000f96c200000)]
  0x0000022179e66e90 JavaThread "Unconstrained build operations Thread 75" [_thread_blocked, id=11800, stack(0x000000f96c200000,0x000000f96c300000)]
  0x0000022179e62b30 JavaThread "Unconstrained build operations Thread 76" [_thread_blocked, id=13664, stack(0x000000f96c300000,0x000000f96c400000)]
  0x0000022179e5ffe0 JavaThread "Unconstrained build operations Thread 77" [_thread_blocked, id=16944, stack(0x000000f96c400000,0x000000f96c500000)]
  0x0000022179e639a0 JavaThread "Unconstrained build operations Thread 78" [_thread_blocked, id=6688, stack(0x000000f96c500000,0x000000f96c600000)]
  0x0000022179e634d0 JavaThread "Unconstrained build operations Thread 79" [_thread_blocked, id=14908, stack(0x000000f96c600000,0x000000f96c700000)]
  0x000002217ade8b40 JavaThread "Unconstrained build operations Thread 80" [_thread_blocked, id=10224, stack(0x000000f96c700000,0x000000f96c800000)]
  0x000002217ade3970 JavaThread "build event listener" [_thread_blocked, id=10432, stack(0x000000f96c800000,0x000000f96c900000)]
  0x000002217ade34a0 JavaThread "build event listener" [_thread_blocked, id=10876, stack(0x000000f96c900000,0x000000f96ca00000)]
  0x000002217ade7800 JavaThread "pool-6-thread-1" [_thread_blocked, id=14220, stack(0x000000f96ca00000,0x000000f96cb00000)]
  0x000002217ade7cd0 JavaThread "build event listener" [_thread_blocked, id=11328, stack(0x000000f96d000000,0x000000f96d100000)]
  0x000002217ade5180 JavaThread "included builds" [_thread_blocked, id=1160, stack(0x000000f96d200000,0x000000f96d300000)]
  0x000002217adea350 JavaThread "Execution worker" [_thread_blocked, id=13612, stack(0x000000f96d300000,0x000000f96d400000)]
  0x000002217ade64c0 JavaThread "Execution worker Thread 2" [_thread_blocked, id=2632, stack(0x000000f96d400000,0x000000f96d500000)]
  0x000002217ade81a0 JavaThread "Execution worker Thread 3" [_thread_blocked, id=17704, stack(0x000000f96d600000,0x000000f96d700000)]
  0x000002217adea820 JavaThread "Execution worker Thread 4" [_thread_blocked, id=16892, stack(0x000000f96d700000,0x000000f96d800000)]
  0x000002217ade5650 JavaThread "Execution worker Thread 5" [_thread_blocked, id=5668, stack(0x000000f96d800000,0x000000f96d900000)]
  0x000002217ade3e40 JavaThread "Execution worker Thread 6" [_thread_blocked, id=17896, stack(0x000000f96d900000,0x000000f96da00000)]
  0x000002217ade6990 JavaThread "Execution worker Thread 7" [_thread_blocked, id=2020, stack(0x000000f96da00000,0x000000f96db00000)]
  0x000002217ade6e60 JavaThread "Cache worker for execution history cache (C:\Users\amrhi\AndroidStudioProjects\Important Projects\UncleJacks\.gradle\7.5\executionHistory)" [_thread_blocked, id=12096, stack(0x000000f96db00000,0x000000f96dc00000)]
  0x000002217ade94e0 JavaThread "WorkerExecutor Queue" [_thread_blocked, id=5452, stack(0x000000f96dc00000,0x000000f96dd00000)]
  0x000002217c3f3bb0 JavaThread "RMI Scheduler(0)" daemon [_thread_blocked, id=2908, stack(0x000000f96dd00000,0x000000f96de00000)]
  0x000002217be41300 JavaThread "RMI GC Daemon" daemon [_thread_blocked, id=8472, stack(0x000000f96df00000,0x000000f96e000000)]
  0x000002217be46e70 JavaThread "RMI TCP Accept-0" daemon [_thread_in_native, id=12008, stack(0x000000f96e000000,0x000000f96e100000)]
  0x000002217be464d0 JavaThread "RMI Reaper" [_thread_blocked, id=14676, stack(0x000000f96e100000,0x000000f96e200000)]
  0x000002217be41ca0 JavaThread "RMI TCP Connection(idle)" daemon [_thread_blocked, id=7204, stack(0x000000f96e200000,0x000000f96e300000)]
  0x000002217be417d0 JavaThread "WorkerExecutor Queue Thread 2" [_thread_blocked, id=18204, stack(0x000000f96e300000,0x000000f96e400000)]
  0x000002217be43e50 JavaThread "RMI TCP Connection(idle)" daemon [_thread_blocked, id=14224, stack(0x000000f96e500000,0x000000f96e600000)]
  0x000002217be42640 JavaThread "RMI TCP Connection(idle)" daemon [_thread_blocked, id=17656, stack(0x000000f96e600000,0x000000f96e700000)]
  0x000002217be42b10 JavaThread "Cache worker for Java compile cache (C:\Users\amrhi\.gradle\caches\7.5\javaCompile)" [_thread_blocked, id=3968, stack(0x000000f96e700000,0x000000f96e800000)]
  0x000002217be43980 JavaThread "Build operations" [_thread_blocked, id=4844, stack(0x000000f96e800000,0x000000f96e900000)]
  0x000002217be44cc0 JavaThread "Build operations Thread 2" [_thread_blocked, id=13948, stack(0x000000f96e900000,0x000000f96ea00000)]
  0x000002217be434b0 JavaThread "Build operations Thread 3" [_thread_blocked, id=2040, stack(0x000000f96ea00000,0x000000f96eb00000)]
  0x000002217be42fe0 JavaThread "Build operations Thread 4" [_thread_blocked, id=8296, stack(0x000000f96eb00000,0x000000f96ec00000)]
  0x000002217be44320 JavaThread "Build operations Thread 5" [_thread_blocked, id=4516, stack(0x000000f96ec00000,0x000000f96ed00000)]
  0x000002217be46000 JavaThread "Build operations Thread 6" [_thread_blocked, id=1460, stack(0x000000f96ed00000,0x000000f96ee00000)]
  0x000002217be447f0 JavaThread "Build operations Thread 7" [_thread_blocked, id=13636, stack(0x000000f96ee00000,0x000000f96ef00000)]
  0x000002217be45190 JavaThread "Build operations Thread 8" [_thread_blocked, id=3376, stack(0x000000f96ef00000,0x000000f96f000000)]
  0x000002217d1f1980 JavaThread "WorkerExecutor Queue Thread 3" [_thread_blocked, id=17016, stack(0x000000f966200000,0x000000f966300000)]
  0x000002217d1f1e50 JavaThread "WorkerExecutor Queue Thread 4" [_thread_blocked, id=14576, stack(0x000000f96de00000,0x000000f96df00000)]
  0x000002217ee3ca90 JavaThread "WorkerExecutor Queue Thread 5" [_thread_blocked, id=14060, stack(0x000000f96e400000,0x000000f96e500000)]
  0x000002217ee3cf60 JavaThread "WorkerExecutor Queue Thread 6" [_thread_blocked, id=16664, stack(0x000000f96f000000,0x000000f96f100000)]
  0x000002217f919010 JavaThread "WorkerExecutor Queue Thread 7" [_thread_blocked, id=14320, stack(0x000000f96f100000,0x000000f96f200000)]
  0x000002217ab296e0 JavaThread "WorkerExecutor Queue Thread 8" [_thread_blocked, id=18356, stack(0x000000f96f200000,0x000000f96f300000)]

Other Threads:
=>0x0000022174183950 VMThread "VM Thread" [stack: 0x000000f964c00000,0x000000f964d00000] [id=14444]
  0x00000221784bb450 WatcherThread "VM Periodic Task Thread" [stack: 0x000000f965800000,0x000000f965900000] [id=3984]
  0x0000022155d08b90 WorkerThread "GC Thread#0" [stack: 0x000000f964700000,0x000000f964800000] [id=4372]
  0x0000022178d65ee0 WorkerThread "GC Thread#1" [stack: 0x000000f965900000,0x000000f965a00000] [id=13468]
  0x0000022178d81110 WorkerThread "GC Thread#2" [stack: 0x000000f965a00000,0x000000f965b00000] [id=16604]
  0x0000022178d813b0 WorkerThread "GC Thread#3" [stack: 0x000000f965b00000,0x000000f965c00000] [id=4364]
  0x00000221796fd9c0 WorkerThread "GC Thread#4" [stack: 0x000000f965c00000,0x000000f965d00000] [id=1812]
  0x000002217b98a020 WorkerThread "GC Thread#5" [stack: 0x000000f966a00000,0x000000f966b00000] [id=4104]
  0x000002217b989d80 WorkerThread "GC Thread#6" [stack: 0x000000f966b00000,0x000000f966c00000] [id=2036]
  0x000002217b989060 WorkerThread "GC Thread#7" [stack: 0x000000f966c00000,0x000000f966d00000] [id=10688]
  0x0000022155d19960 ConcurrentGCThread "G1 Main Marker" [stack: 0x000000f964800000,0x000000f964900000] [id=13788]
  0x0000022155d1a990 WorkerThread "G1 Conc#0" [stack: 0x000000f964900000,0x000000f964a00000] [id=16344]
  0x000002217b989300 WorkerThread "G1 Conc#1" [stack: 0x000000f967200000,0x000000f967300000] [id=13292]
  0x0000022155d5d770 ConcurrentGCThread "G1 Refine#0" [stack: 0x000000f964a00000,0x000000f964b00000] [id=2584]
  0x0000022155d5df20 ConcurrentGCThread "G1 Service" [stack: 0x000000f964b00000,0x000000f964c00000] [id=14008]

Threads with active compile tasks:

VM state: at safepoint (normal execution)

VM Mutex/Monitor currently owned by a thread:  ([mutex/lock_event])
[0x0000022155ca58c0] Threads_lock - owner thread: 0x0000022174183950
[0x0000022155ca5950] Heap_lock - owner thread: 0x000002217ade81a0

Heap address: 0x0000000080000000, size: 2048 MB, Compressed Oops mode: 32-bit

CDS archive(s) mapped at: [0x0000000800000000-0x0000000800ba0000-0x0000000800ba0000), size 12189696, SharedBaseAddress: 0x0000000800000000, ArchiveRelocationMode: 0.
Compressed class space mapped at: 0x0000000800c00000-0x0000000840c00000, reserved size: 1073741824
Narrow klass base: 0x0000000800000000, Narrow klass shift: 0, Narrow klass range: 0x100000000

GC Precious Log:
 CardTable entry size: 512
 Card Set container configuration: InlinePtr #cards 5 size 8 Array Of Cards #cards 12 size 40 Howl #buckets 4 coarsen threshold 1843 Howl Bitmap #cards 512 size 80 coarsen threshold 460 Card regions per heap region 1 cards per card region 2048
 CPUs: 8 total, 8 available
 Memory: 7886M
 Large Page Support: Disabled
 NUMA Support: Disabled
 Compressed Oops: Enabled (32-bit)
 Heap Region Size: 1M
 Heap Min Capacity: 8M
 Heap Initial Capacity: 124M
 Heap Max Capacity: 2G
 Pre-touch: Disabled
 Parallel Workers: 8
 Concurrent Workers: 2
 Concurrent Refinement Workers: 8
 Periodic GC: Disabled

Heap:
 garbage-first heap   total 449536K, used 237988K [0x0000000080000000, 0x0000000100000000)
  region size 1024K, 8 young (8192K), 8 survivors (8192K)
 Metaspace       used 139449K, committed 141632K, reserved 1179648K
  class space    used 18388K, committed 19520K, reserved 1048576K

Heap Regions: E=young(eden), S=young(survivor), O=old, HS=humongous(starts), HC=humongous(continues), CS=collection set, F=free, OA=open archive, CA=closed archive, TAMS=top-at-mark-start (previous, next)
|   0|0x0000000080000000, 0x0000000080100000, 0x0000000080100000|100%| O|  |TAMS 0x0000000080100000, 0x0000000080100000| Untracked 
|   1|0x0000000080100000, 0x0000000080200000, 0x0000000080200000|100%| O|  |TAMS 0x0000000080200000, 0x0000000080200000| Untracked 
|   2|0x0000000080200000, 0x0000000080300000, 0x0000000080300000|100%| O|  |TAMS 0x0000000080300000, 0x0000000080300000| Untracked 
|   3|0x0000000080300000, 0x0000000080400000, 0x0000000080400000|100%|HS|  |TAMS 0x0000000080400000, 0x0000000080400000| Complete 
|   4|0x0000000080400000, 0x0000000080500000, 0x0000000080500000|100%|HC|  |TAMS 0x0000000080500000, 0x0000000080500000| Complete 
|   5|0x0000000080500000, 0x0000000080600000, 0x0000000080600000|100%|HC|  |TAMS 0x0000000080600000, 0x0000000080600000| Complete 
|   6|0x0000000080600000, 0x0000000080700000, 0x0000000080700000|100%| O|  |TAMS 0x0000000080700000, 0x0000000080700000| Untracked 
|   7|0x0000000080700000, 0x0000000080800000, 0x0000000080800000|100%| O|  |TAMS 0x0000000080800000, 0x0000000080800000| Untracked 
|   8|0x0000000080800000, 0x0000000080900000, 0x0000000080900000|100%| O|  |TAMS 0x0000000080900000, 0x0000000080900000| Untracked 
|   9|0x0000000080900000, 0x0000000080a00000, 0x0000000080a00000|100%| O|  |TAMS 0x0000000080a00000, 0x0000000080a00000| Untracked 
|  10|0x0000000080a00000, 0x0000000080b00000, 0x0000000080b00000|100%| O|  |TAMS 0x0000000080b00000, 0x0000000080b00000| Untracked 
|  11|0x0000000080b00000, 0x0000000080c00000, 0x0000000080c00000|100%| O|  |TAMS 0x0000000080c00000, 0x0000000080c00000| Untracked 
|  12|0x0000000080c00000, 0x0000000080d00000, 0x0000000080d00000|100%| O|  |TAMS 0x0000000080d00000, 0x0000000080d00000| Untracked 
|  13|0x0000000080d00000, 0x0000000080e00000, 0x0000000080e00000|100%| O|  |TAMS 0x0000000080e00000, 0x0000000080e00000| Untracked 
|  14|0x0000000080e00000, 0x0000000080f00000, 0x0000000080f00000|100%| O|  |TAMS 0x0000000080f00000, 0x0000000080f00000| Untracked 
|  15|0x0000000080f00000, 0x0000000081000000, 0x0000000081000000|100%| O|  |TAMS 0x0000000081000000, 0x0000000081000000| Untracked 
|  16|0x0000000081000000, 0x0000000081100000, 0x0000000081100000|100%| O|  |TAMS 0x0000000081100000, 0x0000000081100000| Untracked 
|  17|0x0000000081100000, 0x0000000081200000, 0x0000000081200000|100%| O|  |TAMS 0x0000000081200000, 0x0000000081200000| Untracked 
|  18|0x0000000081200000, 0x0000000081300000, 0x0000000081300000|100%| O|  |TAMS 0x0000000081300000, 0x0000000081300000| Untracked 
|  19|0x0000000081300000, 0x0000000081400000, 0x0000000081400000|100%| O|  |TAMS 0x0000000081400000, 0x0000000081400000| Untracked 
|  20|0x0000000081400000, 0x0000000081500000, 0x0000000081500000|100%| O|  |TAMS 0x0000000081500000, 0x0000000081500000| Untracked 
|  21|0x0000000081500000, 0x0000000081600000, 0x0000000081600000|100%| O|  |TAMS 0x0000000081600000, 0x0000000081600000| Untracked 
|  22|0x0000000081600000, 0x0000000081700000, 0x0000000081700000|100%| O|  |TAMS 0x0000000081700000, 0x0000000081700000| Untracked 
|  23|0x0000000081700000, 0x0000000081700000, 0x0000000081800000|  0%| F|  |TAMS 0x0000000081700000, 0x0000000081700000| Untracked 
|  24|0x0000000081800000, 0x0000000081900000, 0x0000000081900000|100%| O|  |TAMS 0x0000000081900000, 0x0000000081900000| Untracked 
|  25|0x0000000081900000, 0x0000000081a00000, 0x0000000081a00000|100%| O|  |TAMS 0x0000000081a00000, 0x0000000081a00000| Untracked 
|  26|0x0000000081a00000, 0x0000000081b00000, 0x0000000081b00000|100%| O|  |TAMS 0x0000000081b00000, 0x0000000081b00000| Untracked 
|  27|0x0000000081b00000, 0x0000000081c00000, 0x0000000081c00000|100%| O|  |TAMS 0x0000000081c00000, 0x0000000081c00000| Untracked 
|  28|0x0000000081c00000, 0x0000000081d00000, 0x0000000081d00000|100%| O|  |TAMS 0x0000000081d00000, 0x0000000081d00000| Untracked 
|  29|0x0000000081d00000, 0x0000000081e00000, 0x0000000081e00000|100%| O|  |TAMS 0x0000000081e00000, 0x0000000081e00000| Untracked 
|  30|0x0000000081e00000, 0x0000000081f00000, 0x0000000081f00000|100%| O|  |TAMS 0x0000000081f00000, 0x0000000081f00000| Untracked 
|  31|0x0000000081f00000, 0x0000000082000000, 0x0000000082000000|100%| O|  |TAMS 0x0000000082000000, 0x0000000082000000| Untracked 
|  32|0x0000000082000000, 0x0000000082100000, 0x0000000082100000|100%| O|  |TAMS 0x0000000082100000, 0x0000000082100000| Untracked 
|  33|0x0000000082100000, 0x0000000082200000, 0x0000000082200000|100%| O|  |TAMS 0x0000000082200000, 0x0000000082200000| Untracked 
|  34|0x0000000082200000, 0x0000000082300000, 0x0000000082300000|100%| O|  |TAMS 0x0000000082300000, 0x0000000082300000| Untracked 
|  35|0x0000000082300000, 0x0000000082400000, 0x0000000082400000|100%| O|  |TAMS 0x0000000082400000, 0x0000000082400000| Untracked 
|  36|0x0000000082400000, 0x0000000082500000, 0x0000000082500000|100%| O|  |TAMS 0x0000000082500000, 0x0000000082500000| Untracked 
|  37|0x0000000082500000, 0x0000000082600000, 0x0000000082600000|100%| O|  |TAMS 0x0000000082600000, 0x0000000082600000| Untracked 
|  38|0x0000000082600000, 0x0000000082700000, 0x0000000082700000|100%|HS|  |TAMS 0x0000000082700000, 0x0000000082700000| Complete 
|  39|0x0000000082700000, 0x0000000082800000, 0x0000000082800000|100%| O|  |TAMS 0x0000000082800000, 0x0000000082800000| Untracked 
|  40|0x0000000082800000, 0x0000000082900000, 0x0000000082900000|100%| O|  |TAMS 0x0000000082900000, 0x0000000082900000| Untracked 
|  41|0x0000000082900000, 0x0000000082a00000, 0x0000000082a00000|100%| O|  |TAMS 0x0000000082a00000, 0x0000000082a00000| Untracked 
|  42|0x0000000082a00000, 0x0000000082b00000, 0x0000000082b00000|100%|HS|  |TAMS 0x0000000082b00000, 0x0000000082b00000| Complete 
|  43|0x0000000082b00000, 0x0000000082c00000, 0x0000000082c00000|100%|HC|  |TAMS 0x0000000082c00000, 0x0000000082c00000| Complete 
|  44|0x0000000082c00000, 0x0000000082d00000, 0x0000000082d00000|100%|HS|  |TAMS 0x0000000082d00000, 0x0000000082d00000| Complete 
|  45|0x0000000082d00000, 0x0000000082e00000, 0x0000000082e00000|100%|HS|  |TAMS 0x0000000082e00000, 0x0000000082e00000| Complete 
|  46|0x0000000082e00000, 0x0000000082f00000, 0x0000000082f00000|100%|HS|  |TAMS 0x0000000082f00000, 0x0000000082f00000| Complete 
|  47|0x0000000082f00000, 0x0000000083000000, 0x0000000083000000|100%|HC|  |TAMS 0x0000000083000000, 0x0000000083000000| Complete 
|  48|0x0000000083000000, 0x0000000083100000, 0x0000000083100000|100%|HC|  |TAMS 0x0000000083100000, 0x0000000083100000| Complete 
|  49|0x0000000083100000, 0x0000000083200000, 0x0000000083200000|100%| O|  |TAMS 0x0000000083200000, 0x0000000083200000| Untracked 
|  50|0x0000000083200000, 0x0000000083300000, 0x0000000083300000|100%|HS|  |TAMS 0x0000000083300000, 0x0000000083300000| Complete 
|  51|0x0000000083300000, 0x0000000083400000, 0x0000000083400000|100%| O|  |TAMS 0x0000000083400000, 0x0000000083400000| Untracked 
|  52|0x0000000083400000, 0x0000000083500000, 0x0000000083500000|100%| O|  |TAMS 0x0000000083500000, 0x0000000083500000| Untracked 
|  53|0x0000000083500000, 0x0000000083600000, 0x0000000083600000|100%| O|  |TAMS 0x0000000083600000, 0x0000000083600000| Untracked 
|  54|0x0000000083600000, 0x0000000083700000, 0x0000000083700000|100%| O|  |TAMS 0x0000000083700000, 0x0000000083700000| Untracked 
|  55|0x0000000083700000, 0x0000000083800000, 0x0000000083800000|100%| O|  |TAMS 0x0000000083800000, 0x0000000083800000| Untracked 
|  56|0x0000000083800000, 0x0000000083900000, 0x0000000083900000|100%| O|  |TAMS 0x0000000083900000, 0x0000000083900000| Untracked 
|  57|0x0000000083900000, 0x0000000083a00000, 0x0000000083a00000|100%| O|  |TAMS 0x0000000083a00000, 0x0000000083a00000| Untracked 
|  58|0x0000000083a00000, 0x0000000083b00000, 0x0000000083b00000|100%| O|  |TAMS 0x0000000083b00000, 0x0000000083b00000| Untracked 
|  59|0x0000000083b00000, 0x0000000083c00000, 0x0000000083c00000|100%| O|  |TAMS 0x0000000083c00000, 0x0000000083c00000| Untracked 
|  60|0x0000000083c00000, 0x0000000083d00000, 0x0000000083d00000|100%| O|  |TAMS 0x0000000083d00000, 0x0000000083d00000| Untracked 
|  61|0x0000000083d00000, 0x0000000083e00000, 0x0000000083e00000|100%| O|  |TAMS 0x0000000083e00000, 0x0000000083e00000| Untracked 
|  62|0x0000000083e00000, 0x0000000083f00000, 0x0000000083f00000|100%| O|  |TAMS 0x0000000083f00000, 0x0000000083f00000| Untracked 
|  63|0x0000000083f00000, 0x0000000084000000, 0x0000000084000000|100%| O|  |TAMS 0x0000000084000000, 0x0000000084000000| Untracked 
|  64|0x0000000084000000, 0x0000000084100000, 0x0000000084100000|100%| O|  |TAMS 0x0000000084100000, 0x0000000084100000| Untracked 
|  65|0x0000000084100000, 0x0000000084200000, 0x0000000084200000|100%| O|  |TAMS 0x0000000084200000, 0x0000000084200000| Untracked 
|  66|0x0000000084200000, 0x0000000084300000, 0x0000000084300000|100%| O|  |TAMS 0x0000000084300000, 0x0000000084300000| Untracked 
|  67|0x0000000084300000, 0x0000000084400000, 0x0000000084400000|100%| O|  |TAMS 0x0000000084400000, 0x0000000084400000| Untracked 
|  68|0x0000000084400000, 0x0000000084400000, 0x0000000084500000|  0%| F|  |TAMS 0x0000000084400000, 0x0000000084400000| Untracked 
|  69|0x0000000084500000, 0x0000000084600000, 0x0000000084600000|100%| O|  |TAMS 0x0000000084600000, 0x0000000084600000| Untracked 
|  70|0x0000000084600000, 0x0000000084700000, 0x0000000084700000|100%| O|  |TAMS 0x0000000084700000, 0x0000000084700000| Untracked 
|  71|0x0000000084700000, 0x0000000084800000, 0x0000000084800000|100%| O|  |TAMS 0x0000000084800000, 0x0000000084800000| Untracked 
|  72|0x0000000084800000, 0x0000000084900000, 0x0000000084900000|100%| O|  |TAMS 0x0000000084900000, 0x0000000084900000| Untracked 
|  73|0x0000000084900000, 0x0000000084a00000, 0x0000000084a00000|100%| O|  |TAMS 0x0000000084a00000, 0x0000000084a00000| Untracked 
|  74|0x0000000084a00000, 0x0000000084b00000, 0x0000000084b00000|100%| O|  |TAMS 0x0000000084a00000, 0x0000000084b00000| Untracked 
|  75|0x0000000084b00000, 0x0000000084c00000, 0x0000000084c00000|100%| O|  |TAMS 0x0000000084c00000, 0x0000000084c00000| Untracked 
|  76|0x0000000084c00000, 0x0000000084c00000, 0x0000000084d00000|  0%| F|  |TAMS 0x0000000084c00000, 0x0000000084c00000| Untracked 
|  77|0x0000000084d00000, 0x0000000084e00000, 0x0000000084e00000|100%| O|  |TAMS 0x0000000084e00000, 0x0000000084e00000| Untracked 
|  78|0x0000000084e00000, 0x0000000084f00000, 0x0000000084f00000|100%| O|  |TAMS 0x0000000084f00000, 0x0000000084f00000| Untracked 
|  79|0x0000000084f00000, 0x0000000085000000, 0x0000000085000000|100%| O|  |TAMS 0x0000000085000000, 0x0000000085000000| Untracked 
|  80|0x0000000085000000, 0x0000000085100000, 0x0000000085100000|100%| O|  |TAMS 0x0000000085100000, 0x0000000085100000| Untracked 
|  81|0x0000000085100000, 0x0000000085200000, 0x0000000085200000|100%| O|  |TAMS 0x0000000085200000, 0x0000000085200000| Untracked 
|  82|0x0000000085200000, 0x0000000085300000, 0x0000000085300000|100%| O|  |TAMS 0x0000000085300000, 0x0000000085300000| Untracked 
|  83|0x0000000085300000, 0x0000000085400000, 0x0000000085400000|100%| O|  |TAMS 0x0000000085400000, 0x0000000085400000| Untracked 
|  84|0x0000000085400000, 0x0000000085500000, 0x0000000085500000|100%| O|  |TAMS 0x0000000085500000, 0x0000000085500000| Untracked 
|  85|0x0000000085500000, 0x0000000085600000, 0x0000000085600000|100%| O|  |TAMS 0x0000000085600000, 0x0000000085600000| Untracked 
|  86|0x0000000085600000, 0x0000000085700000, 0x0000000085700000|100%| O|  |TAMS 0x0000000085700000, 0x0000000085700000| Untracked 
|  87|0x0000000085700000, 0x0000000085800000, 0x0000000085800000|100%| O|  |TAMS 0x0000000085800000, 0x0000000085800000| Untracked 
|  88|0x0000000085800000, 0x0000000085900000, 0x0000000085900000|100%| O|  |TAMS 0x0000000085900000, 0x0000000085900000| Untracked 
|  89|0x0000000085900000, 0x0000000085a00000, 0x0000000085a00000|100%|HS|  |TAMS 0x0000000085a00000, 0x0000000085a00000| Complete 
|  90|0x0000000085a00000, 0x0000000085b00000, 0x0000000085b00000|100%|HC|  |TAMS 0x0000000085b00000, 0x0000000085b00000| Complete 
|  91|0x0000000085b00000, 0x0000000085c00000, 0x0000000085c00000|100%| O|  |TAMS 0x0000000085c00000, 0x0000000085c00000| Untracked 
|  92|0x0000000085c00000, 0x0000000085d00000, 0x0000000085d00000|100%| O|  |TAMS 0x0000000085d00000, 0x0000000085d00000| Untracked 
|  93|0x0000000085d00000, 0x0000000085e00000, 0x0000000085e00000|100%| O|  |TAMS 0x0000000085e00000, 0x0000000085e00000| Untracked 
|  94|0x0000000085e00000, 0x0000000085f00000, 0x0000000085f00000|100%| O|  |TAMS 0x0000000085f00000, 0x0000000085f00000| Untracked 
|  95|0x0000000085f00000, 0x0000000086000000, 0x0000000086000000|100%| O|  |TAMS 0x0000000086000000, 0x0000000086000000| Untracked 
|  96|0x0000000086000000, 0x0000000086100000, 0x0000000086100000|100%| O|  |TAMS 0x0000000086100000, 0x0000000086100000| Untracked 
|  97|0x0000000086100000, 0x0000000086200000, 0x0000000086200000|100%| O|  |TAMS 0x0000000086200000, 0x0000000086200000| Untracked 
|  98|0x0000000086200000, 0x0000000086300000, 0x0000000086300000|100%| O|  |TAMS 0x0000000086300000, 0x0000000086300000| Untracked 
|  99|0x0000000086300000, 0x0000000086400000, 0x0000000086400000|100%| O|  |TAMS 0x0000000086400000, 0x0000000086400000| Untracked 
| 100|0x0000000086400000, 0x0000000086500000, 0x0000000086500000|100%| O|  |TAMS 0x0000000086500000, 0x0000000086500000| Untracked 
| 101|0x0000000086500000, 0x0000000086600000, 0x0000000086600000|100%| O|  |TAMS 0x0000000086600000, 0x0000000086600000| Untracked 
| 102|0x0000000086600000, 0x0000000086700000, 0x0000000086700000|100%| O|  |TAMS 0x0000000086600000, 0x0000000086700000| Untracked 
| 103|0x0000000086700000, 0x0000000086800000, 0x0000000086800000|100%| O|  |TAMS 0x0000000086800000, 0x0000000086800000| Untracked 
| 104|0x0000000086800000, 0x0000000086900000, 0x0000000086900000|100%| O|  |TAMS 0x0000000086900000, 0x0000000086900000| Untracked 
| 105|0x0000000086900000, 0x0000000086a00000, 0x0000000086a00000|100%| O|  |TAMS 0x0000000086a00000, 0x0000000086a00000| Untracked 
| 106|0x0000000086a00000, 0x0000000086b00000, 0x0000000086b00000|100%| O|  |TAMS 0x0000000086b00000, 0x0000000086b00000| Untracked 
| 107|0x0000000086b00000, 0x0000000086c00000, 0x0000000086c00000|100%| O|  |TAMS 0x0000000086b00000, 0x0000000086c00000| Untracked 
| 108|0x0000000086c00000, 0x0000000086d00000, 0x0000000086d00000|100%| O|  |TAMS 0x0000000086d00000, 0x0000000086d00000| Untracked 
| 109|0x0000000086d00000, 0x0000000086e00000, 0x0000000086e00000|100%| O|  |TAMS 0x0000000086e00000, 0x0000000086e00000| Untracked 
| 110|0x0000000086e00000, 0x0000000086f00000, 0x0000000086f00000|100%| O|  |TAMS 0x0000000086f00000, 0x0000000086f00000| Untracked 
| 111|0x0000000086f00000, 0x0000000087000000, 0x0000000087000000|100%| O|  |TAMS 0x0000000087000000, 0x0000000087000000| Untracked 
| 112|0x0000000087000000, 0x0000000087100000, 0x0000000087100000|100%| O|  |TAMS 0x0000000087100000, 0x0000000087100000| Untracked 
| 113|0x0000000087100000, 0x0000000087200000, 0x0000000087200000|100%| O|  |TAMS 0x0000000087200000, 0x0000000087200000| Untracked 
| 114|0x0000000087200000, 0x0000000087300000, 0x0000000087300000|100%| O|  |TAMS 0x0000000087300000, 0x0000000087300000| Untracked 
| 115|0x0000000087300000, 0x0000000087400000, 0x0000000087400000|100%| O|  |TAMS 0x0000000087400000, 0x0000000087400000| Untracked 
| 116|0x0000000087400000, 0x0000000087500000, 0x0000000087500000|100%| O|  |TAMS 0x0000000087500000, 0x0000000087500000| Untracked 
| 117|0x0000000087500000, 0x0000000087600000, 0x0000000087600000|100%| O|  |TAMS 0x0000000087500000, 0x0000000087600000| Untracked 
| 118|0x0000000087600000, 0x0000000087600000, 0x0000000087700000|  0%| F|  |TAMS 0x0000000087600000, 0x0000000087600000| Untracked 
| 119|0x0000000087700000, 0x0000000087800000, 0x0000000087800000|100%| O|  |TAMS 0x0000000087800000, 0x0000000087800000| Untracked 
| 120|0x0000000087800000, 0x0000000087900000, 0x0000000087900000|100%| O|  |TAMS 0x0000000087900000, 0x0000000087900000| Untracked 
| 121|0x0000000087900000, 0x0000000087a00000, 0x0000000087a00000|100%| O|  |TAMS 0x0000000087a00000, 0x0000000087a00000| Untracked 
| 122|0x0000000087a00000, 0x0000000087b00000, 0x0000000087b00000|100%| O|  |TAMS 0x0000000087b00000, 0x0000000087b00000| Untracked 
| 123|0x0000000087b00000, 0x0000000087c00000, 0x0000000087c00000|100%| O|  |TAMS 0x0000000087b00000, 0x0000000087c00000| Untracked 
| 124|0x0000000087c00000, 0x0000000087d00000, 0x0000000087d00000|100%| O|  |TAMS 0x0000000087d00000, 0x0000000087d00000| Untracked 
| 125|0x0000000087d00000, 0x0000000087e00000, 0x0000000087e00000|100%| O|  |TAMS 0x0000000087e00000, 0x0000000087e00000| Untracked 
| 126|0x0000000087e00000, 0x0000000087f00000, 0x0000000087f00000|100%| O|  |TAMS 0x0000000087f00000, 0x0000000087f00000| Untracked 
| 127|0x0000000087f00000, 0x0000000088000000, 0x0000000088000000|100%| O|  |TAMS 0x0000000088000000, 0x0000000088000000| Untracked 
| 128|0x0000000088000000, 0x0000000088100000, 0x0000000088100000|100%| O|  |TAMS 0x0000000088100000, 0x0000000088100000| Untracked 
| 129|0x0000000088100000, 0x0000000088200000, 0x0000000088200000|100%| O|  |TAMS 0x0000000088200000, 0x0000000088200000| Untracked 
| 130|0x0000000088200000, 0x0000000088200000, 0x0000000088300000|  0%| F|  |TAMS 0x0000000088200000, 0x0000000088200000| Untracked 
| 131|0x0000000088300000, 0x0000000088400000, 0x0000000088400000|100%| O|  |TAMS 0x0000000088400000, 0x0000000088400000| Untracked 
| 132|0x0000000088400000, 0x0000000088500000, 0x0000000088500000|100%| O|  |TAMS 0x0000000088500000, 0x0000000088500000| Untracked 
| 133|0x0000000088500000, 0x0000000088600000, 0x0000000088600000|100%| O|  |TAMS 0x0000000088600000, 0x0000000088600000| Untracked 
| 134|0x0000000088600000, 0x0000000088700000, 0x0000000088700000|100%| O|  |TAMS 0x0000000088700000, 0x0000000088700000| Untracked 
| 135|0x0000000088700000, 0x0000000088800000, 0x0000000088800000|100%| O|  |TAMS 0x0000000088800000, 0x0000000088800000| Untracked 
| 136|0x0000000088800000, 0x0000000088800000, 0x0000000088900000|  0%| F|  |TAMS 0x0000000088800000, 0x0000000088800000| Untracked 
| 137|0x0000000088900000, 0x0000000088a00000, 0x0000000088a00000|100%| O|  |TAMS 0x0000000088a00000, 0x0000000088a00000| Untracked 
| 138|0x0000000088a00000, 0x0000000088b00000, 0x0000000088b00000|100%| O|  |TAMS 0x0000000088b00000, 0x0000000088b00000| Untracked 
| 139|0x0000000088b00000, 0x0000000088c00000, 0x0000000088c00000|100%| O|  |TAMS 0x0000000088c00000, 0x0000000088c00000| Untracked 
| 140|0x0000000088c00000, 0x0000000088d00000, 0x0000000088d00000|100%| O|  |TAMS 0x0000000088d00000, 0x0000000088d00000| Untracked 
| 141|0x0000000088d00000, 0x0000000088e00000, 0x0000000088e00000|100%| O|  |TAMS 0x0000000088e00000, 0x0000000088e00000| Untracked 
| 142|0x0000000088e00000, 0x0000000088f00000, 0x0000000088f00000|100%| O|  |TAMS 0x0000000088f00000, 0x0000000088f00000| Untracked 
| 143|0x0000000088f00000, 0x0000000089000000, 0x0000000089000000|100%| O|  |TAMS 0x0000000089000000, 0x0000000089000000| Untracked 
| 144|0x0000000089000000, 0x0000000089100000, 0x0000000089100000|100%| O|  |TAMS 0x0000000089100000, 0x0000000089100000| Untracked 
| 145|0x0000000089100000, 0x0000000089200000, 0x0000000089200000|100%| O|  |TAMS 0x0000000089200000, 0x0000000089200000| Untracked 
| 146|0x0000000089200000, 0x0000000089300000, 0x0000000089300000|100%| O|  |TAMS 0x0000000089300000, 0x0000000089300000| Untracked 
| 147|0x0000000089300000, 0x0000000089400000, 0x0000000089400000|100%| O|  |TAMS 0x0000000089400000, 0x0000000089400000| Untracked 
| 148|0x0000000089400000, 0x0000000089500000, 0x0000000089500000|100%| O|  |TAMS 0x0000000089500000, 0x0000000089500000| Untracked 
| 149|0x0000000089500000, 0x0000000089600000, 0x0000000089600000|100%| O|  |TAMS 0x0000000089600000, 0x0000000089600000| Untracked 
| 150|0x0000000089600000, 0x0000000089700000, 0x0000000089700000|100%| O|  |TAMS 0x0000000089700000, 0x0000000089700000| Untracked 
| 151|0x0000000089700000, 0x0000000089800000, 0x0000000089800000|100%| O|  |TAMS 0x0000000089800000, 0x0000000089800000| Untracked 
| 152|0x0000000089800000, 0x0000000089900000, 0x0000000089900000|100%| O|  |TAMS 0x0000000089900000, 0x0000000089900000| Untracked 
| 153|0x0000000089900000, 0x0000000089a00000, 0x0000000089a00000|100%| O|  |TAMS 0x0000000089a00000, 0x0000000089a00000| Untracked 
| 154|0x0000000089a00000, 0x0000000089b00000, 0x0000000089b00000|100%| O|  |TAMS 0x0000000089b00000, 0x0000000089b00000| Untracked 
| 155|0x0000000089b00000, 0x0000000089c00000, 0x0000000089c00000|100%| O|  |TAMS 0x0000000089c00000, 0x0000000089c00000| Untracked 
| 156|0x0000000089c00000, 0x0000000089d00000, 0x0000000089d00000|100%| O|  |TAMS 0x0000000089d00000, 0x0000000089d00000| Untracked 
| 157|0x0000000089d00000, 0x0000000089e00000, 0x0000000089e00000|100%| O|  |TAMS 0x0000000089e00000, 0x0000000089e00000| Untracked 
| 158|0x0000000089e00000, 0x0000000089f00000, 0x0000000089f00000|100%| O|  |TAMS 0x0000000089f00000, 0x0000000089f00000| Untracked 
| 159|0x0000000089f00000, 0x000000008a000000, 0x000000008a000000|100%| O|  |TAMS 0x000000008a000000, 0x000000008a000000| Untracked 
| 160|0x000000008a000000, 0x000000008a100000, 0x000000008a100000|100%| O|  |TAMS 0x000000008a100000, 0x000000008a100000| Untracked 
| 161|0x000000008a100000, 0x000000008a200000, 0x000000008a200000|100%| O|  |TAMS 0x000000008a200000, 0x000000008a200000| Untracked 
| 162|0x000000008a200000, 0x000000008a200000, 0x000000008a300000|  0%| F|  |TAMS 0x000000008a200000, 0x000000008a200000| Untracked 
| 163|0x000000008a300000, 0x000000008a400000, 0x000000008a400000|100%| O|  |TAMS 0x000000008a400000, 0x000000008a400000| Untracked 
| 164|0x000000008a400000, 0x000000008a500000, 0x000000008a500000|100%| O|  |TAMS 0x000000008a500000, 0x000000008a500000| Untracked 
| 165|0x000000008a500000, 0x000000008a600000, 0x000000008a600000|100%| O|  |TAMS 0x000000008a600000, 0x000000008a600000| Untracked 
| 166|0x000000008a600000, 0x000000008a700000, 0x000000008a700000|100%| O|  |TAMS 0x000000008a700000, 0x000000008a700000| Untracked 
| 167|0x000000008a700000, 0x000000008a800000, 0x000000008a800000|100%| O|  |TAMS 0x000000008a800000, 0x000000008a800000| Untracked 
| 168|0x000000008a800000, 0x000000008a900000, 0x000000008a900000|100%| O|  |TAMS 0x000000008a900000, 0x000000008a900000| Untracked 
| 169|0x000000008a900000, 0x000000008aa00000, 0x000000008aa00000|100%| O|  |TAMS 0x000000008aa00000, 0x000000008aa00000| Untracked 
| 170|0x000000008aa00000, 0x000000008ab00000, 0x000000008ab00000|100%| O|  |TAMS 0x000000008ab00000, 0x000000008ab00000| Untracked 
| 171|0x000000008ab00000, 0x000000008ac00000, 0x000000008ac00000|100%| O|  |TAMS 0x000000008ac00000, 0x000000008ac00000| Untracked 
| 172|0x000000008ac00000, 0x000000008ad00000, 0x000000008ad00000|100%| O|  |TAMS 0x000000008ad00000, 0x000000008ad00000| Untracked 
| 173|0x000000008ad00000, 0x000000008ae00000, 0x000000008ae00000|100%| O|  |TAMS 0x000000008ae00000, 0x000000008ae00000| Untracked 
| 174|0x000000008ae00000, 0x000000008af00000, 0x000000008af00000|100%| O|  |TAMS 0x000000008af00000, 0x000000008af00000| Untracked 
| 175|0x000000008af00000, 0x000000008b000000, 0x000000008b000000|100%| O|  |TAMS 0x000000008b000000, 0x000000008b000000| Untracked 
| 176|0x000000008b000000, 0x000000008b100000, 0x000000008b100000|100%| O|  |TAMS 0x000000008b100000, 0x000000008b100000| Untracked 
| 177|0x000000008b100000, 0x000000008b200000, 0x000000008b200000|100%| O|  |TAMS 0x000000008b200000, 0x000000008b200000| Untracked 
| 178|0x000000008b200000, 0x000000008b300000, 0x000000008b300000|100%| O|  |TAMS 0x000000008b300000, 0x000000008b300000| Untracked 
| 179|0x000000008b300000, 0x000000008b400000, 0x000000008b400000|100%| O|  |TAMS 0x000000008b400000, 0x000000008b400000| Untracked 
| 180|0x000000008b400000, 0x000000008b500000, 0x000000008b500000|100%| O|  |TAMS 0x000000008b500000, 0x000000008b500000| Untracked 
| 181|0x000000008b500000, 0x000000008b600000, 0x000000008b600000|100%| O|  |TAMS 0x000000008b600000, 0x000000008b600000| Untracked 
| 182|0x000000008b600000, 0x000000008b700000, 0x000000008b700000|100%| O|  |TAMS 0x000000008b600000, 0x000000008b700000| Untracked 
| 183|0x000000008b700000, 0x000000008b800000, 0x000000008b800000|100%| O|  |TAMS 0x000000008b700000, 0x000000008b800000| Untracked 
| 184|0x000000008b800000, 0x000000008b900000, 0x000000008b900000|100%|HS|  |TAMS 0x000000008b800000, 0x000000008b900000| Complete 
| 185|0x000000008b900000, 0x000000008ba00000, 0x000000008ba00000|100%| O|  |TAMS 0x000000008ba00000, 0x000000008ba00000| Untracked 
| 186|0x000000008ba00000, 0x000000008bb00000, 0x000000008bb00000|100%| O|  |TAMS 0x000000008bb00000, 0x000000008bb00000| Untracked 
| 187|0x000000008bb00000, 0x000000008bc00000, 0x000000008bc00000|100%| O|  |TAMS 0x000000008bc00000, 0x000000008bc00000| Untracked 
| 188|0x000000008bc00000, 0x000000008bd00000, 0x000000008bd00000|100%| O|  |TAMS 0x000000008bd00000, 0x000000008bd00000| Untracked 
| 189|0x000000008bd00000, 0x000000008be00000, 0x000000008be00000|100%| O|  |TAMS 0x000000008be00000, 0x000000008be00000| Untracked 
| 190|0x000000008be00000, 0x000000008bf00000, 0x000000008bf00000|100%| O|  |TAMS 0x000000008bf00000, 0x000000008bf00000| Untracked 
| 191|0x000000008bf00000, 0x000000008c000000, 0x000000008c000000|100%| O|  |TAMS 0x000000008c000000, 0x000000008c000000| Untracked 
| 192|0x000000008c000000, 0x000000008c100000, 0x000000008c100000|100%| O|  |TAMS 0x000000008c100000, 0x000000008c100000| Untracked 
| 193|0x000000008c100000, 0x000000008c200000, 0x000000008c200000|100%| O|  |TAMS 0x000000008c200000, 0x000000008c200000| Untracked 
| 194|0x000000008c200000, 0x000000008c300000, 0x000000008c300000|100%| O|  |TAMS 0x000000008c300000, 0x000000008c300000| Untracked 
| 195|0x000000008c300000, 0x000000008c400000, 0x000000008c400000|100%| O|  |TAMS 0x000000008c300000, 0x000000008c400000| Untracked 
| 196|0x000000008c400000, 0x000000008c500000, 0x000000008c500000|100%| O|  |TAMS 0x000000008c500000, 0x000000008c500000| Untracked 
| 197|0x000000008c500000, 0x000000008c600000, 0x000000008c600000|100%| O|  |TAMS 0x000000008c600000, 0x000000008c600000| Untracked 
| 198|0x000000008c600000, 0x000000008c700000, 0x000000008c700000|100%| O|  |TAMS 0x000000008c700000, 0x000000008c700000| Untracked 
| 199|0x000000008c700000, 0x000000008c800000, 0x000000008c800000|100%| O|  |TAMS 0x000000008c800000, 0x000000008c800000| Untracked 
| 200|0x000000008c800000, 0x000000008c900000, 0x000000008c900000|100%| O|  |TAMS 0x000000008c900000, 0x000000008c900000| Untracked 
| 201|0x000000008c900000, 0x000000008ca00000, 0x000000008ca00000|100%| O|  |TAMS 0x000000008ca00000, 0x000000008ca00000| Untracked 
| 202|0x000000008ca00000, 0x000000008cb00000, 0x000000008cb00000|100%| O|  |TAMS 0x000000008cb00000, 0x000000008cb00000| Untracked 
| 203|0x000000008cb00000, 0x000000008cc00000, 0x000000008cc00000|100%| O|  |TAMS 0x000000008cc00000, 0x000000008cc00000| Untracked 
| 204|0x000000008cc00000, 0x000000008cd00000, 0x000000008cd00000|100%| O|  |TAMS 0x000000008cd00000, 0x000000008cd00000| Untracked 
| 205|0x000000008cd00000, 0x000000008ce00000, 0x000000008ce00000|100%| O|  |TAMS 0x000000008ce00000, 0x000000008ce00000| Untracked 
| 206|0x000000008ce00000, 0x000000008cf00000, 0x000000008cf00000|100%| O|  |TAMS 0x000000008cf00000, 0x000000008cf00000| Untracked 
| 207|0x000000008cf00000, 0x000000008d000000, 0x000000008d000000|100%| O|  |TAMS 0x000000008d000000, 0x000000008d000000| Untracked 
| 208|0x000000008d000000, 0x000000008d100000, 0x000000008d100000|100%| O|  |TAMS 0x000000008d100000, 0x000000008d100000| Untracked 
| 209|0x000000008d100000, 0x000000008d200000, 0x000000008d200000|100%| O|  |TAMS 0x000000008d200000, 0x000000008d200000| Untracked 
| 210|0x000000008d200000, 0x000000008d300000, 0x000000008d300000|100%| O|  |TAMS 0x000000008d300000, 0x000000008d300000| Untracked 
| 211|0x000000008d300000, 0x000000008d400000, 0x000000008d400000|100%| O|  |TAMS 0x000000008d400000, 0x000000008d400000| Untracked 
| 212|0x000000008d400000, 0x000000008d500000, 0x000000008d500000|100%| O|  |TAMS 0x000000008d500000, 0x000000008d500000| Untracked 
| 213|0x000000008d500000, 0x000000008d600000, 0x000000008d600000|100%| O|  |TAMS 0x000000008d600000, 0x000000008d600000| Untracked 
| 214|0x000000008d600000, 0x000000008d700000, 0x000000008d700000|100%| O|  |TAMS 0x000000008d700000, 0x000000008d700000| Untracked 
| 215|0x000000008d700000, 0x000000008d800000, 0x000000008d800000|100%| O|  |TAMS 0x000000008d800000, 0x000000008d800000| Untracked 
| 216|0x000000008d800000, 0x000000008d900000, 0x000000008d900000|100%| O|  |TAMS 0x000000008d900000, 0x000000008d900000| Untracked 
| 217|0x000000008d900000, 0x000000008da00000, 0x000000008da00000|100%| O|  |TAMS 0x000000008da00000, 0x000000008da00000| Untracked 
| 218|0x000000008da00000, 0x000000008da00000, 0x000000008db00000|  0%| F|  |TAMS 0x000000008da00000, 0x000000008da00000| Untracked 
| 219|0x000000008db00000, 0x000000008db00000, 0x000000008dc00000|  0%| F|  |TAMS 0x000000008db00000, 0x000000008db00000| Untracked 
| 220|0x000000008dc00000, 0x000000008dc00000, 0x000000008dd00000|  0%| F|  |TAMS 0x000000008dc00000, 0x000000008dc00000| Untracked 
| 221|0x000000008dd00000, 0x000000008de00000, 0x000000008de00000|100%|HS|  |TAMS 0x000000008dd00000, 0x000000008de00000| Complete 
| 222|0x000000008de00000, 0x000000008df00000, 0x000000008df00000|100%|HC|  |TAMS 0x000000008de00000, 0x000000008df00000| Complete 
| 223|0x000000008df00000, 0x000000008e000000, 0x000000008e000000|100%| O|  |TAMS 0x000000008df00000, 0x000000008e000000| Untracked 
| 224|0x000000008e000000, 0x000000008e100000, 0x000000008e100000|100%| O|  |TAMS 0x000000008e000000, 0x000000008e100000| Untracked 
| 225|0x000000008e100000, 0x000000008e200000, 0x000000008e200000|100%| O|  |TAMS 0x000000008e100000, 0x000000008e200000| Untracked 
| 226|0x000000008e200000, 0x000000008e300000, 0x000000008e300000|100%| O|  |TAMS 0x000000008e200000, 0x000000008e300000| Untracked 
| 227|0x000000008e300000, 0x000000008e400000, 0x000000008e400000|100%| O|  |TAMS 0x000000008e300000, 0x000000008e400000| Untracked 
| 228|0x000000008e400000, 0x000000008e500000, 0x000000008e500000|100%| O|  |TAMS 0x000000008e400000, 0x000000008e500000| Untracked 
| 229|0x000000008e500000, 0x000000008e600000, 0x000000008e600000|100%| O|  |TAMS 0x000000008e500000, 0x000000008e600000| Untracked 
| 230|0x000000008e600000, 0x000000008e700000, 0x000000008e700000|100%| O|  |TAMS 0x000000008e600000, 0x000000008e700000| Untracked 
| 231|0x000000008e700000, 0x000000008e800000, 0x000000008e800000|100%| O|  |TAMS 0x000000008e700000, 0x000000008e800000| Untracked 
| 232|0x000000008e800000, 0x000000008e900000, 0x000000008e900000|100%| O|  |TAMS 0x000000008e800000, 0x000000008e900000| Untracked 
| 233|0x000000008e900000, 0x000000008ea00000, 0x000000008ea00000|100%| O|  |TAMS 0x000000008e900000, 0x000000008ea00000| Untracked 
| 234|0x000000008ea00000, 0x000000008eafee00, 0x000000008eb00000| 99%| O|  |TAMS 0x000000008ea00000, 0x000000008eafee00| Untracked 
| 235|0x000000008eb00000, 0x000000008eb00000, 0x000000008ec00000|  0%| F|  |TAMS 0x000000008eb00000, 0x000000008eb00000| Untracked 
| 236|0x000000008ec00000, 0x000000008ec00000, 0x000000008ed00000|  0%| F|  |TAMS 0x000000008ec00000, 0x000000008ec00000| Untracked 
| 237|0x000000008ed00000, 0x000000008ed00000, 0x000000008ee00000|  0%| F|  |TAMS 0x000000008ed00000, 0x000000008ed00000| Untracked 
| 238|0x000000008ee00000, 0x000000008ee00000, 0x000000008ef00000|  0%| F|  |TAMS 0x000000008ee00000, 0x000000008ee00000| Untracked 
| 239|0x000000008ef00000, 0x000000008ef00000, 0x000000008f000000|  0%| F|  |TAMS 0x000000008ef00000, 0x000000008ef00000| Untracked 
| 240|0x000000008f000000, 0x000000008f000000, 0x000000008f100000|  0%| F|  |TAMS 0x000000008f000000, 0x000000008f000000| Untracked 
| 241|0x000000008f100000, 0x000000008f100000, 0x000000008f200000|  0%| F|  |TAMS 0x000000008f100000, 0x000000008f100000| Untracked 
| 242|0x000000008f200000, 0x000000008f200000, 0x000000008f300000|  0%| F|  |TAMS 0x000000008f200000, 0x000000008f200000| Untracked 
| 243|0x000000008f300000, 0x000000008f300000, 0x000000008f400000|  0%| F|  |TAMS 0x000000008f300000, 0x000000008f300000| Untracked 
| 244|0x000000008f400000, 0x000000008f400000, 0x000000008f500000|  0%| F|  |TAMS 0x000000008f400000, 0x000000008f400000| Untracked 
| 245|0x000000008f500000, 0x000000008f500000, 0x000000008f600000|  0%| F|  |TAMS 0x000000008f500000, 0x000000008f500000| Untracked 
| 246|0x000000008f600000, 0x000000008f600000, 0x000000008f700000|  0%| F|  |TAMS 0x000000008f600000, 0x000000008f600000| Untracked 
| 247|0x000000008f700000, 0x000000008f700000, 0x000000008f800000|  0%| F|  |TAMS 0x000000008f700000, 0x000000008f700000| Untracked 
| 248|0x000000008f800000, 0x000000008f800000, 0x000000008f900000|  0%| F|  |TAMS 0x000000008f800000, 0x000000008f800000| Untracked 
| 249|0x000000008f900000, 0x000000008f900000, 0x000000008fa00000|  0%| F|  |TAMS 0x000000008f900000, 0x000000008f900000| Untracked 
| 250|0x000000008fa00000, 0x000000008fa00000, 0x000000008fb00000|  0%| F|  |TAMS 0x000000008fa00000, 0x000000008fa00000| Untracked 
| 251|0x000000008fb00000, 0x000000008fb00000, 0x000000008fc00000|  0%| F|  |TAMS 0x000000008fb00000, 0x000000008fb00000| Untracked 
| 252|0x000000008fc00000, 0x000000008fc00000, 0x000000008fd00000|  0%| F|  |TAMS 0x000000008fc00000, 0x000000008fc00000| Untracked 
| 253|0x000000008fd00000, 0x000000008fd00000, 0x000000008fe00000|  0%| F|  |TAMS 0x000000008fd00000, 0x000000008fd00000| Untracked 
| 254|0x000000008fe00000, 0x000000008fe00000, 0x000000008ff00000|  0%| F|  |TAMS 0x000000008fe00000, 0x000000008fe00000| Untracked 
| 255|0x000000008ff00000, 0x000000008ff00000, 0x0000000090000000|  0%| F|  |TAMS 0x000000008ff00000, 0x000000008ff00000| Untracked 
| 256|0x0000000090000000, 0x0000000090000000, 0x0000000090100000|  0%| F|  |TAMS 0x0000000090000000, 0x0000000090000000| Untracked 
| 257|0x0000000090100000, 0x0000000090100000, 0x0000000090200000|  0%| F|  |TAMS 0x0000000090100000, 0x0000000090100000| Untracked 
| 258|0x0000000090200000, 0x0000000090200000, 0x0000000090300000|  0%| F|  |TAMS 0x0000000090200000, 0x0000000090200000| Untracked 
| 259|0x0000000090300000, 0x0000000090300000, 0x0000000090400000|  0%| F|  |TAMS 0x0000000090300000, 0x0000000090300000| Untracked 
| 260|0x0000000090400000, 0x0000000090400000, 0x0000000090500000|  0%| F|  |TAMS 0x0000000090400000, 0x0000000090400000| Untracked 
| 261|0x0000000090500000, 0x0000000090500000, 0x0000000090600000|  0%| F|  |TAMS 0x0000000090500000, 0x0000000090500000| Untracked 
| 262|0x0000000090600000, 0x0000000090600000, 0x0000000090700000|  0%| F|  |TAMS 0x0000000090600000, 0x0000000090600000| Untracked 
| 263|0x0000000090700000, 0x0000000090700000, 0x0000000090800000|  0%| F|  |TAMS 0x0000000090700000, 0x0000000090700000| Untracked 
| 264|0x0000000090800000, 0x0000000090800000, 0x0000000090900000|  0%| F|  |TAMS 0x0000000090800000, 0x0000000090800000| Untracked 
| 265|0x0000000090900000, 0x0000000090900000, 0x0000000090a00000|  0%| F|  |TAMS 0x0000000090900000, 0x0000000090900000| Untracked 
| 266|0x0000000090a00000, 0x0000000090a00000, 0x0000000090b00000|  0%| F|  |TAMS 0x0000000090a00000, 0x0000000090a00000| Untracked 
| 267|0x0000000090b00000, 0x0000000090b00000, 0x0000000090c00000|  0%| F|  |TAMS 0x0000000090b00000, 0x0000000090b00000| Untracked 
| 268|0x0000000090c00000, 0x0000000090c00000, 0x0000000090d00000|  0%| F|  |TAMS 0x0000000090c00000, 0x0000000090c00000| Untracked 
| 269|0x0000000090d00000, 0x0000000090d00000, 0x0000000090e00000|  0%| F|  |TAMS 0x0000000090d00000, 0x0000000090d00000| Untracked 
| 270|0x0000000090e00000, 0x0000000090e00000, 0x0000000090f00000|  0%| F|  |TAMS 0x0000000090e00000, 0x0000000090e00000| Untracked 
| 271|0x0000000090f00000, 0x0000000090f00000, 0x0000000091000000|  0%| F|  |TAMS 0x0000000090f00000, 0x0000000090f00000| Untracked 
| 272|0x0000000091000000, 0x0000000091000000, 0x0000000091100000|  0%| F|  |TAMS 0x0000000091000000, 0x0000000091000000| Untracked 
| 273|0x0000000091100000, 0x0000000091100000, 0x0000000091200000|  0%| F|  |TAMS 0x0000000091100000, 0x0000000091100000| Untracked 
| 274|0x0000000091200000, 0x0000000091200000, 0x0000000091300000|  0%| F|  |TAMS 0x0000000091200000, 0x0000000091200000| Untracked 
| 275|0x0000000091300000, 0x0000000091300000, 0x0000000091400000|  0%| F|  |TAMS 0x0000000091300000, 0x0000000091300000| Untracked 
| 276|0x0000000091400000, 0x0000000091400000, 0x0000000091500000|  0%| F|  |TAMS 0x0000000091400000, 0x0000000091400000| Untracked 
| 277|0x0000000091500000, 0x0000000091500000, 0x0000000091600000|  0%| F|  |TAMS 0x0000000091500000, 0x0000000091500000| Untracked 
| 278|0x0000000091600000, 0x0000000091600000, 0x0000000091700000|  0%| F|  |TAMS 0x0000000091600000, 0x0000000091600000| Untracked 
| 279|0x0000000091700000, 0x0000000091700000, 0x0000000091800000|  0%| F|  |TAMS 0x0000000091700000, 0x0000000091700000| Untracked 
| 280|0x0000000091800000, 0x0000000091800000, 0x0000000091900000|  0%| F|  |TAMS 0x0000000091800000, 0x0000000091800000| Untracked 
| 281|0x0000000091900000, 0x0000000091900000, 0x0000000091a00000|  0%| F|  |TAMS 0x0000000091900000, 0x0000000091900000| Untracked 
| 282|0x0000000091a00000, 0x0000000091a00000, 0x0000000091b00000|  0%| F|  |TAMS 0x0000000091a00000, 0x0000000091a00000| Untracked 
| 283|0x0000000091b00000, 0x0000000091b00000, 0x0000000091c00000|  0%| F|  |TAMS 0x0000000091b00000, 0x0000000091b00000| Untracked 
| 284|0x0000000091c00000, 0x0000000091c00000, 0x0000000091d00000|  0%| F|  |TAMS 0x0000000091c00000, 0x0000000091c00000| Untracked 
| 285|0x0000000091d00000, 0x0000000091d00000, 0x0000000091e00000|  0%| F|  |TAMS 0x0000000091d00000, 0x0000000091d00000| Untracked 
| 286|0x0000000091e00000, 0x0000000091e00000, 0x0000000091f00000|  0%| F|  |TAMS 0x0000000091e00000, 0x0000000091e00000| Untracked 
| 287|0x0000000091f00000, 0x0000000091f00000, 0x0000000092000000|  0%| F|  |TAMS 0x0000000091f00000, 0x0000000091f00000| Untracked 
| 288|0x0000000092000000, 0x0000000092000000, 0x0000000092100000|  0%| F|  |TAMS 0x0000000092000000, 0x0000000092000000| Untracked 
| 289|0x0000000092100000, 0x0000000092100000, 0x0000000092200000|  0%| F|  |TAMS 0x0000000092100000, 0x0000000092100000| Untracked 
| 290|0x0000000092200000, 0x0000000092200000, 0x0000000092300000|  0%| F|  |TAMS 0x0000000092200000, 0x0000000092200000| Untracked 
| 291|0x0000000092300000, 0x0000000092300000, 0x0000000092400000|  0%| F|  |TAMS 0x0000000092300000, 0x0000000092300000| Untracked 
| 292|0x0000000092400000, 0x0000000092400000, 0x0000000092500000|  0%| F|  |TAMS 0x0000000092400000, 0x0000000092400000| Untracked 
| 293|0x0000000092500000, 0x0000000092500000, 0x0000000092600000|  0%| F|  |TAMS 0x0000000092500000, 0x0000000092500000| Untracked 
| 294|0x0000000092600000, 0x0000000092600000, 0x0000000092700000|  0%| F|  |TAMS 0x0000000092600000, 0x0000000092600000| Untracked 
| 295|0x0000000092700000, 0x0000000092700000, 0x0000000092800000|  0%| F|  |TAMS 0x0000000092700000, 0x0000000092700000| Untracked 
| 296|0x0000000092800000, 0x0000000092800000, 0x0000000092900000|  0%| F|  |TAMS 0x0000000092800000, 0x0000000092800000| Untracked 
| 297|0x0000000092900000, 0x0000000092900000, 0x0000000092a00000|  0%| F|  |TAMS 0x0000000092900000, 0x0000000092900000| Untracked 
| 298|0x0000000092a00000, 0x0000000092a00000, 0x0000000092b00000|  0%| F|  |TAMS 0x0000000092a00000, 0x0000000092a00000| Untracked 
| 299|0x0000000092b00000, 0x0000000092b00000, 0x0000000092c00000|  0%| F|  |TAMS 0x0000000092b00000, 0x0000000092b00000| Untracked 
| 300|0x0000000092c00000, 0x0000000092c00000, 0x0000000092d00000|  0%| F|  |TAMS 0x0000000092c00000, 0x0000000092c00000| Untracked 
| 301|0x0000000092d00000, 0x0000000092d00000, 0x0000000092e00000|  0%| F|  |TAMS 0x0000000092d00000, 0x0000000092d00000| Untracked 
| 302|0x0000000092e00000, 0x0000000092e00000, 0x0000000092f00000|  0%| F|  |TAMS 0x0000000092e00000, 0x0000000092e00000| Untracked 
| 303|0x0000000092f00000, 0x0000000092f6a298, 0x0000000093000000| 41%| S|CS|TAMS 0x0000000092f00000, 0x0000000092f00000| Complete 
| 304|0x0000000093000000, 0x0000000093100000, 0x0000000093100000|100%| S|CS|TAMS 0x0000000093000000, 0x0000000093000000| Complete 
| 305|0x0000000093100000, 0x0000000093200000, 0x0000000093200000|100%| S|CS|TAMS 0x0000000093100000, 0x0000000093100000| Complete 
| 306|0x0000000093200000, 0x0000000093300000, 0x0000000093300000|100%| S|CS|TAMS 0x0000000093200000, 0x0000000093200000| Complete 
| 307|0x0000000093300000, 0x0000000093400000, 0x0000000093400000|100%| S|CS|TAMS 0x0000000093300000, 0x0000000093300000| Complete 
| 308|0x0000000093400000, 0x0000000093500000, 0x0000000093500000|100%| S|CS|TAMS 0x0000000093400000, 0x0000000093400000| Complete 
| 309|0x0000000093500000, 0x0000000093600000, 0x0000000093600000|100%| S|CS|TAMS 0x0000000093500000, 0x0000000093500000| Complete 
| 310|0x0000000093600000, 0x0000000093700000, 0x0000000093700000|100%| S|CS|TAMS 0x0000000093600000, 0x0000000093600000| Complete 
| 311|0x0000000093700000, 0x0000000093700000, 0x0000000093800000|  0%| F|  |TAMS 0x0000000093700000, 0x0000000093700000| Untracked 
| 312|0x0000000093800000, 0x0000000093800000, 0x0000000093900000|  0%| F|  |TAMS 0x0000000093800000, 0x0000000093800000| Untracked 
| 313|0x0000000093900000, 0x0000000093900000, 0x0000000093a00000|  0%| F|  |TAMS 0x0000000093900000, 0x0000000093900000| Untracked 
| 314|0x0000000093a00000, 0x0000000093a00000, 0x0000000093b00000|  0%| F|  |TAMS 0x0000000093a00000, 0x0000000093a00000| Untracked 
| 315|0x0000000093b00000, 0x0000000093b00000, 0x0000000093c00000|  0%| F|  |TAMS 0x0000000093b00000, 0x0000000093b00000| Untracked 
| 316|0x0000000093c00000, 0x0000000093c00000, 0x0000000093d00000|  0%| F|  |TAMS 0x0000000093c00000, 0x0000000093c00000| Untracked 
| 317|0x0000000093d00000, 0x0000000093d00000, 0x0000000093e00000|  0%| F|  |TAMS 0x0000000093d00000, 0x0000000093d00000| Untracked 
| 318|0x0000000093e00000, 0x0000000093e00000, 0x0000000093f00000|  0%| F|  |TAMS 0x0000000093e00000, 0x0000000093e00000| Untracked 
| 319|0x0000000093f00000, 0x0000000093f00000, 0x0000000094000000|  0%| F|  |TAMS 0x0000000093f00000, 0x0000000093f00000| Untracked 
| 320|0x0000000094000000, 0x0000000094000000, 0x0000000094100000|  0%| F|  |TAMS 0x0000000094000000, 0x0000000094000000| Untracked 
| 321|0x0000000094100000, 0x0000000094100000, 0x0000000094200000|  0%| F|  |TAMS 0x0000000094100000, 0x0000000094100000| Untracked 
| 322|0x0000000094200000, 0x0000000094200000, 0x0000000094300000|  0%| F|  |TAMS 0x0000000094200000, 0x0000000094200000| Untracked 
| 323|0x0000000094300000, 0x0000000094300000, 0x0000000094400000|  0%| F|  |TAMS 0x0000000094300000, 0x0000000094300000| Untracked 
| 324|0x0000000094400000, 0x0000000094400000, 0x0000000094500000|  0%| F|  |TAMS 0x0000000094400000, 0x0000000094400000| Untracked 
| 325|0x0000000094500000, 0x0000000094500000, 0x0000000094600000|  0%| F|  |TAMS 0x0000000094500000, 0x0000000094500000| Untracked 
| 326|0x0000000094600000, 0x0000000094600000, 0x0000000094700000|  0%| F|  |TAMS 0x0000000094600000, 0x0000000094600000| Untracked 
| 327|0x0000000094700000, 0x0000000094700000, 0x0000000094800000|  0%| F|  |TAMS 0x0000000094700000, 0x0000000094700000| Untracked 
| 328|0x0000000094800000, 0x0000000094800000, 0x0000000094900000|  0%| F|  |TAMS 0x0000000094800000, 0x0000000094800000| Untracked 
| 329|0x0000000094900000, 0x0000000094900000, 0x0000000094a00000|  0%| F|  |TAMS 0x0000000094900000, 0x0000000094900000| Untracked 
| 330|0x0000000094a00000, 0x0000000094a00000, 0x0000000094b00000|  0%| F|  |TAMS 0x0000000094a00000, 0x0000000094a00000| Untracked 
| 331|0x0000000094b00000, 0x0000000094b00000, 0x0000000094c00000|  0%| F|  |TAMS 0x0000000094b00000, 0x0000000094b00000| Untracked 
| 332|0x0000000094c00000, 0x0000000094c00000, 0x0000000094d00000|  0%| F|  |TAMS 0x0000000094c00000, 0x0000000094c00000| Untracked 
| 333|0x0000000094d00000, 0x0000000094d00000, 0x0000000094e00000|  0%| F|  |TAMS 0x0000000094d00000, 0x0000000094d00000| Untracked 
| 334|0x0000000094e00000, 0x0000000094e00000, 0x0000000094f00000|  0%| F|  |TAMS 0x0000000094e00000, 0x0000000094e00000| Untracked 
| 335|0x0000000094f00000, 0x0000000094f00000, 0x0000000095000000|  0%| F|  |TAMS 0x0000000094f00000, 0x0000000094f00000| Untracked 
| 336|0x0000000095000000, 0x0000000095000000, 0x0000000095100000|  0%| F|  |TAMS 0x0000000095000000, 0x0000000095000000| Untracked 
| 337|0x0000000095100000, 0x0000000095100000, 0x0000000095200000|  0%| F|  |TAMS 0x0000000095100000, 0x0000000095100000| Untracked 
| 338|0x0000000095200000, 0x0000000095200000, 0x0000000095300000|  0%| F|  |TAMS 0x0000000095200000, 0x0000000095200000| Untracked 
| 339|0x0000000095300000, 0x0000000095300000, 0x0000000095400000|  0%| F|  |TAMS 0x0000000095300000, 0x0000000095300000| Untracked 
| 340|0x0000000095400000, 0x0000000095400000, 0x0000000095500000|  0%| F|  |TAMS 0x0000000095400000, 0x0000000095400000| Untracked 
| 341|0x0000000095500000, 0x0000000095500000, 0x0000000095600000|  0%| F|  |TAMS 0x0000000095500000, 0x0000000095500000| Untracked 
| 342|0x0000000095600000, 0x0000000095600000, 0x0000000095700000|  0%| F|  |TAMS 0x0000000095600000, 0x0000000095600000| Untracked 
| 343|0x0000000095700000, 0x0000000095700000, 0x0000000095800000|  0%| F|  |TAMS 0x0000000095700000, 0x0000000095700000| Untracked 
| 344|0x0000000095800000, 0x0000000095800000, 0x0000000095900000|  0%| F|  |TAMS 0x0000000095800000, 0x0000000095800000| Untracked 
| 345|0x0000000095900000, 0x0000000095900000, 0x0000000095a00000|  0%| F|  |TAMS 0x0000000095900000, 0x0000000095900000| Untracked 
| 346|0x0000000095a00000, 0x0000000095a00000, 0x0000000095b00000|  0%| F|  |TAMS 0x0000000095a00000, 0x0000000095a00000| Untracked 
| 347|0x0000000095b00000, 0x0000000095b00000, 0x0000000095c00000|  0%| F|  |TAMS 0x0000000095b00000, 0x0000000095b00000| Untracked 
| 348|0x0000000095c00000, 0x0000000095c00000, 0x0000000095d00000|  0%| F|  |TAMS 0x0000000095c00000, 0x0000000095c00000| Untracked 
| 349|0x0000000095d00000, 0x0000000095d00000, 0x0000000095e00000|  0%| F|  |TAMS 0x0000000095d00000, 0x0000000095d00000| Untracked 
| 350|0x0000000095e00000, 0x0000000095e00000, 0x0000000095f00000|  0%| F|  |TAMS 0x0000000095e00000, 0x0000000095e00000| Untracked 
| 351|0x0000000095f00000, 0x0000000095f00000, 0x0000000096000000|  0%| F|  |TAMS 0x0000000095f00000, 0x0000000095f00000| Untracked 
| 352|0x0000000096000000, 0x0000000096000000, 0x0000000096100000|  0%| F|  |TAMS 0x0000000096000000, 0x0000000096000000| Untracked 
| 353|0x0000000096100000, 0x0000000096100000, 0x0000000096200000|  0%| F|  |TAMS 0x0000000096100000, 0x0000000096100000| Untracked 
| 354|0x0000000096200000, 0x0000000096200000, 0x0000000096300000|  0%| F|  |TAMS 0x0000000096200000, 0x0000000096200000| Untracked 
| 355|0x0000000096300000, 0x0000000096300000, 0x0000000096400000|  0%| F|  |TAMS 0x0000000096300000, 0x0000000096300000| Untracked 
| 356|0x0000000096400000, 0x0000000096400000, 0x0000000096500000|  0%| F|  |TAMS 0x0000000096400000, 0x0000000096400000| Untracked 
| 357|0x0000000096500000, 0x0000000096500000, 0x0000000096600000|  0%| F|  |TAMS 0x0000000096500000, 0x0000000096500000| Untracked 
| 358|0x0000000096600000, 0x0000000096600000, 0x0000000096700000|  0%| F|  |TAMS 0x0000000096600000, 0x0000000096600000| Untracked 
| 359|0x0000000096700000, 0x0000000096700000, 0x0000000096800000|  0%| F|  |TAMS 0x0000000096700000, 0x0000000096700000| Untracked 
| 360|0x0000000096800000, 0x0000000096800000, 0x0000000096900000|  0%| F|  |TAMS 0x0000000096800000, 0x0000000096800000| Untracked 
| 361|0x0000000096900000, 0x0000000096900000, 0x0000000096a00000|  0%| F|  |TAMS 0x0000000096900000, 0x0000000096900000| Untracked 
| 362|0x0000000096a00000, 0x0000000096a00000, 0x0000000096b00000|  0%| F|  |TAMS 0x0000000096a00000, 0x0000000096a00000| Untracked 
| 363|0x0000000096b00000, 0x0000000096b00000, 0x0000000096c00000|  0%| F|  |TAMS 0x0000000096b00000, 0x0000000096b00000| Untracked 
| 364|0x0000000096c00000, 0x0000000096c00000, 0x0000000096d00000|  0%| F|  |TAMS 0x0000000096c00000, 0x0000000096c00000| Untracked 
| 365|0x0000000096d00000, 0x0000000096d00000, 0x0000000096e00000|  0%| F|  |TAMS 0x0000000096d00000, 0x0000000096d00000| Untracked 
| 366|0x0000000096e00000, 0x0000000096e00000, 0x0000000096f00000|  0%| F|  |TAMS 0x0000000096e00000, 0x0000000096e00000| Untracked 
| 367|0x0000000096f00000, 0x0000000096f00000, 0x0000000097000000|  0%| F|  |TAMS 0x0000000096f00000, 0x0000000096f00000| Untracked 
| 368|0x0000000097000000, 0x0000000097000000, 0x0000000097100000|  0%| F|  |TAMS 0x0000000097000000, 0x0000000097000000| Untracked 
| 369|0x0000000097100000, 0x0000000097100000, 0x0000000097200000|  0%| F|  |TAMS 0x0000000097100000, 0x0000000097100000| Untracked 
| 370|0x0000000097200000, 0x0000000097200000, 0x0000000097300000|  0%| F|  |TAMS 0x0000000097200000, 0x0000000097200000| Untracked 
| 371|0x0000000097300000, 0x0000000097300000, 0x0000000097400000|  0%| F|  |TAMS 0x0000000097300000, 0x0000000097300000| Untracked 
| 372|0x0000000097400000, 0x0000000097400000, 0x0000000097500000|  0%| F|  |TAMS 0x0000000097400000, 0x0000000097400000| Untracked 
| 373|0x0000000097500000, 0x0000000097500000, 0x0000000097600000|  0%| F|  |TAMS 0x0000000097500000, 0x0000000097500000| Untracked 
| 374|0x0000000097600000, 0x0000000097600000, 0x0000000097700000|  0%| F|  |TAMS 0x0000000097600000, 0x0000000097600000| Untracked 
| 375|0x0000000097700000, 0x0000000097700000, 0x0000000097800000|  0%| F|  |TAMS 0x0000000097700000, 0x0000000097700000| Untracked 
| 376|0x0000000097800000, 0x0000000097800000, 0x0000000097900000|  0%| F|  |TAMS 0x0000000097800000, 0x0000000097800000| Untracked 
| 377|0x0000000097900000, 0x0000000097900000, 0x0000000097a00000|  0%| F|  |TAMS 0x0000000097900000, 0x0000000097900000| Untracked 
| 378|0x0000000097a00000, 0x0000000097a00000, 0x0000000097b00000|  0%| F|  |TAMS 0x0000000097a00000, 0x0000000097a00000| Untracked 
| 379|0x0000000097b00000, 0x0000000097b00000, 0x0000000097c00000|  0%| F|  |TAMS 0x0000000097b00000, 0x0000000097b00000| Untracked 
| 380|0x0000000097c00000, 0x0000000097c00000, 0x0000000097d00000|  0%| F|  |TAMS 0x0000000097c00000, 0x0000000097c00000| Untracked 
| 381|0x0000000097d00000, 0x0000000097d00000, 0x0000000097e00000|  0%| F|  |TAMS 0x0000000097d00000, 0x0000000097d00000| Untracked 
| 382|0x0000000097e00000, 0x0000000097e00000, 0x0000000097f00000|  0%| F|  |TAMS 0x0000000097e00000, 0x0000000097e00000| Untracked 
| 383|0x0000000097f00000, 0x0000000097f00000, 0x0000000098000000|  0%| F|  |TAMS 0x0000000097f00000, 0x0000000097f00000| Untracked 
| 384|0x0000000098000000, 0x0000000098000000, 0x0000000098100000|  0%| F|  |TAMS 0x0000000098000000, 0x0000000098000000| Untracked 
| 385|0x0000000098100000, 0x0000000098100000, 0x0000000098200000|  0%| F|  |TAMS 0x0000000098100000, 0x0000000098100000| Untracked 
| 386|0x0000000098200000, 0x0000000098200000, 0x0000000098300000|  0%| F|  |TAMS 0x0000000098200000, 0x0000000098200000| Untracked 
| 387|0x0000000098300000, 0x0000000098300000, 0x0000000098400000|  0%| F|  |TAMS 0x0000000098300000, 0x0000000098300000| Untracked 
| 388|0x0000000098400000, 0x0000000098400000, 0x0000000098500000|  0%| F|  |TAMS 0x0000000098400000, 0x0000000098400000| Untracked 
| 389|0x0000000098500000, 0x0000000098500000, 0x0000000098600000|  0%| F|  |TAMS 0x0000000098500000, 0x0000000098500000| Untracked 
| 390|0x0000000098600000, 0x0000000098600000, 0x0000000098700000|  0%| F|  |TAMS 0x0000000098600000, 0x0000000098600000| Untracked 
| 391|0x0000000098700000, 0x0000000098700000, 0x0000000098800000|  0%| F|  |TAMS 0x0000000098700000, 0x0000000098700000| Untracked 
| 392|0x0000000098800000, 0x0000000098800000, 0x0000000098900000|  0%| F|  |TAMS 0x0000000098800000, 0x0000000098800000| Untracked 
| 393|0x0000000098900000, 0x0000000098900000, 0x0000000098a00000|  0%| F|  |TAMS 0x0000000098900000, 0x0000000098900000| Untracked 
| 394|0x0000000098a00000, 0x0000000098a00000, 0x0000000098b00000|  0%| F|  |TAMS 0x0000000098a00000, 0x0000000098a00000| Untracked 
| 395|0x0000000098b00000, 0x0000000098b00000, 0x0000000098c00000|  0%| F|  |TAMS 0x0000000098b00000, 0x0000000098b00000| Untracked 
| 396|0x0000000098c00000, 0x0000000098c00000, 0x0000000098d00000|  0%| F|  |TAMS 0x0000000098c00000, 0x0000000098c00000| Untracked 
| 397|0x0000000098d00000, 0x0000000098d00000, 0x0000000098e00000|  0%| F|  |TAMS 0x0000000098d00000, 0x0000000098d00000| Untracked 
| 398|0x0000000098e00000, 0x0000000098e00000, 0x0000000098f00000|  0%| F|  |TAMS 0x0000000098e00000, 0x0000000098e00000| Untracked 
| 399|0x0000000098f00000, 0x0000000098f00000, 0x0000000099000000|  0%| F|  |TAMS 0x0000000098f00000, 0x0000000098f00000| Untracked 
| 400|0x0000000099000000, 0x0000000099000000, 0x0000000099100000|  0%| F|  |TAMS 0x0000000099000000, 0x0000000099000000| Untracked 
| 401|0x0000000099100000, 0x0000000099100000, 0x0000000099200000|  0%| F|  |TAMS 0x0000000099100000, 0x0000000099100000| Untracked 
| 402|0x0000000099200000, 0x0000000099200000, 0x0000000099300000|  0%| F|  |TAMS 0x0000000099200000, 0x0000000099200000| Untracked 
| 403|0x0000000099300000, 0x0000000099300000, 0x0000000099400000|  0%| F|  |TAMS 0x0000000099300000, 0x0000000099300000| Untracked 
| 404|0x0000000099400000, 0x0000000099400000, 0x0000000099500000|  0%| F|  |TAMS 0x0000000099400000, 0x0000000099400000| Untracked 
| 405|0x0000000099500000, 0x0000000099500000, 0x0000000099600000|  0%| F|  |TAMS 0x0000000099500000, 0x0000000099500000| Untracked 
| 406|0x0000000099600000, 0x0000000099600000, 0x0000000099700000|  0%| F|  |TAMS 0x0000000099600000, 0x0000000099600000| Untracked 
| 407|0x0000000099700000, 0x0000000099700000, 0x0000000099800000|  0%| F|  |TAMS 0x0000000099700000, 0x0000000099700000| Untracked 
| 408|0x0000000099800000, 0x0000000099800000, 0x0000000099900000|  0%| F|  |TAMS 0x0000000099800000, 0x0000000099800000| Untracked 
| 409|0x0000000099900000, 0x0000000099900000, 0x0000000099a00000|  0%| F|  |TAMS 0x0000000099900000, 0x0000000099900000| Untracked 
| 410|0x0000000099a00000, 0x0000000099a00000, 0x0000000099b00000|  0%| F|  |TAMS 0x0000000099a00000, 0x0000000099a00000| Untracked 
| 411|0x0000000099b00000, 0x0000000099b00000, 0x0000000099c00000|  0%| F|  |TAMS 0x0000000099b00000, 0x0000000099b00000| Untracked 
| 412|0x0000000099c00000, 0x0000000099c00000, 0x0000000099d00000|  0%| F|  |TAMS 0x0000000099c00000, 0x0000000099c00000| Untracked 
| 413|0x0000000099d00000, 0x0000000099d00000, 0x0000000099e00000|  0%| F|  |TAMS 0x0000000099d00000, 0x0000000099d00000| Untracked 
| 414|0x0000000099e00000, 0x0000000099e00000, 0x0000000099f00000|  0%| F|  |TAMS 0x0000000099e00000, 0x0000000099e00000| Untracked 
| 415|0x0000000099f00000, 0x0000000099f00000, 0x000000009a000000|  0%| F|  |TAMS 0x0000000099f00000, 0x0000000099f00000| Untracked 
| 416|0x000000009a000000, 0x000000009a000000, 0x000000009a100000|  0%| F|  |TAMS 0x000000009a000000, 0x000000009a000000| Untracked 
| 417|0x000000009a100000, 0x000000009a100000, 0x000000009a200000|  0%| F|  |TAMS 0x000000009a100000, 0x000000009a100000| Untracked 
| 418|0x000000009a200000, 0x000000009a200000, 0x000000009a300000|  0%| F|  |TAMS 0x000000009a200000, 0x000000009a200000| Untracked 
| 419|0x000000009a300000, 0x000000009a300000, 0x000000009a400000|  0%| F|  |TAMS 0x000000009a300000, 0x000000009a300000| Untracked 
| 420|0x000000009a400000, 0x000000009a400000, 0x000000009a500000|  0%| F|  |TAMS 0x000000009a400000, 0x000000009a400000| Untracked 
| 421|0x000000009a500000, 0x000000009a500000, 0x000000009a600000|  0%| F|  |TAMS 0x000000009a500000, 0x000000009a500000| Untracked 
| 422|0x000000009a600000, 0x000000009a600000, 0x000000009a700000|  0%| F|  |TAMS 0x000000009a600000, 0x000000009a600000| Untracked 
| 423|0x000000009a700000, 0x000000009a700000, 0x000000009a800000|  0%| F|  |TAMS 0x000000009a700000, 0x000000009a700000| Untracked 
| 424|0x000000009a800000, 0x000000009a800000, 0x000000009a900000|  0%| F|  |TAMS 0x000000009a800000, 0x000000009a800000| Untracked 
| 425|0x000000009a900000, 0x000000009a900000, 0x000000009aa00000|  0%| F|  |TAMS 0x000000009a900000, 0x000000009a900000| Untracked 
| 426|0x000000009aa00000, 0x000000009aa00000, 0x000000009ab00000|  0%| F|  |TAMS 0x000000009aa00000, 0x000000009aa00000| Untracked 
| 427|0x000000009ab00000, 0x000000009ab00000, 0x000000009ac00000|  0%| F|  |TAMS 0x000000009ab00000, 0x000000009ab00000| Untracked 
| 428|0x000000009ac00000, 0x000000009ac00000, 0x000000009ad00000|  0%| F|  |TAMS 0x000000009ac00000, 0x000000009ac00000| Untracked 
| 429|0x000000009ad00000, 0x000000009ad00000, 0x000000009ae00000|  0%| F|  |TAMS 0x000000009ad00000, 0x000000009ad00000| Untracked 
| 430|0x000000009ae00000, 0x000000009ae00000, 0x000000009af00000|  0%| F|  |TAMS 0x000000009ae00000, 0x000000009ae00000| Untracked 
| 431|0x000000009af00000, 0x000000009af00000, 0x000000009b000000|  0%| F|  |TAMS 0x000000009af00000, 0x000000009af00000| Untracked 
| 432|0x000000009b000000, 0x000000009b000000, 0x000000009b100000|  0%| F|  |TAMS 0x000000009b000000, 0x000000009b000000| Untracked 
| 433|0x000000009b100000, 0x000000009b100000, 0x000000009b200000|  0%| F|  |TAMS 0x000000009b100000, 0x000000009b100000| Untracked 
| 434|0x000000009b200000, 0x000000009b200000, 0x000000009b300000|  0%| F|  |TAMS 0x000000009b200000, 0x000000009b200000| Untracked 
| 435|0x000000009b300000, 0x000000009b300000, 0x000000009b400000|  0%| F|  |TAMS 0x000000009b300000, 0x000000009b300000| Untracked 
| 436|0x000000009b400000, 0x000000009b400000, 0x000000009b500000|  0%| F|  |TAMS 0x000000009b400000, 0x000000009b400000| Untracked 
| 437|0x000000009b500000, 0x000000009b500000, 0x000000009b600000|  0%| F|  |TAMS 0x000000009b500000, 0x000000009b500000| Untracked 
| 438|0x000000009b600000, 0x000000009b600000, 0x000000009b700000|  0%| F|  |TAMS 0x000000009b600000, 0x000000009b600000| Untracked 

Card table byte_map: [0x000002216cf90000,0x000002216d390000] _byte_map_base: 0x000002216cb90000

Marking Bits (Prev, Next): (CMBitMap*) 0x0000022155d09030, (CMBitMap*) 0x0000022155d09070
 Prev Bits: [0x000002216d790000, 0x000002216f790000)
 Next Bits: [0x000002216f790000, 0x0000022171790000)

Polling page: 0x0000022153c20000

Metaspace:

Usage:
  Non-class:    118.22 MB used.
      Class:     17.96 MB used.
       Both:    136.18 MB used.

Virtual space:
  Non-class space:      128.00 MB reserved,     119.25 MB ( 93%) committed,  2 nodes.
      Class space:        1.00 GB reserved,      19.06 MB (  2%) committed,  1 nodes.
             Both:        1.12 GB reserved,     138.31 MB ( 12%) committed. 

Chunk freelists:
   Non-Class:  766.00 KB
       Class:  1002.00 KB
        Both:  1.73 MB

MaxMetaspaceSize: unlimited
CompressedClassSpaceSize: 1.00 GB
Initial GC threshold: 21.00 MB
Current GC threshold: 204.19 MB
CDS: on
MetaspaceReclaimPolicy: balanced
 - commit_granule_bytes: 65536.
 - commit_granule_words: 8192.
 - virtual_space_node_default_size: 8388608.
 - enlarge_chunks_in_place: 1.
 - new_chunks_are_fully_committed: 0.
 - uncommit_free_chunks: 1.
 - use_allocation_guard: 0.


Internal statistics:

num_allocs_failed_limit: 21.
num_arena_births: 3868.
num_arena_deaths: 16.
num_vsnodes_births: 3.
num_vsnodes_deaths: 0.
num_space_committed: 2213.
num_space_uncommitted: 0.
num_chunks_returned_to_freelist: 40.
num_chunks_taken_from_freelist: 9915.
num_chunk_merges: 25.
num_chunk_splits: 6713.
num_chunks_enlarged: 4517.
num_inconsistent_stats: 0.

CodeHeap 'non-profiled nmethods': size=120000Kb used=12785Kb max_used=12785Kb free=107214Kb
 bounds [0x0000022165320000, 0x0000022165fa0000, 0x000002216c850000]
CodeHeap 'profiled nmethods': size=120000Kb used=39413Kb max_used=39413Kb free=80586Kb
 bounds [0x000002215ddf0000, 0x0000022160470000, 0x0000022165320000]
CodeHeap 'non-nmethods': size=5760Kb used=2500Kb max_used=2531Kb free=3259Kb
 bounds [0x000002215d850000, 0x000002215dad0000, 0x000002215ddf0000]
 total_blobs=21057 nmethods=20030 adapters=938
 compilation: enabled
              stopped_count=0, restarted_count=0
 full_count=0

Compilation events (20 events):
Event: 946.851 Thread 0x00000221741b6700 nmethod 24404 0x0000022165f99f90 code [0x0000022165f9a120, 0x0000022165f9a1d8]
Event: 946.851 Thread 0x00000221741b6700 24414       3       java.lang.invoke.LambdaForm$MH/0x0000000800da0000::invoke (34 bytes)
Event: 946.852 Thread 0x00000221741b6700 nmethod 24414 0x0000022160469c90 code [0x0000022160469e80, 0x000002216046a7a8]
Event: 946.852 Thread 0x00000221741b6700 24416       3       kotlin.reflect.jvm.internal.impl.builtins.jvm.JavaToKotlinClassMap::mapJavaToKotlin (20 bytes)
Event: 946.853 Thread 0x00000221741b6700 nmethod 24416 0x000002216046a990 code [0x000002216046abe0, 0x000002216046b4d8]
Event: 946.853 Thread 0x00000221741b6700 24417       3       kotlin.reflect.jvm.internal.KClassImpl$data$1::invoke (5 bytes)
Event: 946.853 Thread 0x00000221741b6700 nmethod 24417 0x000002216046b810 code [0x000002216046b9c0, 0x000002216046bbe8]
Event: 946.853 Thread 0x00000221741b6700 24418       3       java.lang.reflect.Field::checkAccess (32 bytes)
Event: 946.853 Thread 0x00000221741aa810 nmethod 24413 0x0000022165f9a290 code [0x0000022165f9a420, 0x0000022165f9a858]
Event: 946.853 Thread 0x00000221741b6700 nmethod 24418 0x000002216046bd10 code [0x000002216046bec0, 0x000002216046c148]
Event: 946.853 Thread 0x00000221741aa810 24415       4       kotlin.reflect.jvm.internal.ReflectProperties::lazySoft (14 bytes)
Event: 946.855 Thread 0x00000221741aa810 nmethod 24415 0x0000022165f9a990 code [0x0000022165f9ab20, 0x0000022165f9ad18]
Event: 946.855 Thread 0x00000221741aa810 24405       4       java.lang.invoke.MethodHandle::asType (32 bytes)
Event: 946.867 Thread 0x00000221741aa810 nmethod 24405 0x0000022165f9ae10 code [0x0000022165f9afe0, 0x0000022165f9b4b8]
Event: 946.870 Thread 0x00000221741b6700 24419       3       org.gradle.internal.instantiation.generator.AbstractClassGenerator$PropertyTypePropertyHandler::applyTo (44 bytes)
Event: 946.872 Thread 0x00000221741b6700 nmethod 24419 0x000002216046c290 code [0x000002216046c480, 0x000002216046ca78]
Event: 946.873 Thread 0x00000221741aa810 24420       4       org.objectweb.asm.MethodVisitor::visitLdcInsn (87 bytes)
Event: 946.878 Thread 0x00000221741aa810 nmethod 24420 0x0000022165f9ba10 code [0x0000022165f9bbe0, 0x0000022165f9c0f0]
Event: 946.897 Thread 0x00000221741b6700 24421       3       java.lang.reflect.Field::acquireOverrideFieldAccessor (46 bytes)
Event: 946.897 Thread 0x00000221741b6700 nmethod 24421 0x000002216046cc90 code [0x000002216046ce80, 0x000002216046d378]

GC Heap History (20 events):
Event: 907.500 GC heap after
{Heap after GC invocations=47 (full 0):
 garbage-first heap   total 421888K, used 178129K [0x0000000080000000, 0x0000000100000000)
  region size 1024K, 15 young (15360K), 15 survivors (15360K)
 Metaspace       used 100210K, committed 102208K, reserved 1179648K
  class space    used 13248K, committed 14272K, reserved 1048576K
}
Event: 909.189 GC heap before
{Heap before GC invocations=47 (full 0):
 garbage-first heap   total 421888K, used 211921K [0x0000000080000000, 0x0000000100000000)
  region size 1024K, 49 young (50176K), 15 survivors (15360K)
 Metaspace       used 102000K, committed 104000K, reserved 1179648K
  class space    used 13481K, committed 14528K, reserved 1048576K
}
Event: 909.256 GC heap after
{Heap after GC invocations=48 (full 0):
 garbage-first heap   total 421888K, used 187307K [0x0000000080000000, 0x0000000100000000)
  region size 1024K, 9 young (9216K), 9 survivors (9216K)
 Metaspace       used 102000K, committed 104000K, reserved 1179648K
  class space    used 13481K, committed 14528K, reserved 1048576K
}
Event: 916.727 GC heap before
{Heap before GC invocations=49 (full 0):
 garbage-first heap   total 421888K, used 265131K [0x0000000080000000, 0x0000000100000000)
  region size 1024K, 82 young (83968K), 9 survivors (9216K)
 Metaspace       used 108547K, committed 110592K, reserved 1179648K
  class space    used 14282K, committed 15360K, reserved 1048576K
}
Event: 916.758 GC heap after
{Heap after GC invocations=50 (full 0):
 garbage-first heap   total 421888K, used 195914K [0x0000000080000000, 0x0000000100000000)
  region size 1024K, 7 young (7168K), 7 survivors (7168K)
 Metaspace       used 108547K, committed 110592K, reserved 1179648K
  class space    used 14282K, committed 15360K, reserved 1048576K
}
Event: 916.883 GC heap before
{Heap before GC invocations=50 (full 0):
 garbage-first heap   total 421888K, used 208202K [0x0000000080000000, 0x0000000100000000)
  region size 1024K, 20 young (20480K), 7 survivors (7168K)
 Metaspace       used 108575K, committed 110656K, reserved 1179648K
  class space    used 14287K, committed 15360K, reserved 1048576K
}
Event: 916.924 GC heap after
{Heap after GC invocations=51 (full 0):
 garbage-first heap   total 421888K, used 176621K [0x0000000080000000, 0x0000000100000000)
  region size 1024K, 2 young (2048K), 2 survivors (2048K)
 Metaspace       used 108575K, committed 110656K, reserved 1179648K
  class space    used 14287K, committed 15360K, reserved 1048576K
}
Event: 918.199 GC heap before
{Heap before GC invocations=51 (full 0):
 garbage-first heap   total 421888K, used 275949K [0x0000000080000000, 0x0000000100000000)
  region size 1024K, 101 young (103424K), 2 survivors (2048K)
 Metaspace       used 108711K, committed 110720K, reserved 1179648K
  class space    used 14303K, committed 15360K, reserved 1048576K
}
Event: 918.248 GC heap after
{Heap after GC invocations=52 (full 0):
 garbage-first heap   total 421888K, used 189468K [0x0000000080000000, 0x0000000100000000)
  region size 1024K, 14 young (14336K), 14 survivors (14336K)
 Metaspace       used 108711K, committed 110720K, reserved 1179648K
  class space    used 14303K, committed 15360K, reserved 1048576K
}
Event: 931.573 GC heap before
{Heap before GC invocations=53 (full 0):
 garbage-first heap   total 421888K, used 339803K [0x0000000080000000, 0x0000000100000000)
  region size 1024K, 155 young (158720K), 14 survivors (14336K)
 Metaspace       used 116347K, committed 118400K, reserved 1179648K
  class space    used 15111K, committed 16192K, reserved 1048576K
}
Event: 931.700 GC heap after
{Heap after GC invocations=54 (full 0):
 garbage-first heap   total 421888K, used 220560K [0x0000000080000000, 0x0000000100000000)
  region size 1024K, 20 young (20480K), 20 survivors (20480K)
 Metaspace       used 116347K, committed 118400K, reserved 1179648K
  class space    used 15111K, committed 16192K, reserved 1048576K
}
Event: 931.735 GC heap before
{Heap before GC invocations=54 (full 0):
 garbage-first heap   total 421888K, used 221584K [0x0000000080000000, 0x0000000100000000)
  region size 1024K, 21 young (21504K), 20 survivors (20480K)
 Metaspace       used 116535K, committed 118592K, reserved 1179648K
  class space    used 15127K, committed 16192K, reserved 1048576K
}
Event: 931.807 GC heap after
{Heap after GC invocations=55 (full 0):
 garbage-first heap   total 421888K, used 219136K [0x0000000080000000, 0x0000000100000000)
  region size 1024K, 2 young (2048K), 2 survivors (2048K)
 Metaspace       used 116535K, committed 118592K, reserved 1179648K
  class space    used 15127K, committed 16192K, reserved 1048576K
}
Event: 935.240 GC heap before
{Heap before GC invocations=55 (full 0):
 garbage-first heap   total 421888K, used 332800K [0x0000000080000000, 0x0000000100000000)
  region size 1024K, 113 young (115712K), 2 survivors (2048K)
 Metaspace       used 120866K, committed 123008K, reserved 1179648K
  class space    used 15701K, committed 16832K, reserved 1048576K
}
Event: 935.283 GC heap after
{Heap after GC invocations=56 (full 0):
 garbage-first heap   total 421888K, used 225567K [0x0000000080000000, 0x0000000100000000)
  region size 1024K, 9 young (9216K), 9 survivors (9216K)
 Metaspace       used 120866K, committed 123008K, reserved 1179648K
  class space    used 15701K, committed 16832K, reserved 1048576K
}
Event: 941.878 GC heap before
{Heap before GC invocations=57 (full 0):
 garbage-first heap   total 449536K, used 335135K [0x0000000080000000, 0x0000000100000000)
  region size 1024K, 117 young (119808K), 9 survivors (9216K)
 Metaspace       used 124332K, committed 126464K, reserved 1179648K
  class space    used 16156K, committed 17280K, reserved 1048576K
}
Event: 941.907 GC heap after
{Heap after GC invocations=58 (full 0):
 garbage-first heap   total 449536K, used 229230K [0x0000000080000000, 0x0000000100000000)
  region size 1024K, 5 young (5120K), 5 survivors (5120K)
 Metaspace       used 124332K, committed 126464K, reserved 1179648K
  class space    used 16156K, committed 17280K, reserved 1048576K
}
Event: 942.693 GC heap before
{Heap before GC invocations=58 (full 0):
 garbage-first heap   total 449536K, used 247662K [0x0000000080000000, 0x0000000100000000)
  region size 1024K, 21 young (21504K), 5 survivors (5120K)
 Metaspace       used 125100K, committed 127168K, reserved 1179648K
  class space    used 16257K, committed 17344K, reserved 1048576K
}
Event: 942.738 GC heap after
{Heap after GC invocations=59 (full 0):
 garbage-first heap   total 449536K, used 233467K [0x0000000080000000, 0x0000000100000000)
  region size 1024K, 3 young (3072K), 3 survivors (3072K)
 Metaspace       used 125100K, committed 127168K, reserved 1179648K
  class space    used 16257K, committed 17344K, reserved 1048576K
}
Event: 946.899 GC heap before
{Heap before GC invocations=59 (full 0):
 garbage-first heap   total 449536K, used 360443K [0x0000000080000000, 0x0000000100000000)
  region size 1024K, 128 young (131072K), 3 survivors (3072K)
 Metaspace       used 139449K, committed 141632K, reserved 1179648K
  class space    used 18388K, committed 19520K, reserved 1048576K
}

Deoptimization events (20 events):
Event: 946.356 Thread 0x000002217ab296e0 Uncommon trap: trap_request=0xffffff45 fr.pc=0x0000022165cfb50c relative=0x000000000000020c
Event: 946.356 Thread 0x000002217ab296e0 Uncommon trap: reason=unstable_if action=reinterpret pc=0x0000022165cfb50c method=com.android.tools.r8.graph.e1.a([C)I @ 44 c2
Event: 946.356 Thread 0x000002217ab296e0 DEOPT PACKING pc=0x0000022165cfb50c sp=0x000000f96f2fd8f0
Event: 946.356 Thread 0x000002217ab296e0 DEOPT UNPACKING pc=0x000002215d8a5c23 sp=0x000000f96f2fd878 mode 2
Event: 946.478 Thread 0x000002217ab296e0 Uncommon trap: trap_request=0xffffffe4 fr.pc=0x0000022165f3b124 relative=0x0000000000000304
Event: 946.478 Thread 0x000002217ab296e0 Uncommon trap: reason=range_check action=make_not_entrant pc=0x0000022165f3b124 method=com.android.tools.r8.graph.e1.a(Lcom/android/tools/r8/graph/e1;)I @ 26 c2
Event: 946.478 Thread 0x000002217ab296e0 DEOPT PACKING pc=0x0000022165f3b124 sp=0x000000f96f2fd3b0
Event: 946.478 Thread 0x000002217ab296e0 DEOPT UNPACKING pc=0x000002215d8a5c23 sp=0x000000f96f2fd330 mode 2
Event: 946.593 Thread 0x000002217ade81a0 Uncommon trap: trap_request=0xffffffc6 fr.pc=0x0000022165896ff8 relative=0x00000000000002b8
Event: 946.593 Thread 0x000002217ade81a0 Uncommon trap: reason=bimorphic_or_optimized_type_check action=maybe_recompile pc=0x0000022165896ff8 method=org.gradle.internal.snapshot.ChildMapFactory.childMapFromSorted(Ljava/util/List;)Lorg/gradle/internal/snapshot/ChildMap; @ 1 c2
Event: 946.593 Thread 0x000002217ade81a0 DEOPT PACKING pc=0x0000022165896ff8 sp=0x000000f96d6fe890
Event: 946.593 Thread 0x000002217ade81a0 DEOPT UNPACKING pc=0x000002215d8a5c23 sp=0x000000f96d6fe858 mode 2
Event: 946.618 Thread 0x000002217ade81a0 Uncommon trap: trap_request=0xffffff45 fr.pc=0x0000022165a2f0fc relative=0x000000000000007c
Event: 946.618 Thread 0x000002217ade81a0 Uncommon trap: reason=unstable_if action=reinterpret pc=0x0000022165a2f0fc method=com.sun.org.apache.xerces.internal.impl.XMLEntityScanner.checkBeforeLoad(Lcom/sun/xml/internal/stream/Entity$ScannedEntity;II)I @ 18 c2
Event: 946.618 Thread 0x000002217ade81a0 DEOPT PACKING pc=0x0000022165a2f0fc sp=0x000000f96d6fc220
Event: 946.618 Thread 0x000002217ade81a0 DEOPT UNPACKING pc=0x000002215d8a5c23 sp=0x000000f96d6fc190 mode 2
Event: 946.628 Thread 0x000002217ade81a0 Uncommon trap: trap_request=0xffffff45 fr.pc=0x0000022165f3f294 relative=0x0000000000000534
Event: 946.628 Thread 0x000002217ade81a0 Uncommon trap: reason=unstable_if action=reinterpret pc=0x0000022165f3f294 method=org.gradle.internal.file.FilePathUtil.sizeOfCommonPrefix(Ljava/lang/String;Ljava/lang/String;IC)I @ 97 c2
Event: 946.628 Thread 0x000002217ade81a0 DEOPT PACKING pc=0x0000022165f3f294 sp=0x000000f96d6fc1d0
Event: 946.628 Thread 0x000002217ade81a0 DEOPT UNPACKING pc=0x000002215d8a5c23 sp=0x000000f96d6fc150 mode 2

Classes loaded (20 events):
Event: 943.145 Loading class java/lang/reflect/GenericSignatureFormatError
Event: 943.145 Loading class java/lang/reflect/GenericSignatureFormatError done
Event: 944.008 Loading class java/util/SortedSet$1
Event: 944.008 Loading class java/util/SortedSet$1 done
Event: 944.031 Loading class java/util/IdentityHashMap$ValueIterator
Event: 944.031 Loading class java/util/IdentityHashMap$ValueIterator done
Event: 944.549 Loading class java/util/IdentityHashMap$EntrySet
Event: 944.549 Loading class java/util/IdentityHashMap$EntrySet done
Event: 944.655 Loading class java/nio/ShortBuffer
Event: 944.656 Loading class java/nio/ShortBuffer done
Event: 944.670 Loading class java/nio/ByteBufferAsShortBufferL
Event: 944.671 Loading class java/nio/ByteBufferAsShortBufferL done
Event: 944.683 Loading class java/util/zip/Adler32
Event: 944.684 Loading class java/util/zip/Adler32 done
Event: 944.844 Loading class java/io/PushbackInputStream
Event: 944.845 Loading class java/io/PushbackInputStream done
Event: 946.341 Loading class java/nio/BufferUnderflowException
Event: 946.341 Loading class java/nio/BufferUnderflowException done
Event: 946.389 Loading class java/nio/HeapShortBuffer
Event: 946.390 Loading class java/nio/HeapShortBuffer done

Classes unloaded (12 events):
Event: 50.955 Thread 0x0000022174183950 Unloading class 0x00000008018d9c00 'java/lang/invoke/LambdaForm$DMH+0x00000008018d9c00'
Event: 50.955 Thread 0x0000022174183950 Unloading class 0x00000008018d9800 'java/lang/invoke/LambdaForm$DMH+0x00000008018d9800'
Event: 50.955 Thread 0x0000022174183950 Unloading class 0x00000008018d9400 'java/lang/invoke/LambdaForm$DMH+0x00000008018d9400'
Event: 50.955 Thread 0x0000022174183950 Unloading class 0x00000008018d9000 'java/lang/invoke/LambdaForm$DMH+0x00000008018d9000'
Event: 50.955 Thread 0x0000022174183950 Unloading class 0x00000008018d8c00 'java/lang/invoke/LambdaForm$DMH+0x00000008018d8c00'
Event: 50.955 Thread 0x0000022174183950 Unloading class 0x00000008018d8800 'java/lang/invoke/LambdaForm$DMH+0x00000008018d8800'
Event: 50.955 Thread 0x0000022174183950 Unloading class 0x00000008018d8000 'java/lang/invoke/LambdaForm$DMH+0x00000008018d8000'
Event: 918.400 Thread 0x0000022174183950 Unloading class 0x0000000801a37210 'javax/xml/bind/JAXBException'
Event: 918.400 Thread 0x0000022174183950 Unloading class 0x0000000801a37000 'android/databinding/tool/writer/AnnotationJavaFileWriter'
Event: 918.400 Thread 0x0000022174183950 Unloading class 0x0000000801a36c58 'android/databinding/tool/writer/JavaFileWriter'
Event: 918.400 Thread 0x0000022174183950 Unloading class 0x0000000801a36a70 'android/databinding/annotationprocessor/ProcessDataBinding$Callback'
Event: 918.400 Thread 0x0000022174183950 Unloading class 0x0000000801a36800 'android/databinding/annotationprocessor/ProcessDataBinding'

Classes redefined (0 events):
No events

Internal exceptions (20 events):
Event: 943.177 Thread 0x000002217ade94e0 Exception <a 'java/lang/NoSuchMethodError'{0x0000000099031c68}: 'java.lang.Object java.lang.invoke.DirectMethodHandle$Holder.newInvokeSpecial(java.lang.Object, java.lang.Object, int, java.lang.Object, java.lang.Object)'> (0x0000000099031c68) 
thrown [s\src\hotspot\share\interpreter\linkResolver.cpp, line 759]
Event: 943.382 Thread 0x000002217ade94e0 Exception <a 'java/lang/IncompatibleClassChangeError'{0x0000000098b76490}: Found class java.lang.Object, but interface was expected> (0x0000000098b76490) 
thrown [s\src\hotspot\share\interpreter\linkResolver.cpp, line 826]
Event: 943.472 Thread 0x000002217ade94e0 Exception <a 'java/lang/NoSuchMethodError'{0x00000000988ee7e8}: 'java.lang.Object java.lang.invoke.DirectMethodHandle$Holder.invokeStatic(java.lang.Object, int, java.lang.Object, java.lang.Object)'> (0x00000000988ee7e8) 
thrown [s\src\hotspot\share\interpreter\linkResolver.cpp, line 759]
Event: 943.473 Thread 0x000002217ade94e0 Exception <a 'java/lang/NoSuchMethodError'{0x0000000098700210}: 'java.lang.Object java.lang.invoke.DirectMethodHandle$Holder.invokeStatic(java.lang.Object, java.lang.Object, int, java.lang.Object, java.lang.Object)'> (0x0000000098700210) 
thrown [s\src\hotspot\share\interpreter\linkResolver.cpp, line 759]
Event: 943.848 Thread 0x000002217ade94e0 Exception <a 'java/lang/IncompatibleClassChangeError'{0x0000000097dcb548}: Found class java.lang.Object, but interface was expected> (0x0000000097dcb548) 
thrown [s\src\hotspot\share\interpreter\linkResolver.cpp, line 826]
Event: 943.849 Thread 0x000002217ade94e0 Exception <a 'java/lang/IncompatibleClassChangeError'{0x0000000097dd5010}: Found class java.lang.Object, but interface was expected> (0x0000000097dd5010) 
thrown [s\src\hotspot\share\interpreter\linkResolver.cpp, line 826]
Event: 943.931 Thread 0x000002217ade94e0 Exception <a 'java/lang/NoSuchMethodError'{0x0000000097919870}: 'void java.lang.invoke.DirectMethodHandle$Holder.invokeSpecial(java.lang.Object, java.lang.Object, int, java.lang.Object)'> (0x0000000097919870) 
thrown [s\src\hotspot\share\interpreter\linkResolver.cpp, line 759]
Event: 943.981 Thread 0x000002217ade94e0 Exception <a 'java/lang/NoSuchMethodError'{0x000000009787c520}: 'long java.lang.invoke.DirectMethodHandle$Holder.invokeStatic(java.lang.Object, java.lang.Object)'> (0x000000009787c520) 
thrown [s\src\hotspot\share\interpreter\linkResolver.cpp, line 759]
Event: 944.044 Thread 0x000002217ade94e0 Exception <a 'java/lang/NoSuchMethodError'{0x000000009762a8e8}: 'int java.lang.invoke.DirectMethodHandle$Holder.invokeSpecial(java.lang.Object, java.lang.Object, java.lang.Object, int, java.lang.Object)'> (0x000000009762a8e8) 
thrown [s\src\hotspot\share\interpreter\linkResolver.cpp, line 759]
Event: 944.077 Thread 0x000002217ade94e0 Exception <a 'java/lang/NoSuchMethodError'{0x0000000097542fe0}: 'java.lang.Object java.lang.invoke.Invokers$Holder.linkToTargetMethod(java.lang.Object, java.lang.Object, java.lang.Object, java.lang.Object, java.lang.Object, java.lang.Object, java.lang.Object, java.lang.Object, java.lang.Object, java.lang.Object)'> (0x0000000097542fe0) 
thrown [s\src\hotspot\share\interpreter\linkResolver.cpp, line 759]
Event: 944.078 Thread 0x000002217ade94e0 Exception <a 'java/lang/NoSuchMethodError'{0x0000000097549f28}: 'int java.lang.invoke.DirectMethodHandle$Holder.invokeSpecial(java.lang.Object, java.lang.Object, int)'> (0x0000000097549f28) 
thrown [s\src\hotspot\share\interpreter\linkResolver.cpp, line 759]
Event: 944.119 Thread 0x000002217ade94e0 Exception <a 'java/lang/IncompatibleClassChangeError'{0x000000009743a098}: Found class java.lang.Object, but interface was expected> (0x000000009743a098) 
thrown [s\src\hotspot\share\interpreter\linkResolver.cpp, line 826]
Event: 944.565 Thread 0x000002217ade94e0 Exception <a 'java/lang/NoSuchMethodError'{0x0000000096608f48}: 'java.lang.Object java.lang.invoke.DirectMethodHandle$Holder.newInvokeSpecial(java.lang.Object, java.lang.Object, int, java.lang.Object, java.lang.Object, java.lang.Object)'> (0x0000000096608f48) 
thrown [s\src\hotspot\share\interpreter\linkResolver.cpp, line 759]
Event: 944.565 Thread 0x000002217ade94e0 Exception <a 'java/lang/NoSuchMethodError'{0x00000000966110a8}: 'java.lang.Object java.lang.invoke.Invokers$Holder.linkToTargetMethod(java.lang.Object, int, java.lang.Object, java.lang.Object, java.lang.Object, java.lang.Object)'> (0x00000000966110a8) 
thrown [s\src\hotspot\share\interpreter\linkResolver.cpp, line 759]
Event: 944.584 Thread 0x000002217ade94e0 Exception <a 'java/lang/NoSuchMethodError'{0x0000000096521d48}: 'void java.lang.invoke.DirectMethodHandle$Holder.invokeStatic(java.lang.Object, java.lang.Object, java.lang.Object, java.lang.Object, java.lang.Object, java.lang.Object, java.lang.Object, java.lang.Object)'> (0x0000000096521d48) 
thrown [s\src\hotspot\share\interpreter\linkResolver.cpp, line 759]
Event: 944.638 Thread 0x000002217ade94e0 Exception <a 'java/lang/IncompatibleClassChangeError'{0x0000000096204578}: Found class java.lang.Object, but interface was expected> (0x0000000096204578) 
thrown [s\src\hotspot\share\interpreter\linkResolver.cpp, line 826]
Event: 944.695 Thread 0x000002217ade94e0 Exception <a 'sun/nio/fs/WindowsException'{0x000000009604ff68}> (0x000000009604ff68) 
thrown [s\src\hotspot\share\prims\jni.cpp, line 516]
Event: 946.292 Thread 0x000002217ab296e0 Exception <a 'sun/nio/fs/WindowsException'{0x00000000956a8418}> (0x00000000956a8418) 
thrown [s\src\hotspot\share\prims\jni.cpp, line 516]
Event: 946.393 Thread 0x000002217ab296e0 Exception <a 'java/lang/NoSuchMethodError'{0x0000000094e2d7c0}: 'long java.lang.invoke.DirectMethodHandle$Holder.invokeStatic(java.lang.Object, java.lang.Object, java.lang.Object)'> (0x0000000094e2d7c0) 
thrown [s\src\hotspot\share\interpreter\linkResolver.cpp, line 759]
Event: 946.554 Thread 0x000002217ab296e0 Exception <a 'sun/nio/fs/WindowsException'{0x0000000094303f90}> (0x0000000094303f90) 
thrown [s\src\hotspot\share\prims\jni.cpp, line 516]

VM Operations (20 events):
Event: 944.396 Executing VM operation: ICBufferFull done
Event: 944.476 Executing VM operation: ICBufferFull
Event: 944.476 Executing VM operation: ICBufferFull done
Event: 944.596 Executing VM operation: HandshakeAllThreads
Event: 944.596 Executing VM operation: HandshakeAllThreads done
Event: 944.631 Executing VM operation: ICBufferFull
Event: 944.632 Executing VM operation: ICBufferFull done
Event: 944.640 Executing VM operation: HandshakeAllThreads
Event: 944.640 Executing VM operation: HandshakeAllThreads done
Event: 944.687 Executing VM operation: HandshakeAllThreads
Event: 944.687 Executing VM operation: HandshakeAllThreads done
Event: 945.699 Executing VM operation: Cleanup
Event: 945.700 Executing VM operation: Cleanup done
Event: 946.340 Executing VM operation: HandshakeAllThreads
Event: 946.341 Executing VM operation: HandshakeAllThreads done
Event: 946.392 Executing VM operation: HandshakeAllThreads
Event: 946.392 Executing VM operation: HandshakeAllThreads done
Event: 946.512 Executing VM operation: ICBufferFull
Event: 946.512 Executing VM operation: ICBufferFull done
Event: 946.899 Executing VM operation: G1CollectForAllocation

Events (20 events):
Event: 943.157 Thread 0x00000221741c87c0 flushing nmethod 0x000002215fc73990
Event: 943.157 Thread 0x00000221741c87c0 flushing nmethod 0x000002215fc9e210
Event: 943.157 Thread 0x00000221741c87c0 flushing nmethod 0x000002215fcd3690
Event: 943.157 Thread 0x00000221741c87c0 flushing nmethod 0x000002215fcd7c10
Event: 943.157 Thread 0x00000221741c87c0 flushing nmethod 0x000002215fcd8190
Event: 943.157 Thread 0x00000221741c87c0 flushing nmethod 0x000002215fcdb290
Event: 943.157 Thread 0x00000221741c87c0 flushing nmethod 0x000002215fcdd190
Event: 943.157 Thread 0x00000221741c87c0 flushing nmethod 0x000002215fcdd690
Event: 943.157 Thread 0x00000221741c87c0 flushing nmethod 0x000002215fd09490
Event: 943.157 Thread 0x00000221741c87c0 flushing nmethod 0x000002215fd0db10
Event: 943.157 Thread 0x00000221741c87c0 flushing nmethod 0x000002215fd1c490
Event: 943.157 Thread 0x00000221741c87c0 flushing nmethod 0x000002215fd1c810
Event: 943.157 Thread 0x00000221741c87c0 flushing nmethod 0x000002215fd29210
Event: 943.157 Thread 0x00000221741c87c0 flushing nmethod 0x000002215fd9c190
Event: 943.157 Thread 0x00000221741c87c0 flushing nmethod 0x000002215fd9e010
Event: 943.157 Thread 0x00000221741c87c0 flushing nmethod 0x000002215fda3490
Event: 943.158 Thread 0x00000221741c87c0 flushing nmethod 0x000002215fe48190
Event: 943.158 Thread 0x00000221741c87c0 flushing nmethod 0x000002215fe48c10
Event: 943.158 Thread 0x00000221741c87c0 flushing nmethod 0x000002215fe4a410
Event: 943.158 Thread 0x00000221741c87c0 flushing nmethod 0x000002215feeac10


Dynamic libraries:
0x00007ff65e360000 - 0x00007ff65e36e000 	C:\Users\amrhi\.jdks\azul-18.0.2.1\bin\java.exe
0x00007ffecd990000 - 0x00007ffecdba7000 	C:\WINDOWS\SYSTEM32\ntdll.dll
0x00007ffeccae0000 - 0x00007ffeccba4000 	C:\WINDOWS\System32\KERNEL32.DLL
0x00007ffecae00000 - 0x00007ffecb1ad000 	C:\WINDOWS\System32\KERNELBASE.dll
0x00007ffecb1b0000 - 0x00007ffecb2c1000 	C:\WINDOWS\System32\ucrtbase.dll
0x00007ffe8a9a0000 - 0x00007ffe8a9b7000 	C:\Users\amrhi\.jdks\azul-18.0.2.1\bin\jli.dll
0x00007ffe87940000 - 0x00007ffe8795b000 	C:\Users\amrhi\.jdks\azul-18.0.2.1\bin\VCRUNTIME140.dll
0x00007ffecc4b0000 - 0x00007ffecc65e000 	C:\WINDOWS\System32\USER32.dll
0x00007ffecb3a0000 - 0x00007ffecb3c6000 	C:\WINDOWS\System32\win32u.dll
0x00007ffecbb50000 - 0x00007ffecbb79000 	C:\WINDOWS\System32\GDI32.dll
0x00007ffecb3d0000 - 0x00007ffecb4e9000 	C:\WINDOWS\System32\gdi32full.dll
0x00007ffecb2d0000 - 0x00007ffecb36a000 	C:\WINDOWS\System32\msvcp_win.dll
0x00007ffeaf550000 - 0x00007ffeaf7e3000 	C:\WINDOWS\WinSxS\amd64_microsoft.windows.common-controls_6595b64144ccf1df_6.0.22621.3672_none_2713b9d173822955\COMCTL32.dll
0x00007ffeccef0000 - 0x00007ffeccf97000 	C:\WINDOWS\System32\msvcrt.dll
0x00007ffecd900000 - 0x00007ffecd931000 	C:\WINDOWS\System32\IMM32.DLL
0x00007ffe94980000 - 0x00007ffe9498c000 	C:\Users\amrhi\.jdks\azul-18.0.2.1\bin\vcruntime140_1.dll
0x00007ffe757e0000 - 0x00007ffe7586d000 	C:\Users\amrhi\.jdks\azul-18.0.2.1\bin\msvcp140.dll
0x00007ffe41540000 - 0x00007ffe421e0000 	C:\Users\amrhi\.jdks\azul-18.0.2.1\bin\server\jvm.dll
0x00007ffecba90000 - 0x00007ffecbb42000 	C:\WINDOWS\System32\ADVAPI32.dll
0x00007ffecccf0000 - 0x00007ffeccd99000 	C:\WINDOWS\System32\sechost.dll
0x00007ffecb370000 - 0x00007ffecb398000 	C:\WINDOWS\System32\bcrypt.dll
0x00007ffecc9c0000 - 0x00007ffeccad4000 	C:\WINDOWS\System32\RPCRT4.dll
0x00007ffec2010000 - 0x00007ffec201a000 	C:\WINDOWS\SYSTEM32\VERSION.dll
0x00007ffea8280000 - 0x00007ffea8289000 	C:\WINDOWS\SYSTEM32\WSOCK32.dll
0x00007ffecc840000 - 0x00007ffecc8b1000 	C:\WINDOWS\System32\WS2_32.dll
0x00007ffecb6f0000 - 0x00007ffecb6f8000 	C:\WINDOWS\System32\PSAPI.DLL
0x00007ffec2310000 - 0x00007ffec2344000 	C:\WINDOWS\SYSTEM32\WINMM.dll
0x00007ffec9de0000 - 0x00007ffec9df8000 	C:\WINDOWS\SYSTEM32\kernel.appcore.dll
0x00007ffe8ea30000 - 0x00007ffe8ea3a000 	C:\Users\amrhi\.jdks\azul-18.0.2.1\bin\jimage.dll
0x00007ffec8170000 - 0x00007ffec83a2000 	C:\WINDOWS\SYSTEM32\DBGHELP.DLL
0x00007ffecb700000 - 0x00007ffecba88000 	C:\WINDOWS\System32\combase.dll
0x00007ffeccbb0000 - 0x00007ffeccc87000 	C:\WINDOWS\System32\OLEAUT32.dll
0x00007ffec3110000 - 0x00007ffec3142000 	C:\WINDOWS\SYSTEM32\dbgcore.DLL
0x00007ffecacc0000 - 0x00007ffecad3b000 	C:\WINDOWS\System32\bcryptPrimitives.dll
0x00007ffe82530000 - 0x00007ffe82555000 	C:\Users\amrhi\.jdks\azul-18.0.2.1\bin\java.dll
0x00007ffe75700000 - 0x00007ffe757d7000 	C:\Users\amrhi\.jdks\azul-18.0.2.1\bin\jsvml.dll
0x00007ffeccfa0000 - 0x00007ffecd7ff000 	C:\WINDOWS\System32\SHELL32.dll
0x00007ffec8c10000 - 0x00007ffec950c000 	C:\WINDOWS\SYSTEM32\windows.storage.dll
0x00007ffec8ac0000 - 0x00007ffec8bff000 	C:\WINDOWS\SYSTEM32\wintypes.dll
0x00007ffecd800000 - 0x00007ffecd8f4000 	C:\WINDOWS\System32\SHCORE.dll
0x00007ffecce90000 - 0x00007ffecceee000 	C:\WINDOWS\System32\shlwapi.dll
0x00007ffecabf0000 - 0x00007ffecac11000 	C:\WINDOWS\SYSTEM32\profapi.dll
0x00007ffe828e0000 - 0x00007ffe828f3000 	C:\Users\amrhi\.jdks\azul-18.0.2.1\bin\net.dll
0x00007ffec3dd0000 - 0x00007ffec3f06000 	C:\WINDOWS\SYSTEM32\WINHTTP.dll
0x00007ffeca250000 - 0x00007ffeca2b9000 	C:\WINDOWS\system32\mswsock.dll
0x00007ffe7ced0000 - 0x00007ffe7cee6000 	C:\Users\amrhi\.jdks\azul-18.0.2.1\bin\nio.dll
0x00007ffe85370000 - 0x00007ffe85388000 	C:\Users\amrhi\.jdks\azul-18.0.2.1\bin\zip.dll
0x00007ffe8c9c0000 - 0x00007ffe8c9d0000 	C:\Users\amrhi\.jdks\azul-18.0.2.1\bin\verify.dll
0x00007ffe5cca0000 - 0x00007ffe5ccc7000 	C:\Users\amrhi\.gradle\native\e1d6ef7f7dcc3fd88c89a11ec53ec762bb8ba0a96d01ffa2cd45eb1d1d8dd5c5\windows-amd64\native-platform.dll
0x00007ffe3dea0000 - 0x00007ffe3dfe4000 	C:\Users\amrhi\.gradle\native\0d407fdbe67a94daf76414ababcb853783967236a71b16ec16e742cd7a986fd3\windows-amd64\native-platform-file-events.dll
0x00007ffe8b4d0000 - 0x00007ffe8b4d9000 	C:\Users\amrhi\.jdks\azul-18.0.2.1\bin\management.dll
0x00007ffe87930000 - 0x00007ffe8793b000 	C:\Users\amrhi\.jdks\azul-18.0.2.1\bin\management_ext.dll
0x00007ffeca4b0000 - 0x00007ffeca4cb000 	C:\WINDOWS\SYSTEM32\CRYPTSP.dll
0x00007ffec9d40000 - 0x00007ffec9d75000 	C:\WINDOWS\system32\rsaenh.dll
0x00007ffeca350000 - 0x00007ffeca378000 	C:\WINDOWS\SYSTEM32\USERENV.dll
0x00007ffeca4d0000 - 0x00007ffeca4dc000 	C:\WINDOWS\SYSTEM32\CRYPTBASE.dll
0x00007ffec97f0000 - 0x00007ffec981d000 	C:\WINDOWS\SYSTEM32\IPHLPAPI.DLL
0x00007ffecc4a0000 - 0x00007ffecc4a9000 	C:\WINDOWS\System32\NSI.dll
0x00007ffec3db0000 - 0x00007ffec3dc9000 	C:\WINDOWS\SYSTEM32\dhcpcsvc6.DLL
0x00007ffec3a40000 - 0x00007ffec3a5f000 	C:\WINDOWS\SYSTEM32\dhcpcsvc.DLL
0x00007ffec9820000 - 0x00007ffec9918000 	C:\WINDOWS\SYSTEM32\DNSAPI.dll
0x00007ffe9c660000 - 0x00007ffe9c677000 	C:\WINDOWS\system32\napinsp.dll
0x00007ffe9c640000 - 0x00007ffe9c65b000 	C:\WINDOWS\system32\pnrpnsp.dll
0x00007ffe9c620000 - 0x00007ffe9c631000 	C:\WINDOWS\System32\winrnr.dll
0x00007ffec21f0000 - 0x00007ffec2205000 	C:\WINDOWS\system32\wshbth.dll
0x00007ffe9c5f0000 - 0x00007ffe9c617000 	C:\WINDOWS\system32\nlansp_c.dll
0x00007ffec3da0000 - 0x00007ffec3daa000 	C:\Windows\System32\rasadhlp.dll
0x00007ffec1c40000 - 0x00007ffec1cc3000 	C:\WINDOWS\System32\fwpuclnt.dll
0x00007ffec25f0000 - 0x00007ffec260e000 	C:\Users\amrhi\AppData\Local\Temp\native-platform16301186073515579167dir\native-platform.dll
0x00007ffec2460000 - 0x00007ffec2467000 	C:\Users\amrhi\.jdks\azul-18.0.2.1\bin\rmi.dll

dbghelp: loaded successfully - version: 4.0.5 - missing functions: none
symbol engine: initialized successfully - sym options: 0x614 - pdb path: .;C:\Users\amrhi\.jdks\azul-18.0.2.1\bin;C:\WINDOWS\SYSTEM32;C:\WINDOWS\WinSxS\amd64_microsoft.windows.common-controls_6595b64144ccf1df_6.0.22621.3672_none_2713b9d173822955;C:\Users\amrhi\.jdks\azul-18.0.2.1\bin\server;C:\Users\amrhi\.gradle\native\e1d6ef7f7dcc3fd88c89a11ec53ec762bb8ba0a96d01ffa2cd45eb1d1d8dd5c5\windows-amd64;C:\Users\amrhi\.gradle\native\0d407fdbe67a94daf76414ababcb853783967236a71b16ec16e742cd7a986fd3\windows-amd64;C:\Users\amrhi\AppData\Local\Temp\native-platform16301186073515579167dir

VM Arguments:
jvm_args: --add-opens=java.base/java.util=ALL-UNNAMED --add-opens=java.base/java.lang=ALL-UNNAMED --add-opens=java.base/java.lang.invoke=ALL-UNNAMED --add-opens=java.base/java.util=ALL-UNNAMED --add-opens=java.prefs/java.util.prefs=ALL-UNNAMED --add-opens=java.prefs/java.util.prefs=ALL-UNNAMED --add-opens=java.base/java.nio.charset=ALL-UNNAMED --add-opens=java.base/java.net=ALL-UNNAMED --add-opens=java.base/java.util.concurrent.atomic=ALL-UNNAMED -Xmx2048m -Dfile.encoding=UTF-8 -Duser.country=US -Duser.language=en -Duser.variant 
java_command: org.gradle.launcher.daemon.bootstrap.GradleDaemon 7.5
java_class_path (initial): C:\Users\amrhi\.gradle\wrapper\dists\gradle-7.5-bin\f1w0cc9nuo0eivz97x2xlu9sv\gradle-7.5\lib\gradle-launcher-7.5.jar
Launcher Type: SUN_STANDARD

[Global flags]
     intx CICompilerCount                          = 4                                         {product} {ergonomic}
     uint ConcGCThreads                            = 2                                         {product} {ergonomic}
     uint G1ConcRefinementThreads                  = 8                                         {product} {ergonomic}
   size_t G1HeapRegionSize                         = 1048576                                   {product} {ergonomic}
    uintx GCDrainStackTargetSize                   = 64                                        {product} {ergonomic}
   size_t InitialHeapSize                          = 130023424                                 {product} {ergonomic}
   size_t MarkStackSize                            = 4194304                                   {product} {ergonomic}
   size_t MaxHeapSize                              = 2147483648                                {product} {command line}
   size_t MaxNewSize                               = 1287651328                                {product} {ergonomic}
   size_t MinHeapDeltaBytes                        = 1048576                                   {product} {ergonomic}
   size_t MinHeapSize                              = 8388608                                   {product} {ergonomic}
    uintx NonNMethodCodeHeapSize                   = 5839372                                {pd product} {ergonomic}
    uintx NonProfiledCodeHeapSize                  = 122909434                              {pd product} {ergonomic}
    uintx ProfiledCodeHeapSize                     = 122909434                              {pd product} {ergonomic}
    uintx ReservedCodeCacheSize                    = 251658240                              {pd product} {ergonomic}
     bool SegmentedCodeCache                       = true                                      {product} {ergonomic}
   size_t SoftMaxHeapSize                          = 2147483648                             {manageable} {ergonomic}
     bool UseCompressedClassPointers               = true                           {product lp64_product} {ergonomic}
     bool UseCompressedOops                        = true                           {product lp64_product} {ergonomic}
     bool UseG1GC                                  = true                                      {product} {ergonomic}
     bool UseLargePagesIndividualAllocation        = false                                  {pd product} {ergonomic}

Logging:
Log output configuration:
 #0: stdout all=warning uptime,level,tags foldmultilines=false
 #1: stderr all=off uptime,level,tags foldmultilines=false

Environment Variables:
PATH=C:\Program Files (x86)\Common Files\Intel\Shared Files\fortran\bin\Intel64;C:\Program Files (x86)\Common Files\Intel\Shared Libraries\redist\intel64_win\mpirt;C:\Program Files (x86)\Common Files\Intel\Shared Libraries\redist\intel64_win\compiler;C:\Program Files (x86)\Common Files\Oracle\Java\javapath;C:\Windows\system32;C:\Windows;C:\Windows\System32\Wbem;C:\Windows\System32\WindowsPowerShell\v1.0\;C:\Windows\System32\OpenSSH\;C:\Program Files (x86)\NVIDIA Corporation\PhysX\Common;C:\Program Files\NVIDIA Corporation\NVIDIA NvDLISR;C:\WINDOWS\system32;C:\WINDOWS;C:\WINDOWS\System32\Wbem;C:\WINDOWS\System32\WindowsPowerShell\v1.0\;C:\WINDOWS\System32\OpenSSH\;C:\Program Files\Microsoft SQL Server\110\Tools\Binn\;C:\Program Files\Git\cmd;C:\Program Files\MySQL\MySQL Shell 8.0\bin\;C:\Users\amrhi\AppData\Local\Microsoft\WindowsApps;
USERNAME=amrhi
OS=Windows_NT
PROCESSOR_IDENTIFIER=Intel64 Family 6 Model 140 Stepping 1, GenuineIntel



---------------  S Y S T E M  ---------------

OS:
 Windows 11 , 64 bit Build 22621 (10.0.22621.3672)
OS uptime: 0 days 0:47 hours

CPU: total 8 (initial active 8) (4 cores per cpu, 2 threads per core) family 6 model 140 stepping 1 microcode 0x86, cx8, cmov, fxsr, ht, mmx, 3dnowpref, sse, sse2, sse3, ssse3, sse4.1, sse4.2, popcnt, lzcnt, tsc, tscinvbit, avx, avx2, aes, erms, clmul, bmi1, bmi2, adx, avx512f, avx512dq, avx512cd, avx512bw, avx512vl, sha, fma, vzeroupper, avx512_vpopcntdq, avx512_vpclmulqdq, avx512_vaes, avx512_vnni, clflush, clflushopt, clwb, avx512_vbmi2, avx512_vbmi

Memory: 4k page, system-wide physical 7886M (185M free)
TotalPageFile size 22338M (AvailPageFile size 41M)
current process WorkingSet (physical memory assigned to process): 475M, peak: 508M
current process commit charge ("private bytes"): 841M, peak: 906M

vm_info: OpenJDK 64-Bit Server VM (18.0.2.1+1) for windows-amd64 JRE (18.0.2.1+1) (Zulu18.32+13-CA), built on Aug 23 2022 15:53:35 by "zulu_re" with MS VC++ 16.10 / 16.11 (VS2019)

END.
