#
# There is insufficient memory for the Java Runtime Environment to continue.
# Native memory allocation (mmap) failed to map 125829120 bytes for G1 virtual space
# Possible reasons:
#   The system is out of physical RAM or swap space
#   The process is running with CompressedOops enabled, and the Java Heap may be blocking the growth of the native heap
# Possible solutions:
#   Reduce memory load on the system
#   Increase physical memory or swap space
#   Check if swap backing store is full
#   Decrease Java heap size (-Xmx/-Xms)
#   Decrease number of Java threads
#   Decrease Java thread stack sizes (-Xss)
#   Set larger code cache with -XX:ReservedCodeCacheSize=
#   JVM is running with Unscaled Compressed Oops mode in which the Java heap is
#     placed in the first 4GB address space. The Java Heap base address is the
#     maximum limit for the native heap growth. Please use -XX:HeapBaseMinAddress
#     to set the Java Heap base and to place the Java Heap above 4GB virtual address.
# This output file may be truncated or incomplete.
#
#  Out of Memory Error (os_windows.cpp:3530), pid=8420, tid=15776
#
# JRE version: OpenJDK Runtime Environment Zulu18.32+13-CA (18.0.2.1+1) (build 18.0.2.1+1)
# Java VM: OpenJDK 64-Bit Server VM Zulu18.32+13-CA (18.0.2.1+1, mixed mode, sharing, tiered, compressed oops, compressed class ptrs, g1 gc, windows-amd64)
# No core dump will be written. Minidumps are not enabled by default on client versions of Windows
#

---------------  S U M M A R Y ------------

Command Line: --add-opens=java.base/java.util=ALL-UNNAMED --add-opens=java.base/java.lang=ALL-UNNAMED --add-opens=java.base/java.lang.invoke=ALL-UNNAMED --add-opens=java.base/java.util=ALL-UNNAMED --add-opens=java.prefs/java.util.prefs=ALL-UNNAMED --add-opens=java.prefs/java.util.prefs=ALL-UNNAMED --add-opens=java.base/java.nio.charset=ALL-UNNAMED --add-opens=java.base/java.net=ALL-UNNAMED --add-opens=java.base/java.util.concurrent.atomic=ALL-UNNAMED -Xmx2048m -Dfile.encoding=UTF-8 -Duser.country=US -Duser.language=en -Duser.variant org.gradle.launcher.daemon.bootstrap.GradleDaemon 7.5

Host: 11th Gen Intel(R) Core(TM) i5-1135G7 @ 2.40GHz, 8 cores, 7G,  Windows 11 , 64 bit Build 22621 (10.0.22621.3672)
Time: Fri Jul 12 16:00:07 2024 Egypt Daylight Time elapsed time: 504.739099 seconds (0d 0h 8m 24s)

---------------  T H R E A D  ---------------

Current thread (0x0000020ec52e3aa0):  VMThread "VM Thread" [stack: 0x0000007474700000,0x0000007474800000] [id=15776]

Stack: [0x0000007474700000,0x0000007474800000]
Native frames: (J=compiled Java code, j=interpreted, Vv=VM code, C=native code)
V  [jvm.dll+0x69ea0a]
V  [jvm.dll+0x84dfbd]
V  [jvm.dll+0x84f8ce]
V  [jvm.dll+0x84ff83]
V  [jvm.dll+0x25fa1f]
V  [jvm.dll+0x69b959]
V  [jvm.dll+0x69048a]
V  [jvm.dll+0x32579b]
V  [jvm.dll+0x32d0e6]
V  [jvm.dll+0x381cae]
V  [jvm.dll+0x381edf]
V  [jvm.dll+0x2fd48a]
V  [jvm.dll+0x300286]
V  [jvm.dll+0x30a785]
V  [jvm.dll+0x33f8f0]
V  [jvm.dll+0x854d6b]
V  [jvm.dll+0x855b04]
V  [jvm.dll+0x85603d]
V  [jvm.dll+0x856494]
V  [jvm.dll+0x856557]
V  [jvm.dll+0x7fa6da]
V  [jvm.dll+0x69d8b5]
C  [ucrtbase.dll+0x29333]
C  [KERNEL32.DLL+0x1257d]
C  [ntdll.dll+0x5af28]

VM_Operation (0x00000074743ff7c0): G1Concurrent, mode: safepoint, requested by thread 0x0000020ec52da590


---------------  P R O C E S S  ---------------

Threads class SMR info:
_java_thread_list=0x0000020ef0631860, length=154, elements={
0x0000020ec526a3c0, 0x0000020ee56c5980, 0x0000020ee56c6230, 0x0000020ee56e4730,
0x0000020ee56e4fe0, 0x0000020ee56e5890, 0x0000020ee56e6140, 0x0000020ee56eed30,
0x0000020ee56f6d30, 0x0000020ee56fa600, 0x0000020ee99ba770, 0x0000020ee99bae50,
0x0000020eeb0f3050, 0x0000020eeaf7e940, 0x0000020eeb2dd9a0, 0x0000020eeaf79d40,
0x0000020eeaf7b080, 0x0000020eeb6c67c0, 0x0000020eeb6c2e00, 0x0000020eeb6c4140,
0x0000020eeb6c4610, 0x0000020eeb6c4fb0, 0x0000020eeb6c62f0, 0x0000020ee9ade4d0,
0x0000020ee9ae19c0, 0x0000020eee80b4f0, 0x0000020eee808000, 0x0000020eee809810,
0x0000020eee80e510, 0x0000020eee80ab50, 0x0000020eee80d6a0, 0x0000020eebb4fe10,
0x0000020eebb4e600, 0x0000020ee9adee70, 0x0000020ee9ae0680, 0x0000020ee9ae31d0,
0x0000020ee9adc7f0, 0x0000020ee9adccc0, 0x0000020ee9adf340, 0x0000020ee9adf810,
0x0000020ee9ae14f0, 0x0000020ee9add660, 0x0000020ee9ae3b70, 0x0000020ee9adc320,
0x0000020ee9ae1e90, 0x0000020ee9adfce0, 0x0000020ee9ae0b50, 0x0000020ee9addb30,
0x0000020ee9ae1020, 0x0000020ee9ae2360, 0x0000020ee9ade000, 0x0000020eee80f850,
0x0000020eee80c360, 0x0000020eee809ce0, 0x0000020eee80e040, 0x0000020eee80f380,
0x0000020eee8084d0, 0x0000020eee80a1b0, 0x0000020eee80c830, 0x0000020eee80db70,
0x0000020eee809340, 0x0000020eee80a680, 0x0000020eee80cd00, 0x0000020eee80d1d0,
0x0000020eec9bc670, 0x0000020eec9b9180, 0x0000020eec9ba4c0, 0x0000020eec9bae60,
0x0000020eec9bcb40, 0x0000020eec9bd010, 0x0000020eec9bd4e0, 0x0000020eec9b9650,
0x0000020eec9b8310, 0x0000020eec9bde80, 0x0000020eec9be350, 0x0000020eec9b87e0,
0x0000020eec9be820, 0x0000020ee9a0aad0, 0x0000020ee9a0daf0, 0x0000020ee9a07f80,
0x0000020ee9a0c2e0, 0x0000020ee9a0ee30, 0x0000020ee9a0afa0, 0x0000020ee9a0cc80,
0x0000020ee9a0d150, 0x0000020ee9a0e960, 0x0000020ee9a0dfc0, 0x0000020ee9a092c0,
0x0000020ee9a0b940, 0x0000020eebb4d790, 0x0000020eebb4ac40, 0x0000020eebb4efa0,
0x0000020eebb4f470, 0x0000020eebb4f940, 0x0000020eebb51150, 0x0000020eebb502e0,
0x0000020eebb50c80, 0x0000020eebb4b110, 0x0000020eebb4bf80, 0x0000020eebb4c920,
0x0000020eeb6c32d0, 0x0000020eeb6c37a0, 0x0000020eeb6c4ae0, 0x0000020eeb6c3c70,
0x0000020eeaf7b550, 0x0000020eeaf7a6e0, 0x0000020eeb8cb280, 0x0000020eeb8c60b0,
0x0000020eeb8c4d70, 0x0000020eeb8c5be0, 0x0000020eeb8c8730, 0x0000020eeb8cb750,
0x0000020eeb8cbc20, 0x0000020eeb8c73f0, 0x0000020eeb8c78c0, 0x0000020eeb8c8c00,
0x0000020eeb8c95a0, 0x0000020eeb8cadb0, 0x0000020eeb8c9a70, 0x0000020eeb8c9f40,
0x0000020eeb8c90d0, 0x0000020eeb8c6580, 0x0000020eeb8c8260, 0x0000020eeb8c48a0,
0x0000020eeb8ca410, 0x0000020eeb8cc0f0, 0x0000020eeb8ca8e0, 0x0000020eeb8c5710,
0x0000020eeb8c6a50, 0x0000020eeb9b6a90, 0x0000020eeb9b8c40, 0x0000020eeb9b9110,
0x0000020eeb9b9ab0, 0x0000020eeb9b7dd0, 0x0000020eeb9b6f60, 0x0000020eeb9b7900,
0x0000020eeb9b95e0, 0x0000020eeb9b65c0, 0x0000020ef66d8850, 0x0000020ef66d7510,
0x0000020ef66d79e0, 0x0000020ef66d7eb0, 0x0000020ef66d8380, 0x0000020ef66d96c0,
0x0000020eec9bf690, 0x0000020ef0f3f160, 0x0000020ef0f42ff0, 0x0000020ef0f41310,
0x0000020ef0f42b20, 0x0000020ef0f43990, 0x0000020ef0f41cb0, 0x0000020ef0f417e0,
0x0000020ef0f42650, 0x0000020ef0f3ffd0
}

Java Threads: ( => current thread )
  0x0000020ec526a3c0 JavaThread "main" [_thread_blocked, id=18248, stack(0x0000007474100000,0x0000007474200000)]
  0x0000020ee56c5980 JavaThread "Reference Handler" daemon [_thread_blocked, id=14464, stack(0x0000007474800000,0x0000007474900000)]
  0x0000020ee56c6230 JavaThread "Finalizer" daemon [_thread_blocked, id=11644, stack(0x0000007474900000,0x0000007474a00000)]
  0x0000020ee56e4730 JavaThread "Signal Dispatcher" daemon [_thread_blocked, id=16248, stack(0x0000007474a00000,0x0000007474b00000)]
  0x0000020ee56e4fe0 JavaThread "Attach Listener" daemon [_thread_blocked, id=764, stack(0x0000007474b00000,0x0000007474c00000)]
  0x0000020ee56e5890 JavaThread "Service Thread" daemon [_thread_blocked, id=8440, stack(0x0000007474c00000,0x0000007474d00000)]
  0x0000020ee56e6140 JavaThread "Monitor Deflation Thread" daemon [_thread_blocked, id=13464, stack(0x0000007474d00000,0x0000007474e00000)]
  0x0000020ee56eed30 JavaThread "C2 CompilerThread0" daemon [_thread_blocked, id=16308, stack(0x0000007474e00000,0x0000007474f00000)]
  0x0000020ee56f6d30 JavaThread "C1 CompilerThread0" daemon [_thread_blocked, id=2284, stack(0x0000007474f00000,0x0000007475000000)]
  0x0000020ee56fa600 JavaThread "Sweeper thread" daemon [_thread_blocked, id=17528, stack(0x0000007475000000,0x0000007475100000)]
  0x0000020ee99ba770 JavaThread "Common-Cleaner" daemon [_thread_blocked, id=11272, stack(0x0000007475100000,0x0000007475200000)]
  0x0000020ee99bae50 JavaThread "Notification Thread" daemon [_thread_blocked, id=1444, stack(0x0000007475200000,0x0000007475300000)]
  0x0000020eeb0f3050 JavaThread "Daemon health stats" [_thread_blocked, id=17592, stack(0x0000007475900000,0x0000007475a00000)]
  0x0000020eeaf7e940 JavaThread "Incoming local TCP Connector on port 54631" [_thread_in_native, id=14108, stack(0x0000007475800000,0x0000007475900000)]
  0x0000020eeb2dd9a0 JavaThread "Daemon periodic checks" [_thread_blocked, id=2204, stack(0x0000007475a00000,0x0000007475b00000)]
  0x0000020eeaf79d40 JavaThread "Cache worker for journal cache (C:\Users\amrhi\.gradle\caches\journal-1)" [_thread_blocked, id=160, stack(0x0000007476200000,0x0000007476300000)]
  0x0000020eeaf7b080 JavaThread "File lock request listener" [_thread_in_native, id=8472, stack(0x0000007476300000,0x0000007476400000)]
  0x0000020eeb6c67c0 JavaThread "Cache worker for file hash cache (C:\Users\amrhi\.gradle\caches\7.5\fileHashes)" [_thread_blocked, id=17812, stack(0x0000007476500000,0x0000007476600000)]
  0x0000020eeb6c2e00 JavaThread "File watcher server" daemon [_thread_blocked, id=17452, stack(0x0000007476900000,0x0000007476a00000)]
  0x0000020eeb6c4140 JavaThread "File watcher consumer" daemon [_thread_blocked, id=6604, stack(0x0000007476a00000,0x0000007476b00000)]
  0x0000020eeb6c4610 JavaThread "Cache worker for file content cache (C:\Users\amrhi\.gradle\caches\7.5\fileContent)" [_thread_blocked, id=2684, stack(0x0000007476d00000,0x0000007476e00000)]
  0x0000020eeb6c4fb0 JavaThread "Cache worker for execution history cache (C:\Users\amrhi\.gradle\caches\7.5\executionHistory)" [_thread_blocked, id=17872, stack(0x0000007477200000,0x0000007477300000)]
  0x0000020eeb6c62f0 JavaThread "jar transforms" [_thread_blocked, id=12468, stack(0x0000007477300000,0x0000007477400000)]
  0x0000020ee9ade4d0 JavaThread "jar transforms Thread 2" [_thread_blocked, id=6136, stack(0x0000007477400000,0x0000007477500000)]
  0x0000020ee9ae19c0 JavaThread "jar transforms Thread 3" [_thread_blocked, id=17152, stack(0x0000007477600000,0x0000007477700000)]
  0x0000020eee80b4f0 JavaThread "jar transforms Thread 4" [_thread_blocked, id=18024, stack(0x000000747c800000,0x000000747c900000)]
  0x0000020eee808000 JavaThread "jar transforms Thread 5" [_thread_blocked, id=4124, stack(0x000000747c900000,0x000000747ca00000)]
  0x0000020eee809810 JavaThread "jar transforms Thread 6" [_thread_blocked, id=12356, stack(0x000000747ca00000,0x000000747cb00000)]
  0x0000020eee80e510 JavaThread "jar transforms Thread 7" [_thread_blocked, id=9100, stack(0x000000747cb00000,0x000000747cc00000)]
  0x0000020eee80ab50 JavaThread "jar transforms Thread 8" [_thread_blocked, id=18072, stack(0x000000747cc00000,0x000000747cd00000)]
  0x0000020eee80d6a0 JavaThread "Memory manager" [_thread_blocked, id=11240, stack(0x000000747ce00000,0x000000747cf00000)]
  0x0000020eebb4fe10 JavaThread "pool-3-thread-1" [_thread_blocked, id=14300, stack(0x000000747d000000,0x000000747d100000)]
  0x0000020eebb4e600 JavaThread "Cache worker for Java compile cache (C:\Users\amrhi\.gradle\caches\7.5\javaCompile)" [_thread_blocked, id=4360, stack(0x000000747de00000,0x000000747df00000)]
  0x0000020ee9adee70 JavaThread "Daemon Thread 2" [_thread_blocked, id=12984, stack(0x0000007473e00000,0x0000007473f00000)]
  0x0000020ee9ae0680 JavaThread "Handler for socket connection from /127.0.0.1:54631 to /127.0.0.1:55165" [_thread_in_native, id=1848, stack(0x0000007473f00000,0x0000007474000000)]
  0x0000020ee9ae31d0 JavaThread "Cancel handler" [_thread_blocked, id=12412, stack(0x0000007474000000,0x0000007474100000)]
  0x0000020ee9adc7f0 JavaThread "Daemon worker Thread 2" [_thread_blocked, id=11572, stack(0x0000007475b00000,0x0000007475c00000)]
  0x0000020ee9adccc0 JavaThread "Asynchronous log dispatcher for DefaultDaemonConnection: socket connection from /127.0.0.1:54631 to /127.0.0.1:55165" [_thread_blocked, id=13388, stack(0x0000007475c00000,0x0000007475d00000)]
  0x0000020ee9adf340 JavaThread "Daemon client event forwarder" [_thread_blocked, id=17180, stack(0x0000007475e00000,0x0000007475f00000)]
  0x0000020ee9adf810 JavaThread "Cache worker for checksums cache (C:\Users\amrhi\AndroidStudioProjects\Important Projects\UncleJacks\.gradle\7.5\checksums)" [_thread_blocked, id=17856, stack(0x0000007476000000,0x0000007476100000)]
  0x0000020ee9ae14f0 JavaThread "Cache worker for cache directory md-rule (C:\Users\amrhi\.gradle\caches\7.5\md-rule)" [_thread_blocked, id=11064, stack(0x0000007476100000,0x0000007476200000)]
  0x0000020ee9add660 JavaThread "Cache worker for file hash cache (C:\Users\amrhi\AndroidStudioProjects\Important Projects\UncleJacks\.gradle\7.5\fileHashes)" [_thread_blocked, id=17436, stack(0x0000007476400000,0x0000007476500000)]
  0x0000020ee9ae3b70 JavaThread "Cache worker for cache directory md-supplier (C:\Users\amrhi\.gradle\caches\7.5\md-supplier)" [_thread_blocked, id=16012, stack(0x0000007476b00000,0x0000007476c00000)]
  0x0000020ee9adc320 JavaThread "Cache worker for dependencies-accessors (C:\Users\amrhi\AndroidStudioProjects\Important Projects\UncleJacks\.gradle\7.5\dependencies-accessors)" [_thread_blocked, id=11196, stack(0x0000007476c00000,0x0000007476d00000)]
  0x0000020ee9ae1e90 JavaThread "Cache worker for Build Output Cleanup Cache (C:\Users\amrhi\AndroidStudioProjects\Important Projects\UncleJacks\.gradle\buildOutputCleanup)" [_thread_blocked, id=16636, stack(0x0000007475f00000,0x0000007476000000)]
  0x0000020ee9adfce0 JavaThread "Unconstrained build operations" [_thread_blocked, id=10312, stack(0x0000007477000000,0x0000007477100000)]
  0x0000020ee9ae0b50 JavaThread "Unconstrained build operations Thread 2" [_thread_blocked, id=15064, stack(0x0000007477100000,0x0000007477200000)]
  0x0000020ee9addb30 JavaThread "Unconstrained build operations Thread 3" [_thread_blocked, id=2112, stack(0x0000007477500000,0x0000007477600000)]
  0x0000020ee9ae1020 JavaThread "Unconstrained build operations Thread 4" [_thread_blocked, id=8032, stack(0x0000007477700000,0x0000007477800000)]
  0x0000020ee9ae2360 JavaThread "Unconstrained build operations Thread 5" [_thread_blocked, id=1380, stack(0x0000007477800000,0x0000007477900000)]
  0x0000020ee9ade000 JavaThread "Unconstrained build operations Thread 6" [_thread_blocked, id=2532, stack(0x0000007477900000,0x0000007477a00000)]
  0x0000020eee80f850 JavaThread "Unconstrained build operations Thread 7" [_thread_blocked, id=9952, stack(0x0000007477a00000,0x0000007477b00000)]
  0x0000020eee80c360 JavaThread "Unconstrained build operations Thread 8" [_thread_blocked, id=18124, stack(0x0000007477b00000,0x0000007477c00000)]
  0x0000020eee809ce0 JavaThread "Unconstrained build operations Thread 9" [_thread_blocked, id=2144, stack(0x0000007477c00000,0x0000007477d00000)]
  0x0000020eee80e040 JavaThread "Unconstrained build operations Thread 10" [_thread_blocked, id=8288, stack(0x0000007477d00000,0x0000007477e00000)]
  0x0000020eee80f380 JavaThread "Unconstrained build operations Thread 11" [_thread_blocked, id=11316, stack(0x0000007477e00000,0x0000007477f00000)]
  0x0000020eee8084d0 JavaThread "Unconstrained build operations Thread 12" [_thread_blocked, id=17088, stack(0x0000007477f00000,0x0000007478000000)]
  0x0000020eee80a1b0 JavaThread "Unconstrained build operations Thread 13" [_thread_blocked, id=13424, stack(0x0000007478000000,0x0000007478100000)]
  0x0000020eee80c830 JavaThread "Unconstrained build operations Thread 14" [_thread_blocked, id=9192, stack(0x0000007478100000,0x0000007478200000)]
  0x0000020eee80db70 JavaThread "Unconstrained build operations Thread 15" [_thread_blocked, id=9264, stack(0x0000007478200000,0x0000007478300000)]
  0x0000020eee809340 JavaThread "Unconstrained build operations Thread 16" [_thread_blocked, id=7240, stack(0x0000007478300000,0x0000007478400000)]
  0x0000020eee80a680 JavaThread "Unconstrained build operations Thread 17" [_thread_blocked, id=6052, stack(0x0000007478400000,0x0000007478500000)]
  0x0000020eee80cd00 JavaThread "Unconstrained build operations Thread 18" [_thread_blocked, id=13308, stack(0x0000007478500000,0x0000007478600000)]
  0x0000020eee80d1d0 JavaThread "Unconstrained build operations Thread 19" [_thread_blocked, id=17608, stack(0x0000007478600000,0x0000007478700000)]
  0x0000020eec9bc670 JavaThread "Unconstrained build operations Thread 20" [_thread_blocked, id=11672, stack(0x0000007478700000,0x0000007478800000)]
  0x0000020eec9b9180 JavaThread "Unconstrained build operations Thread 21" [_thread_blocked, id=15596, stack(0x0000007478800000,0x0000007478900000)]
  0x0000020eec9ba4c0 JavaThread "Unconstrained build operations Thread 22" [_thread_blocked, id=4016, stack(0x0000007478900000,0x0000007478a00000)]
  0x0000020eec9bae60 JavaThread "Unconstrained build operations Thread 23" [_thread_blocked, id=14180, stack(0x0000007478a00000,0x0000007478b00000)]
  0x0000020eec9bcb40 JavaThread "Unconstrained build operations Thread 24" [_thread_blocked, id=3084, stack(0x0000007478b00000,0x0000007478c00000)]
  0x0000020eec9bd010 JavaThread "Unconstrained build operations Thread 25" [_thread_blocked, id=8552, stack(0x0000007478c00000,0x0000007478d00000)]
  0x0000020eec9bd4e0 JavaThread "Unconstrained build operations Thread 26" [_thread_blocked, id=12892, stack(0x0000007478d00000,0x0000007478e00000)]
  0x0000020eec9b9650 JavaThread "Unconstrained build operations Thread 27" [_thread_blocked, id=11784, stack(0x0000007478e00000,0x0000007478f00000)]
  0x0000020eec9b8310 JavaThread "Unconstrained build operations Thread 28" [_thread_blocked, id=11652, stack(0x0000007478f00000,0x0000007479000000)]
  0x0000020eec9bde80 JavaThread "Unconstrained build operations Thread 29" [_thread_blocked, id=6020, stack(0x0000007479000000,0x0000007479100000)]
  0x0000020eec9be350 JavaThread "Unconstrained build operations Thread 30" [_thread_blocked, id=17148, stack(0x0000007479100000,0x0000007479200000)]
  0x0000020eec9b87e0 JavaThread "Unconstrained build operations Thread 31" [_thread_blocked, id=5140, stack(0x0000007479200000,0x0000007479300000)]
  0x0000020eec9be820 JavaThread "Unconstrained build operations Thread 32" [_thread_blocked, id=13000, stack(0x0000007479300000,0x0000007479400000)]
  0x0000020ee9a0aad0 JavaThread "Unconstrained build operations Thread 33" [_thread_blocked, id=5404, stack(0x0000007479400000,0x0000007479500000)]
  0x0000020ee9a0daf0 JavaThread "Unconstrained build operations Thread 34" [_thread_blocked, id=5956, stack(0x0000007479500000,0x0000007479600000)]
  0x0000020ee9a07f80 JavaThread "Unconstrained build operations Thread 35" [_thread_blocked, id=9936, stack(0x0000007479600000,0x0000007479700000)]
  0x0000020ee9a0c2e0 JavaThread "Unconstrained build operations Thread 36" [_thread_blocked, id=10248, stack(0x0000007479700000,0x0000007479800000)]
  0x0000020ee9a0ee30 JavaThread "Unconstrained build operations Thread 37" [_thread_blocked, id=8160, stack(0x0000007479800000,0x0000007479900000)]
  0x0000020ee9a0afa0 JavaThread "Unconstrained build operations Thread 38" [_thread_blocked, id=2152, stack(0x0000007479900000,0x0000007479a00000)]
  0x0000020ee9a0cc80 JavaThread "Unconstrained build operations Thread 39" [_thread_blocked, id=12568, stack(0x0000007479a00000,0x0000007479b00000)]
  0x0000020ee9a0d150 JavaThread "Unconstrained build operations Thread 40" [_thread_blocked, id=9528, stack(0x0000007479b00000,0x0000007479c00000)]
  0x0000020ee9a0e960 JavaThread "Unconstrained build operations Thread 41" [_thread_blocked, id=11312, stack(0x0000007479c00000,0x0000007479d00000)]
  0x0000020ee9a0dfc0 JavaThread "Unconstrained build operations Thread 42" [_thread_blocked, id=17384, stack(0x0000007479d00000,0x0000007479e00000)]
  0x0000020ee9a092c0 JavaThread "Unconstrained build operations Thread 43" [_thread_blocked, id=11076, stack(0x0000007479e00000,0x0000007479f00000)]
  0x0000020ee9a0b940 JavaThread "Unconstrained build operations Thread 44" [_thread_blocked, id=12680, stack(0x0000007479f00000,0x000000747a000000)]
  0x0000020eebb4d790 JavaThread "Unconstrained build operations Thread 45" [_thread_blocked, id=11876, stack(0x000000747a000000,0x000000747a100000)]
  0x0000020eebb4ac40 JavaThread "Unconstrained build operations Thread 46" [_thread_blocked, id=4892, stack(0x000000747a100000,0x000000747a200000)]
  0x0000020eebb4efa0 JavaThread "Unconstrained build operations Thread 47" [_thread_blocked, id=16572, stack(0x000000747a200000,0x000000747a300000)]
  0x0000020eebb4f470 JavaThread "Unconstrained build operations Thread 48" [_thread_blocked, id=5048, stack(0x000000747a300000,0x000000747a400000)]
  0x0000020eebb4f940 JavaThread "Unconstrained build operations Thread 49" [_thread_blocked, id=11680, stack(0x000000747a400000,0x000000747a500000)]
  0x0000020eebb51150 JavaThread "Unconstrained build operations Thread 50" [_thread_blocked, id=14408, stack(0x000000747a500000,0x000000747a600000)]
  0x0000020eebb502e0 JavaThread "Unconstrained build operations Thread 51" [_thread_blocked, id=13560, stack(0x000000747a600000,0x000000747a700000)]
  0x0000020eebb50c80 JavaThread "Unconstrained build operations Thread 52" [_thread_blocked, id=6484, stack(0x000000747a700000,0x000000747a800000)]
  0x0000020eebb4b110 JavaThread "Unconstrained build operations Thread 53" [_thread_blocked, id=11464, stack(0x000000747a800000,0x000000747a900000)]
  0x0000020eebb4bf80 JavaThread "Unconstrained build operations Thread 54" [_thread_blocked, id=7516, stack(0x000000747a900000,0x000000747aa00000)]
  0x0000020eebb4c920 JavaThread "Unconstrained build operations Thread 55" [_thread_blocked, id=12336, stack(0x000000747aa00000,0x000000747ab00000)]
  0x0000020eeb6c32d0 JavaThread "Unconstrained build operations Thread 56" [_thread_blocked, id=6840, stack(0x000000747ab00000,0x000000747ac00000)]
  0x0000020eeb6c37a0 JavaThread "Unconstrained build operations Thread 57" [_thread_blocked, id=11088, stack(0x000000747ac00000,0x000000747ad00000)]
  0x0000020eeb6c4ae0 JavaThread "Unconstrained build operations Thread 58" [_thread_blocked, id=11596, stack(0x000000747ad00000,0x000000747ae00000)]
  0x0000020eeb6c3c70 JavaThread "Unconstrained build operations Thread 59" [_thread_blocked, id=13924, stack(0x000000747ae00000,0x000000747af00000)]
  0x0000020eeaf7b550 JavaThread "Unconstrained build operations Thread 60" [_thread_blocked, id=10320, stack(0x000000747af00000,0x000000747b000000)]
  0x0000020eeaf7a6e0 JavaThread "Unconstrained build operations Thread 61" [_thread_blocked, id=16056, stack(0x000000747b000000,0x000000747b100000)]
  0x0000020eeb8cb280 JavaThread "Unconstrained build operations Thread 62" [_thread_blocked, id=6384, stack(0x000000747b100000,0x000000747b200000)]
  0x0000020eeb8c60b0 JavaThread "Unconstrained build operations Thread 63" [_thread_blocked, id=17400, stack(0x000000747b200000,0x000000747b300000)]
  0x0000020eeb8c4d70 JavaThread "Unconstrained build operations Thread 64" [_thread_blocked, id=17868, stack(0x000000747b300000,0x000000747b400000)]
  0x0000020eeb8c5be0 JavaThread "Unconstrained build operations Thread 65" [_thread_blocked, id=9556, stack(0x000000747b400000,0x000000747b500000)]
  0x0000020eeb8c8730 JavaThread "Unconstrained build operations Thread 66" [_thread_blocked, id=10048, stack(0x000000747b500000,0x000000747b600000)]
  0x0000020eeb8cb750 JavaThread "Unconstrained build operations Thread 67" [_thread_blocked, id=7468, stack(0x000000747b600000,0x000000747b700000)]
  0x0000020eeb8cbc20 JavaThread "Unconstrained build operations Thread 68" [_thread_blocked, id=2000, stack(0x000000747b700000,0x000000747b800000)]
  0x0000020eeb8c73f0 JavaThread "Unconstrained build operations Thread 69" [_thread_blocked, id=2484, stack(0x000000747b800000,0x000000747b900000)]
  0x0000020eeb8c78c0 JavaThread "Unconstrained build operations Thread 70" [_thread_blocked, id=7744, stack(0x000000747b900000,0x000000747ba00000)]
  0x0000020eeb8c8c00 JavaThread "Unconstrained build operations Thread 71" [_thread_blocked, id=9232, stack(0x000000747ba00000,0x000000747bb00000)]
  0x0000020eeb8c95a0 JavaThread "Unconstrained build operations Thread 72" [_thread_blocked, id=11620, stack(0x000000747bb00000,0x000000747bc00000)]
  0x0000020eeb8cadb0 JavaThread "Unconstrained build operations Thread 73" [_thread_blocked, id=5932, stack(0x000000747bc00000,0x000000747bd00000)]
  0x0000020eeb8c9a70 JavaThread "Unconstrained build operations Thread 74" [_thread_blocked, id=9156, stack(0x000000747bd00000,0x000000747be00000)]
  0x0000020eeb8c9f40 JavaThread "Unconstrained build operations Thread 75" [_thread_blocked, id=16648, stack(0x000000747be00000,0x000000747bf00000)]
  0x0000020eeb8c90d0 JavaThread "Unconstrained build operations Thread 76" [_thread_blocked, id=13456, stack(0x000000747bf00000,0x000000747c000000)]
  0x0000020eeb8c6580 JavaThread "Unconstrained build operations Thread 77" [_thread_blocked, id=18340, stack(0x000000747c000000,0x000000747c100000)]
  0x0000020eeb8c8260 JavaThread "Unconstrained build operations Thread 78" [_thread_blocked, id=2004, stack(0x000000747c100000,0x000000747c200000)]
  0x0000020eeb8c48a0 JavaThread "Unconstrained build operations Thread 79" [_thread_blocked, id=772, stack(0x000000747c200000,0x000000747c300000)]
  0x0000020eeb8ca410 JavaThread "Unconstrained build operations Thread 80" [_thread_blocked, id=13616, stack(0x000000747c300000,0x000000747c400000)]
  0x0000020eeb8cc0f0 JavaThread "build event listener" [_thread_blocked, id=17700, stack(0x0000007476f00000,0x0000007477000000)]
  0x0000020eeb8ca8e0 JavaThread "build event listener" [_thread_blocked, id=8760, stack(0x000000747c400000,0x000000747c500000)]
  0x0000020eeb8c5710 JavaThread "pool-7-thread-1" [_thread_blocked, id=17648, stack(0x000000747c700000,0x000000747c800000)]
  0x0000020eeb8c6a50 JavaThread "build event listener" [_thread_blocked, id=16208, stack(0x000000747cd00000,0x000000747ce00000)]
  0x0000020eeb9b6a90 JavaThread "included builds" [_thread_blocked, id=18308, stack(0x000000747cf00000,0x000000747d000000)]
  0x0000020eeb9b8c40 JavaThread "Execution worker" [_thread_blocked, id=18296, stack(0x000000747d100000,0x000000747d200000)]
  0x0000020eeb9b9110 JavaThread "Execution worker Thread 2" [_thread_blocked, id=8300, stack(0x000000747d200000,0x000000747d300000)]
  0x0000020eeb9b9ab0 JavaThread "Execution worker Thread 3" [_thread_blocked, id=1264, stack(0x000000747d300000,0x000000747d400000)]
  0x0000020eeb9b7dd0 JavaThread "Execution worker Thread 4" [_thread_blocked, id=7212, stack(0x000000747d400000,0x000000747d500000)]
  0x0000020eeb9b6f60 JavaThread "Execution worker Thread 5" [_thread_blocked, id=15536, stack(0x000000747d500000,0x000000747d600000)]
  0x0000020eeb9b7900 JavaThread "Execution worker Thread 6" [_thread_blocked, id=11996, stack(0x000000747d600000,0x000000747d700000)]
  0x0000020eeb9b95e0 JavaThread "Execution worker Thread 7" [_thread_blocked, id=4980, stack(0x000000747d700000,0x000000747d800000)]
  0x0000020eeb9b65c0 JavaThread "Cache worker for execution history cache (C:\Users\amrhi\AndroidStudioProjects\Important Projects\UncleJacks\.gradle\7.5\executionHistory)" [_thread_blocked, id=6956, stack(0x000000747d800000,0x000000747d900000)]
  0x0000020ef66d8850 JavaThread "WorkerExecutor Queue" [_thread_blocked, id=2752, stack(0x000000747c600000,0x000000747c700000)]
  0x0000020ef66d7510 JavaThread "RMI Scheduler(0)" daemon [_thread_blocked, id=14252, stack(0x000000747d900000,0x000000747da00000)]
  0x0000020ef66d79e0 JavaThread "RMI GC Daemon" daemon [_thread_blocked, id=18204, stack(0x000000747df00000,0x000000747e000000)]
  0x0000020ef66d7eb0 JavaThread "RMI TCP Accept-0" daemon [_thread_in_native, id=5052, stack(0x000000747c500000,0x000000747c600000)]
  0x0000020ef66d8380 JavaThread "RMI Reaper" [_thread_blocked, id=15716, stack(0x000000747e000000,0x000000747e100000)]
  0x0000020ef66d96c0 JavaThread "RMI TCP Connection(idle)" daemon [_thread_blocked, id=10644, stack(0x000000747e100000,0x000000747e200000)]
  0x0000020eec9bf690 JavaThread "WorkerExecutor Queue Thread 2" [_thread_blocked, id=5104, stack(0x000000747e200000,0x000000747e300000)]
  0x0000020ef0f3f160 JavaThread "RMI TCP Connection(3)-127.0.0.1" daemon [_thread_in_native, id=3852, stack(0x000000747e400000,0x000000747e500000)]
  0x0000020ef0f42ff0 JavaThread "Build operations" [_thread_blocked, id=14232, stack(0x000000747e600000,0x000000747e700000)]
  0x0000020ef0f41310 JavaThread "Build operations Thread 2" [_thread_blocked, id=10712, stack(0x000000747e700000,0x000000747e800000)]
  0x0000020ef0f42b20 JavaThread "Build operations Thread 3" [_thread_blocked, id=17904, stack(0x000000747e800000,0x000000747e900000)]
  0x0000020ef0f43990 JavaThread "Build operations Thread 4" [_thread_blocked, id=4228, stack(0x000000747e900000,0x000000747ea00000)]
  0x0000020ef0f41cb0 JavaThread "Build operations Thread 5" [_thread_blocked, id=2640, stack(0x000000747ea00000,0x000000747eb00000)]
  0x0000020ef0f417e0 JavaThread "Build operations Thread 6" [_thread_blocked, id=10656, stack(0x000000747eb00000,0x000000747ec00000)]
  0x0000020ef0f42650 JavaThread "Build operations Thread 7" [_thread_blocked, id=11872, stack(0x000000747ec00000,0x000000747ed00000)]
  0x0000020ef0f3ffd0 JavaThread "Build operations Thread 8" [_thread_blocked, id=14080, stack(0x000000747ed00000,0x000000747ee00000)]

Other Threads:
=>0x0000020ec52e3aa0 VMThread "VM Thread" [stack: 0x0000007474700000,0x0000007474800000] [id=15776]
  0x0000020ee99bb310 WatcherThread "VM Periodic Task Thread" [stack: 0x0000007475300000,0x0000007475400000] [id=11692]
  0x0000020ec52c98b0 WorkerThread "GC Thread#0" [stack: 0x0000007474200000,0x0000007474300000] [id=9796]
  0x0000020eea5b7030 WorkerThread "GC Thread#1" [stack: 0x0000007475500000,0x0000007475600000] [id=1840]
  0x0000020eea527d60 WorkerThread "GC Thread#2" [stack: 0x0000007475600000,0x0000007475700000] [id=12508]
  0x0000020eea4fec20 WorkerThread "GC Thread#3" [stack: 0x0000007475700000,0x0000007475800000] [id=1300]
  0x0000020eea5d7eb0 WorkerThread "GC Thread#4" [stack: 0x0000007475400000,0x0000007475500000] [id=17356]
  0x0000020eee498b00 WorkerThread "GC Thread#5" [stack: 0x0000007476600000,0x0000007476700000] [id=17404]
  0x0000020eecb24480 WorkerThread "GC Thread#6" [stack: 0x0000007476700000,0x0000007476800000] [id=11720]
  0x0000020eea57a640 WorkerThread "GC Thread#7" [stack: 0x0000007476800000,0x0000007476900000] [id=17072]
  0x0000020ec52da590 ConcurrentGCThread "G1 Main Marker" [stack: 0x0000007474300000,0x0000007474400000] [id=15624]
  0x0000020ec52dad30 WorkerThread "G1 Conc#0" [stack: 0x0000007474400000,0x0000007474500000] [id=6708]
  0x0000020eed51fed0 WorkerThread "G1 Conc#1" [stack: 0x0000007476e00000,0x0000007476f00000] [id=13448]
  0x0000020ec531e710 ConcurrentGCThread "G1 Refine#0" [stack: 0x0000007474500000,0x0000007474600000] [id=10600]
  0x0000020ef0bc6790 ConcurrentGCThread "G1 Refine#1" [stack: 0x000000747db00000,0x000000747dc00000] [id=16156]
  0x0000020ef0bc7e10 ConcurrentGCThread "G1 Refine#2" [stack: 0x000000747dc00000,0x000000747dd00000] [id=11468]
  0x0000020ef0bc64c0 ConcurrentGCThread "G1 Refine#3" [stack: 0x000000747dd00000,0x000000747de00000] [id=18416]
  0x0000020ee5582100 ConcurrentGCThread "G1 Service" [stack: 0x0000007474600000,0x0000007474700000] [id=6056]

Threads with active compile tasks:

VM state: at safepoint (normal execution)

VM Mutex/Monitor currently owned by a thread:  ([mutex/lock_event])
[0x0000020ec5265ba0] Threads_lock - owner thread: 0x0000020ec52e3aa0
[0x0000020ec5264b50] Heap_lock - owner thread: 0x0000020ec52da590

Heap address: 0x0000000080000000, size: 2048 MB, Compressed Oops mode: 32-bit

CDS archive(s) mapped at: [0x0000000800000000-0x0000000800ba0000-0x0000000800ba0000), size 12189696, SharedBaseAddress: 0x0000000800000000, ArchiveRelocationMode: 0.
Compressed class space mapped at: 0x0000000800c00000-0x0000000840c00000, reserved size: 1073741824
Narrow klass base: 0x0000000800000000, Narrow klass shift: 0, Narrow klass range: 0x100000000

GC Precious Log:
 CardTable entry size: 512
 Card Set container configuration: InlinePtr #cards 5 size 8 Array Of Cards #cards 12 size 40 Howl #buckets 4 coarsen threshold 1843 Howl Bitmap #cards 512 size 80 coarsen threshold 460 Card regions per heap region 1 cards per card region 2048
 CPUs: 8 total, 8 available
 Memory: 7886M
 Large Page Support: Disabled
 NUMA Support: Disabled
 Compressed Oops: Enabled (32-bit)
 Heap Region Size: 1M
 Heap Min Capacity: 8M
 Heap Initial Capacity: 124M
 Heap Max Capacity: 2G
 Pre-touch: Disabled
 Parallel Workers: 8
 Concurrent Workers: 2
 Concurrent Refinement Workers: 8
 Periodic GC: Disabled

Heap:
 garbage-first heap   total 457728K, used 346780K [0x0000000080000000, 0x0000000100000000)
  region size 1024K, 39 young (39936K), 5 survivors (5120K)
 Metaspace       used 152664K, committed 154880K, reserved 1245184K
  class space    used 19886K, committed 20992K, reserved 1048576K

Heap Regions: E=young(eden), S=young(survivor), O=old, HS=humongous(starts), HC=humongous(continues), CS=collection set, F=free, OA=open archive, CA=closed archive, TAMS=top-at-mark-start (previous, next)
|   0|0x0000000080000000, 0x0000000080100000, 0x0000000080100000|100%| O|  |TAMS 0x0000000080100000, 0x0000000080000000| Untracked 
|   1|0x0000000080100000, 0x0000000080200000, 0x0000000080200000|100%| O|  |TAMS 0x0000000080200000, 0x0000000080100000| Untracked 
|   2|0x0000000080200000, 0x0000000080300000, 0x0000000080300000|100%| O|  |TAMS 0x0000000080300000, 0x0000000080200000| Untracked 
|   3|0x0000000080300000, 0x0000000080400000, 0x0000000080400000|100%|HS|  |TAMS 0x0000000080400000, 0x0000000080300000| Complete 
|   4|0x0000000080400000, 0x0000000080500000, 0x0000000080500000|100%|HC|  |TAMS 0x0000000080500000, 0x0000000080400000| Complete 
|   5|0x0000000080500000, 0x0000000080600000, 0x0000000080600000|100%|HC|  |TAMS 0x0000000080600000, 0x0000000080500000| Complete 
|   6|0x0000000080600000, 0x0000000080700000, 0x0000000080700000|100%| O|  |TAMS 0x0000000080700000, 0x0000000080600000| Untracked 
|   7|0x0000000080700000, 0x0000000080800000, 0x0000000080800000|100%| O|  |TAMS 0x0000000080800000, 0x0000000080700000| Untracked 
|   8|0x0000000080800000, 0x0000000080900000, 0x0000000080900000|100%| O|  |TAMS 0x0000000080900000, 0x0000000080800000| Untracked 
|   9|0x0000000080900000, 0x0000000080a00000, 0x0000000080a00000|100%| O|  |TAMS 0x0000000080a00000, 0x0000000080900000| Untracked 
|  10|0x0000000080a00000, 0x0000000080b00000, 0x0000000080b00000|100%| O|  |TAMS 0x0000000080b00000, 0x0000000080a00000| Untracked 
|  11|0x0000000080b00000, 0x0000000080c00000, 0x0000000080c00000|100%| O|  |TAMS 0x0000000080c00000, 0x0000000080b00000| Untracked 
|  12|0x0000000080c00000, 0x0000000080d00000, 0x0000000080d00000|100%| O|  |TAMS 0x0000000080d00000, 0x0000000080c00000| Updating 
|  13|0x0000000080d00000, 0x0000000080e00000, 0x0000000080e00000|100%| O|  |TAMS 0x0000000080e00000, 0x0000000080d00000| Untracked 
|  14|0x0000000080e00000, 0x0000000080f00000, 0x0000000080f00000|100%| O|  |TAMS 0x0000000080f00000, 0x0000000080e00000| Untracked 
|  15|0x0000000080f00000, 0x0000000081000000, 0x0000000081000000|100%| O|  |TAMS 0x0000000081000000, 0x0000000080f00000| Untracked 
|  16|0x0000000081000000, 0x0000000081100000, 0x0000000081100000|100%| O|  |TAMS 0x0000000081100000, 0x0000000081000000| Updating 
|  17|0x0000000081100000, 0x0000000081200000, 0x0000000081200000|100%| O|  |TAMS 0x0000000081200000, 0x0000000081100000| Untracked 
|  18|0x0000000081200000, 0x00000000812ef200, 0x0000000081300000| 93%| O|  |TAMS 0x00000000812ef200, 0x0000000081200000| Updating 
|  19|0x0000000081300000, 0x0000000081400000, 0x0000000081400000|100%| O|  |TAMS 0x0000000081400000, 0x0000000081300000| Updating 
|  20|0x0000000081400000, 0x0000000081500000, 0x0000000081500000|100%| O|  |TAMS 0x0000000081500000, 0x0000000081400000| Untracked 
|  21|0x0000000081500000, 0x0000000081600000, 0x0000000081600000|100%| O|  |TAMS 0x0000000081600000, 0x0000000081500000| Untracked 
|  22|0x0000000081600000, 0x0000000081700000, 0x0000000081700000|100%| O|  |TAMS 0x0000000081700000, 0x0000000081600000| Untracked 
|  23|0x0000000081700000, 0x0000000081800000, 0x0000000081800000|100%| O|  |TAMS 0x0000000081800000, 0x0000000081700000| Untracked 
|  24|0x0000000081800000, 0x0000000081900000, 0x0000000081900000|100%| O|  |TAMS 0x0000000081900000, 0x0000000081800000| Untracked 
|  25|0x0000000081900000, 0x0000000081a00000, 0x0000000081a00000|100%| O|  |TAMS 0x0000000081a00000, 0x0000000081900000| Untracked 
|  26|0x0000000081a00000, 0x0000000081b00000, 0x0000000081b00000|100%| O|  |TAMS 0x0000000081b00000, 0x0000000081a00000| Updating 
|  27|0x0000000081b00000, 0x0000000081c00000, 0x0000000081c00000|100%| O|  |TAMS 0x0000000081c00000, 0x0000000081b00000| Updating 
|  28|0x0000000081c00000, 0x0000000081d00000, 0x0000000081d00000|100%| O|  |TAMS 0x0000000081d00000, 0x0000000081c00000| Updating 
|  29|0x0000000081d00000, 0x0000000081e00000, 0x0000000081e00000|100%|HS|  |TAMS 0x0000000081e00000, 0x0000000081d00000| Complete 
|  30|0x0000000081e00000, 0x0000000081f00000, 0x0000000081f00000|100%| O|  |TAMS 0x0000000081f00000, 0x0000000081e00000| Untracked 
|  31|0x0000000081f00000, 0x0000000082000000, 0x0000000082000000|100%| O|  |TAMS 0x0000000082000000, 0x0000000081f00000| Untracked 
|  32|0x0000000082000000, 0x0000000082100000, 0x0000000082100000|100%| O|  |TAMS 0x0000000082100000, 0x0000000082000000| Untracked 
|  33|0x0000000082100000, 0x0000000082200000, 0x0000000082200000|100%| O|  |TAMS 0x0000000082200000, 0x0000000082100000| Untracked 
|  34|0x0000000082200000, 0x0000000082300000, 0x0000000082300000|100%|HS|  |TAMS 0x0000000082300000, 0x0000000082200000| Complete 
|  35|0x0000000082300000, 0x0000000082400000, 0x0000000082400000|100%|HC|  |TAMS 0x0000000082400000, 0x0000000082300000| Complete 
|  36|0x0000000082400000, 0x0000000082500000, 0x0000000082500000|100%|HS|  |TAMS 0x0000000082500000, 0x0000000082400000| Complete 
|  37|0x0000000082500000, 0x0000000082600000, 0x0000000082600000|100%|HS|  |TAMS 0x0000000082600000, 0x0000000082500000| Complete 
|  38|0x0000000082600000, 0x0000000082700000, 0x0000000082700000|100%|HC|  |TAMS 0x0000000082700000, 0x0000000082600000| Complete 
|  39|0x0000000082700000, 0x0000000082800000, 0x0000000082800000|100%|HC|  |TAMS 0x0000000082800000, 0x0000000082700000| Complete 
|  40|0x0000000082800000, 0x0000000082900000, 0x0000000082900000|100%| O|  |TAMS 0x0000000082900000, 0x0000000082800000| Untracked 
|  41|0x0000000082900000, 0x0000000082a00000, 0x0000000082a00000|100%| O|  |TAMS 0x0000000082a00000, 0x0000000082900000| Untracked 
|  42|0x0000000082a00000, 0x0000000082b00000, 0x0000000082b00000|100%| O|  |TAMS 0x0000000082b00000, 0x0000000082a00000| Updating 
|  43|0x0000000082b00000, 0x0000000082c00000, 0x0000000082c00000|100%| O|  |TAMS 0x0000000082c00000, 0x0000000082b00000| Untracked 
|  44|0x0000000082c00000, 0x0000000082d00000, 0x0000000082d00000|100%| O|  |TAMS 0x0000000082d00000, 0x0000000082c00000| Updating 
|  45|0x0000000082d00000, 0x0000000082e00000, 0x0000000082e00000|100%| O|  |TAMS 0x0000000082e00000, 0x0000000082d00000| Updating 
|  46|0x0000000082e00000, 0x0000000082f00000, 0x0000000082f00000|100%| O|  |TAMS 0x0000000082f00000, 0x0000000082e00000| Updating 
|  47|0x0000000082f00000, 0x0000000083000000, 0x0000000083000000|100%| O|  |TAMS 0x0000000083000000, 0x0000000082f00000| Untracked 
|  48|0x0000000083000000, 0x0000000083100000, 0x0000000083100000|100%| O|  |TAMS 0x0000000083100000, 0x0000000083000000| Untracked 
|  49|0x0000000083100000, 0x0000000083200000, 0x0000000083200000|100%| O|  |TAMS 0x0000000083200000, 0x0000000083100000| Untracked 
|  50|0x0000000083200000, 0x0000000083300000, 0x0000000083300000|100%| O|  |TAMS 0x0000000083300000, 0x0000000083200000| Updating 
|  51|0x0000000083300000, 0x0000000083400000, 0x0000000083400000|100%| O|  |TAMS 0x0000000083400000, 0x0000000083300000| Untracked 
|  52|0x0000000083400000, 0x0000000083500000, 0x0000000083500000|100%| O|  |TAMS 0x0000000083500000, 0x0000000083400000| Updating 
|  53|0x0000000083500000, 0x0000000083600000, 0x0000000083600000|100%| O|  |TAMS 0x0000000083600000, 0x0000000083500000| Updating 
|  54|0x0000000083600000, 0x0000000083700000, 0x0000000083700000|100%| O|  |TAMS 0x0000000083700000, 0x0000000083600000| Updating 
|  55|0x0000000083700000, 0x0000000083800000, 0x0000000083800000|100%| O|  |TAMS 0x0000000083800000, 0x0000000083700000| Untracked 
|  56|0x0000000083800000, 0x0000000083900000, 0x0000000083900000|100%| O|  |TAMS 0x0000000083900000, 0x0000000083800000| Updating 
|  57|0x0000000083900000, 0x0000000083a00000, 0x0000000083a00000|100%| O|  |TAMS 0x0000000083a00000, 0x0000000083900000| Untracked 
|  58|0x0000000083a00000, 0x0000000083b00000, 0x0000000083b00000|100%| O|  |TAMS 0x0000000083b00000, 0x0000000083a00000| Untracked 
|  59|0x0000000083b00000, 0x0000000083c00000, 0x0000000083c00000|100%| O|  |TAMS 0x0000000083c00000, 0x0000000083b00000| Updating 
|  60|0x0000000083c00000, 0x0000000083d00000, 0x0000000083d00000|100%| O|  |TAMS 0x0000000083d00000, 0x0000000083c00000| Untracked 
|  61|0x0000000083d00000, 0x0000000083e00000, 0x0000000083e00000|100%| O|  |TAMS 0x0000000083e00000, 0x0000000083d00000| Updating 
|  62|0x0000000083e00000, 0x0000000083f00000, 0x0000000083f00000|100%| O|  |TAMS 0x0000000083f00000, 0x0000000083e00000| Untracked 
|  63|0x0000000083f00000, 0x0000000084000000, 0x0000000084000000|100%| O|  |TAMS 0x0000000084000000, 0x0000000083f00000| Updating 
|  64|0x0000000084000000, 0x0000000084100000, 0x0000000084100000|100%| O|  |TAMS 0x0000000084100000, 0x0000000084000000| Updating 
|  65|0x0000000084100000, 0x0000000084200000, 0x0000000084200000|100%| O|  |TAMS 0x0000000084200000, 0x0000000084100000| Untracked 
|  66|0x0000000084200000, 0x0000000084300000, 0x0000000084300000|100%| O|  |TAMS 0x0000000084300000, 0x0000000084200000| Untracked 
|  67|0x0000000084300000, 0x0000000084400000, 0x0000000084400000|100%| O|  |TAMS 0x0000000084400000, 0x0000000084300000| Updating 
|  68|0x0000000084400000, 0x0000000084500000, 0x0000000084500000|100%| O|  |TAMS 0x0000000084500000, 0x0000000084400000| Updating 
|  69|0x0000000084500000, 0x0000000084600000, 0x0000000084600000|100%| O|  |TAMS 0x0000000084600000, 0x0000000084500000| Updating 
|  70|0x0000000084600000, 0x0000000084700000, 0x0000000084700000|100%| O|  |TAMS 0x0000000084700000, 0x0000000084600000| Updating 
|  71|0x0000000084700000, 0x0000000084800000, 0x0000000084800000|100%| O|  |TAMS 0x0000000084800000, 0x0000000084700000| Untracked 
|  72|0x0000000084800000, 0x0000000084900000, 0x0000000084900000|100%| O|  |TAMS 0x0000000084900000, 0x0000000084800000| Untracked 
|  73|0x0000000084900000, 0x0000000084a00000, 0x0000000084a00000|100%| O|  |TAMS 0x0000000084a00000, 0x0000000084900000| Updating 
|  74|0x0000000084a00000, 0x0000000084b00000, 0x0000000084b00000|100%| O|  |TAMS 0x0000000084b00000, 0x0000000084a00000| Untracked 
|  75|0x0000000084b00000, 0x0000000084c00000, 0x0000000084c00000|100%| O|  |TAMS 0x0000000084c00000, 0x0000000084b00000| Untracked 
|  76|0x0000000084c00000, 0x0000000084d00000, 0x0000000084d00000|100%| O|  |TAMS 0x0000000084d00000, 0x0000000084c00000| Updating 
|  77|0x0000000084d00000, 0x0000000084e00000, 0x0000000084e00000|100%| O|  |TAMS 0x0000000084e00000, 0x0000000084d00000| Updating 
|  78|0x0000000084e00000, 0x0000000084f00000, 0x0000000084f00000|100%| O|  |TAMS 0x0000000084f00000, 0x0000000084e00000| Untracked 
|  79|0x0000000084f00000, 0x0000000085000000, 0x0000000085000000|100%| O|  |TAMS 0x0000000085000000, 0x0000000084f00000| Untracked 
|  80|0x0000000085000000, 0x0000000085100000, 0x0000000085100000|100%| O|  |TAMS 0x0000000085100000, 0x0000000085000000| Untracked 
|  81|0x0000000085100000, 0x0000000085200000, 0x0000000085200000|100%| O|  |TAMS 0x0000000085200000, 0x0000000085100000| Updating 
|  82|0x0000000085200000, 0x0000000085300000, 0x0000000085300000|100%| O|  |TAMS 0x0000000085300000, 0x0000000085200000| Updating 
|  83|0x0000000085300000, 0x0000000085400000, 0x0000000085400000|100%| O|  |TAMS 0x0000000085400000, 0x0000000085300000| Updating 
|  84|0x0000000085400000, 0x0000000085500000, 0x0000000085500000|100%| O|  |TAMS 0x0000000085500000, 0x0000000085400000| Updating 
|  85|0x0000000085500000, 0x0000000085600000, 0x0000000085600000|100%| O|  |TAMS 0x0000000085600000, 0x0000000085500000| Updating 
|  86|0x0000000085600000, 0x0000000085700000, 0x0000000085700000|100%| O|  |TAMS 0x0000000085700000, 0x0000000085600000| Updating 
|  87|0x0000000085700000, 0x0000000085800000, 0x0000000085800000|100%| O|  |TAMS 0x0000000085800000, 0x0000000085700000| Updating 
|  88|0x0000000085800000, 0x0000000085900000, 0x0000000085900000|100%| O|  |TAMS 0x0000000085900000, 0x0000000085800000| Updating 
|  89|0x0000000085900000, 0x0000000085a00000, 0x0000000085a00000|100%| O|  |TAMS 0x0000000085a00000, 0x0000000085900000| Updating 
|  90|0x0000000085a00000, 0x0000000085b00000, 0x0000000085b00000|100%| O|  |TAMS 0x0000000085b00000, 0x0000000085a00000| Updating 
|  91|0x0000000085b00000, 0x0000000085c00000, 0x0000000085c00000|100%| O|  |TAMS 0x0000000085c00000, 0x0000000085b00000| Updating 
|  92|0x0000000085c00000, 0x0000000085d00000, 0x0000000085d00000|100%| O|  |TAMS 0x0000000085d00000, 0x0000000085c00000| Updating 
|  93|0x0000000085d00000, 0x0000000085e00000, 0x0000000085e00000|100%| O|  |TAMS 0x0000000085e00000, 0x0000000085d00000| Updating 
|  94|0x0000000085e00000, 0x0000000085f00000, 0x0000000085f00000|100%| O|  |TAMS 0x0000000085f00000, 0x0000000085e00000| Updating 
|  95|0x0000000085f00000, 0x0000000086000000, 0x0000000086000000|100%| O|  |TAMS 0x0000000086000000, 0x0000000085f00000| Updating 
|  96|0x0000000086000000, 0x0000000086100000, 0x0000000086100000|100%| O|  |TAMS 0x0000000086100000, 0x0000000086000000| Updating 
|  97|0x0000000086100000, 0x0000000086200000, 0x0000000086200000|100%| O|  |TAMS 0x0000000086200000, 0x0000000086100000| Updating 
|  98|0x0000000086200000, 0x0000000086300000, 0x0000000086300000|100%| O|  |TAMS 0x0000000086300000, 0x0000000086200000| Updating 
|  99|0x0000000086300000, 0x0000000086400000, 0x0000000086400000|100%| O|  |TAMS 0x0000000086400000, 0x0000000086300000| Updating 
| 100|0x0000000086400000, 0x0000000086500000, 0x0000000086500000|100%| O|  |TAMS 0x0000000086500000, 0x0000000086400000| Updating 
| 101|0x0000000086500000, 0x0000000086600000, 0x0000000086600000|100%| O|  |TAMS 0x0000000086600000, 0x0000000086500000| Updating 
| 102|0x0000000086600000, 0x0000000086700000, 0x0000000086700000|100%| O|  |TAMS 0x0000000086700000, 0x0000000086600000| Updating 
| 103|0x0000000086700000, 0x0000000086800000, 0x0000000086800000|100%| O|  |TAMS 0x0000000086800000, 0x0000000086700000| Updating 
| 104|0x0000000086800000, 0x0000000086900000, 0x0000000086900000|100%| O|  |TAMS 0x0000000086900000, 0x0000000086800000| Updating 
| 105|0x0000000086900000, 0x0000000086a00000, 0x0000000086a00000|100%| O|  |TAMS 0x0000000086a00000, 0x0000000086900000| Updating 
| 106|0x0000000086a00000, 0x0000000086b00000, 0x0000000086b00000|100%| O|  |TAMS 0x0000000086b00000, 0x0000000086a00000| Updating 
| 107|0x0000000086b00000, 0x0000000086c00000, 0x0000000086c00000|100%| O|  |TAMS 0x0000000086c00000, 0x0000000086b00000| Updating 
| 108|0x0000000086c00000, 0x0000000086d00000, 0x0000000086d00000|100%| O|  |TAMS 0x0000000086d00000, 0x0000000086c00000| Updating 
| 109|0x0000000086d00000, 0x0000000086e00000, 0x0000000086e00000|100%| O|  |TAMS 0x0000000086e00000, 0x0000000086d00000| Updating 
| 110|0x0000000086e00000, 0x0000000086f00000, 0x0000000086f00000|100%| O|  |TAMS 0x0000000086f00000, 0x0000000086e00000| Updating 
| 111|0x0000000086f00000, 0x0000000087000000, 0x0000000087000000|100%| O|  |TAMS 0x0000000087000000, 0x0000000086f00000| Updating 
| 112|0x0000000087000000, 0x0000000087100000, 0x0000000087100000|100%| O|  |TAMS 0x0000000087100000, 0x0000000087000000| Updating 
| 113|0x0000000087100000, 0x0000000087200000, 0x0000000087200000|100%| O|  |TAMS 0x0000000087200000, 0x0000000087100000| Updating 
| 114|0x0000000087200000, 0x0000000087300000, 0x0000000087300000|100%| O|  |TAMS 0x0000000087300000, 0x0000000087200000| Updating 
| 115|0x0000000087300000, 0x0000000087400000, 0x0000000087400000|100%| O|  |TAMS 0x0000000087400000, 0x0000000087300000| Updating 
| 116|0x0000000087400000, 0x0000000087500000, 0x0000000087500000|100%| O|  |TAMS 0x0000000087500000, 0x0000000087400000| Updating 
| 117|0x0000000087500000, 0x0000000087600000, 0x0000000087600000|100%| O|  |TAMS 0x0000000087600000, 0x0000000087500000| Updating 
| 118|0x0000000087600000, 0x0000000087700000, 0x0000000087700000|100%| O|  |TAMS 0x0000000087700000, 0x0000000087600000| Updating 
| 119|0x0000000087700000, 0x0000000087800000, 0x0000000087800000|100%| O|  |TAMS 0x0000000087800000, 0x0000000087700000| Updating 
| 120|0x0000000087800000, 0x0000000087900000, 0x0000000087900000|100%| O|  |TAMS 0x0000000087900000, 0x0000000087800000| Updating 
| 121|0x0000000087900000, 0x0000000087a00000, 0x0000000087a00000|100%| O|  |TAMS 0x0000000087a00000, 0x0000000087900000| Updating 
| 122|0x0000000087a00000, 0x0000000087b00000, 0x0000000087b00000|100%| O|  |TAMS 0x0000000087b00000, 0x0000000087a00000| Updating 
| 123|0x0000000087b00000, 0x0000000087c00000, 0x0000000087c00000|100%| O|  |TAMS 0x0000000087c00000, 0x0000000087b00000| Updating 
| 124|0x0000000087c00000, 0x0000000087d00000, 0x0000000087d00000|100%| O|  |TAMS 0x0000000087d00000, 0x0000000087c00000| Updating 
| 125|0x0000000087d00000, 0x0000000087e00000, 0x0000000087e00000|100%| O|  |TAMS 0x0000000087e00000, 0x0000000087d00000| Updating 
| 126|0x0000000087e00000, 0x0000000087f00000, 0x0000000087f00000|100%| O|  |TAMS 0x0000000087f00000, 0x0000000087e00000| Updating 
| 127|0x0000000087f00000, 0x0000000088000000, 0x0000000088000000|100%| O|  |TAMS 0x0000000088000000, 0x0000000087f00000| Updating 
| 128|0x0000000088000000, 0x0000000088100000, 0x0000000088100000|100%| O|  |TAMS 0x0000000088100000, 0x0000000088000000| Updating 
| 129|0x0000000088100000, 0x0000000088200000, 0x0000000088200000|100%| O|  |TAMS 0x0000000088200000, 0x0000000088100000| Updating 
| 130|0x0000000088200000, 0x0000000088300000, 0x0000000088300000|100%| O|  |TAMS 0x0000000088300000, 0x0000000088200000| Updating 
| 131|0x0000000088300000, 0x0000000088400000, 0x0000000088400000|100%| O|  |TAMS 0x0000000088400000, 0x0000000088300000| Updating 
| 132|0x0000000088400000, 0x0000000088500000, 0x0000000088500000|100%| O|  |TAMS 0x0000000088500000, 0x0000000088400000| Updating 
| 133|0x0000000088500000, 0x0000000088600000, 0x0000000088600000|100%| O|  |TAMS 0x0000000088600000, 0x0000000088500000| Updating 
| 134|0x0000000088600000, 0x0000000088700000, 0x0000000088700000|100%| O|  |TAMS 0x0000000088700000, 0x0000000088600000| Updating 
| 135|0x0000000088700000, 0x0000000088800000, 0x0000000088800000|100%| O|  |TAMS 0x0000000088800000, 0x0000000088700000| Updating 
| 136|0x0000000088800000, 0x0000000088900000, 0x0000000088900000|100%|HS|  |TAMS 0x0000000088900000, 0x0000000088800000| Complete 
| 137|0x0000000088900000, 0x0000000088a00000, 0x0000000088a00000|100%|HC|  |TAMS 0x0000000088a00000, 0x0000000088900000| Complete 
| 138|0x0000000088a00000, 0x0000000088b00000, 0x0000000088b00000|100%|HS|  |TAMS 0x0000000088b00000, 0x0000000088a00000| Complete 
| 139|0x0000000088b00000, 0x0000000088c00000, 0x0000000088c00000|100%|HS|  |TAMS 0x0000000088c00000, 0x0000000088b00000| Complete 
| 140|0x0000000088c00000, 0x0000000088d00000, 0x0000000088d00000|100%| O|  |TAMS 0x0000000088d00000, 0x0000000088c00000| Updating 
| 141|0x0000000088d00000, 0x0000000088e00000, 0x0000000088e00000|100%| O|  |TAMS 0x0000000088e00000, 0x0000000088d00000| Updating 
| 142|0x0000000088e00000, 0x0000000088f00000, 0x0000000088f00000|100%| O|  |TAMS 0x0000000088f00000, 0x0000000088e00000| Updating 
| 143|0x0000000088f00000, 0x0000000089000000, 0x0000000089000000|100%| O|  |TAMS 0x0000000089000000, 0x0000000088f00000| Updating 
| 144|0x0000000089000000, 0x0000000089100000, 0x0000000089100000|100%| O|  |TAMS 0x0000000089100000, 0x0000000089000000| Updating 
| 145|0x0000000089100000, 0x0000000089200000, 0x0000000089200000|100%| O|  |TAMS 0x0000000089200000, 0x0000000089100000| Updating 
| 146|0x0000000089200000, 0x0000000089300000, 0x0000000089300000|100%| O|  |TAMS 0x0000000089300000, 0x0000000089200000| Updating 
| 147|0x0000000089300000, 0x0000000089400000, 0x0000000089400000|100%| O|  |TAMS 0x0000000089400000, 0x0000000089300000| Updating 
| 148|0x0000000089400000, 0x0000000089500000, 0x0000000089500000|100%| O|  |TAMS 0x0000000089500000, 0x0000000089400000| Updating 
| 149|0x0000000089500000, 0x0000000089600000, 0x0000000089600000|100%| O|  |TAMS 0x0000000089600000, 0x0000000089500000| Updating 
| 150|0x0000000089600000, 0x0000000089700000, 0x0000000089700000|100%| O|  |TAMS 0x0000000089700000, 0x0000000089600000| Updating 
| 151|0x0000000089700000, 0x0000000089800000, 0x0000000089800000|100%| O|  |TAMS 0x0000000089800000, 0x0000000089700000| Updating 
| 152|0x0000000089800000, 0x0000000089900000, 0x0000000089900000|100%| O|  |TAMS 0x0000000089900000, 0x0000000089800000| Updating 
| 153|0x0000000089900000, 0x0000000089a00000, 0x0000000089a00000|100%| O|  |TAMS 0x0000000089a00000, 0x0000000089900000| Updating 
| 154|0x0000000089a00000, 0x0000000089b00000, 0x0000000089b00000|100%| O|  |TAMS 0x0000000089b00000, 0x0000000089a00000| Updating 
| 155|0x0000000089b00000, 0x0000000089c00000, 0x0000000089c00000|100%| O|  |TAMS 0x0000000089c00000, 0x0000000089b00000| Updating 
| 156|0x0000000089c00000, 0x0000000089d00000, 0x0000000089d00000|100%| O|  |TAMS 0x0000000089d00000, 0x0000000089c00000| Updating 
| 157|0x0000000089d00000, 0x0000000089e00000, 0x0000000089e00000|100%| O|  |TAMS 0x0000000089e00000, 0x0000000089d00000| Updating 
| 158|0x0000000089e00000, 0x0000000089f00000, 0x0000000089f00000|100%| O|  |TAMS 0x0000000089f00000, 0x0000000089e00000| Updating 
| 159|0x0000000089f00000, 0x000000008a000000, 0x000000008a000000|100%| O|  |TAMS 0x000000008a000000, 0x0000000089f00000| Updating 
| 160|0x000000008a000000, 0x000000008a100000, 0x000000008a100000|100%| O|  |TAMS 0x000000008a100000, 0x000000008a000000| Updating 
| 161|0x000000008a100000, 0x000000008a200000, 0x000000008a200000|100%| O|  |TAMS 0x000000008a200000, 0x000000008a100000| Updating 
| 162|0x000000008a200000, 0x000000008a300000, 0x000000008a300000|100%| O|  |TAMS 0x000000008a300000, 0x000000008a200000| Updating 
| 163|0x000000008a300000, 0x000000008a400000, 0x000000008a400000|100%| O|  |TAMS 0x000000008a400000, 0x000000008a300000| Updating 
| 164|0x000000008a400000, 0x000000008a500000, 0x000000008a500000|100%| O|  |TAMS 0x000000008a500000, 0x000000008a400000| Updating 
| 165|0x000000008a500000, 0x000000008a600000, 0x000000008a600000|100%| O|  |TAMS 0x000000008a600000, 0x000000008a500000| Updating 
| 166|0x000000008a600000, 0x000000008a700000, 0x000000008a700000|100%| O|  |TAMS 0x000000008a700000, 0x000000008a600000| Updating 
| 167|0x000000008a700000, 0x000000008a800000, 0x000000008a800000|100%| O|  |TAMS 0x000000008a800000, 0x000000008a700000| Updating 
| 168|0x000000008a800000, 0x000000008a900000, 0x000000008a900000|100%| O|  |TAMS 0x000000008a900000, 0x000000008a800000| Updating 
| 169|0x000000008a900000, 0x000000008aa00000, 0x000000008aa00000|100%| O|  |TAMS 0x000000008aa00000, 0x000000008a900000| Updating 
| 170|0x000000008aa00000, 0x000000008ab00000, 0x000000008ab00000|100%| O|  |TAMS 0x000000008ab00000, 0x000000008aa00000| Updating 
| 171|0x000000008ab00000, 0x000000008ac00000, 0x000000008ac00000|100%| O|  |TAMS 0x000000008ac00000, 0x000000008ab00000| Updating 
| 172|0x000000008ac00000, 0x000000008ad00000, 0x000000008ad00000|100%| O|  |TAMS 0x000000008ad00000, 0x000000008ac00000| Updating 
| 173|0x000000008ad00000, 0x000000008ae00000, 0x000000008ae00000|100%| O|  |TAMS 0x000000008ae00000, 0x000000008ad00000| Updating 
| 174|0x000000008ae00000, 0x000000008af00000, 0x000000008af00000|100%| O|  |TAMS 0x000000008af00000, 0x000000008ae00000| Updating 
| 175|0x000000008af00000, 0x000000008b000000, 0x000000008b000000|100%| O|  |TAMS 0x000000008b000000, 0x000000008af00000| Updating 
| 176|0x000000008b000000, 0x000000008b100000, 0x000000008b100000|100%| O|  |TAMS 0x000000008b100000, 0x000000008b000000| Updating 
| 177|0x000000008b100000, 0x000000008b200000, 0x000000008b200000|100%| O|  |TAMS 0x000000008b200000, 0x000000008b100000| Updating 
| 178|0x000000008b200000, 0x000000008b300000, 0x000000008b300000|100%| O|  |TAMS 0x000000008b300000, 0x000000008b200000| Updating 
| 179|0x000000008b300000, 0x000000008b300000, 0x000000008b400000|  0%| F|  |TAMS 0x000000008b300000, 0x000000008b300000| Untracked 
| 180|0x000000008b400000, 0x000000008b400000, 0x000000008b500000|  0%| F|  |TAMS 0x000000008b400000, 0x000000008b400000| Untracked 
| 181|0x000000008b500000, 0x000000008b600000, 0x000000008b600000|100%| O|  |TAMS 0x000000008b600000, 0x000000008b500000| Updating 
| 182|0x000000008b600000, 0x000000008b700000, 0x000000008b700000|100%| O|  |TAMS 0x000000008b700000, 0x000000008b600000| Updating 
| 183|0x000000008b700000, 0x000000008b800000, 0x000000008b800000|100%| O|  |TAMS 0x000000008b800000, 0x000000008b700000| Updating 
| 184|0x000000008b800000, 0x000000008b900000, 0x000000008b900000|100%| O|  |TAMS 0x000000008b900000, 0x000000008b800000| Updating 
| 185|0x000000008b900000, 0x000000008ba00000, 0x000000008ba00000|100%| O|  |TAMS 0x000000008ba00000, 0x000000008b900000| Updating 
| 186|0x000000008ba00000, 0x000000008bb00000, 0x000000008bb00000|100%| O|  |TAMS 0x000000008bb00000, 0x000000008ba00000| Untracked 
| 187|0x000000008bb00000, 0x000000008bc00000, 0x000000008bc00000|100%| O|  |TAMS 0x000000008bc00000, 0x000000008bb00000| Updating 
| 188|0x000000008bc00000, 0x000000008bd00000, 0x000000008bd00000|100%| O|  |TAMS 0x000000008bd00000, 0x000000008bc00000| Untracked 
| 189|0x000000008bd00000, 0x000000008be00000, 0x000000008be00000|100%| O|  |TAMS 0x000000008be00000, 0x000000008bd00000| Untracked 
| 190|0x000000008be00000, 0x000000008bf00000, 0x000000008bf00000|100%| O|  |TAMS 0x000000008bf00000, 0x000000008be00000| Untracked 
| 191|0x000000008bf00000, 0x000000008c000000, 0x000000008c000000|100%| O|  |TAMS 0x000000008c000000, 0x000000008bf00000| Updating 
| 192|0x000000008c000000, 0x000000008c100000, 0x000000008c100000|100%| O|  |TAMS 0x000000008c100000, 0x000000008c000000| Updating 
| 193|0x000000008c100000, 0x000000008c200000, 0x000000008c200000|100%| O|  |TAMS 0x000000008c200000, 0x000000008c100000| Updating 
| 194|0x000000008c200000, 0x000000008c300000, 0x000000008c300000|100%| O|  |TAMS 0x000000008c300000, 0x000000008c200000| Untracked 
| 195|0x000000008c300000, 0x000000008c400000, 0x000000008c400000|100%| O|  |TAMS 0x000000008c400000, 0x000000008c300000| Untracked 
| 196|0x000000008c400000, 0x000000008c500000, 0x000000008c500000|100%| O|  |TAMS 0x000000008c500000, 0x000000008c400000| Untracked 
| 197|0x000000008c500000, 0x000000008c600000, 0x000000008c600000|100%| O|  |TAMS 0x000000008c600000, 0x000000008c500000| Untracked 
| 198|0x000000008c600000, 0x000000008c700000, 0x000000008c700000|100%| O|  |TAMS 0x000000008c700000, 0x000000008c600000| Untracked 
| 199|0x000000008c700000, 0x000000008c800000, 0x000000008c800000|100%| O|  |TAMS 0x000000008c800000, 0x000000008c700000| Untracked 
| 200|0x000000008c800000, 0x000000008c900000, 0x000000008c900000|100%| O|  |TAMS 0x000000008c900000, 0x000000008c800000| Updating 
| 201|0x000000008c900000, 0x000000008ca00000, 0x000000008ca00000|100%| O|  |TAMS 0x000000008ca00000, 0x000000008c900000| Updating 
| 202|0x000000008ca00000, 0x000000008cb00000, 0x000000008cb00000|100%| O|  |TAMS 0x000000008cb00000, 0x000000008ca00000| Untracked 
| 203|0x000000008cb00000, 0x000000008cc00000, 0x000000008cc00000|100%| O|  |TAMS 0x000000008cc00000, 0x000000008cb00000| Untracked 
| 204|0x000000008cc00000, 0x000000008cd00000, 0x000000008cd00000|100%| O|  |TAMS 0x000000008cd00000, 0x000000008cc00000| Untracked 
| 205|0x000000008cd00000, 0x000000008ce00000, 0x000000008ce00000|100%| O|  |TAMS 0x000000008ce00000, 0x000000008cd00000| Updating 
| 206|0x000000008ce00000, 0x000000008cf00000, 0x000000008cf00000|100%| O|  |TAMS 0x000000008cf00000, 0x000000008ce00000| Updating 
| 207|0x000000008cf00000, 0x000000008d000000, 0x000000008d000000|100%| O|  |TAMS 0x000000008d000000, 0x000000008cf00000| Updating 
| 208|0x000000008d000000, 0x000000008d100000, 0x000000008d100000|100%| O|  |TAMS 0x000000008d100000, 0x000000008d000000| Updating 
| 209|0x000000008d100000, 0x000000008d200000, 0x000000008d200000|100%| O|  |TAMS 0x000000008d200000, 0x000000008d100000| Updating 
| 210|0x000000008d200000, 0x000000008d300000, 0x000000008d300000|100%| O|  |TAMS 0x000000008d300000, 0x000000008d200000| Untracked 
| 211|0x000000008d300000, 0x000000008d400000, 0x000000008d400000|100%| O|  |TAMS 0x000000008d400000, 0x000000008d300000| Updating 
| 212|0x000000008d400000, 0x000000008d500000, 0x000000008d500000|100%| O|  |TAMS 0x000000008d500000, 0x000000008d400000| Updating 
| 213|0x000000008d500000, 0x000000008d600000, 0x000000008d600000|100%| O|  |TAMS 0x000000008d600000, 0x000000008d500000| Updating 
| 214|0x000000008d600000, 0x000000008d700000, 0x000000008d700000|100%| O|  |TAMS 0x000000008d700000, 0x000000008d600000| Updating 
| 215|0x000000008d700000, 0x000000008d800000, 0x000000008d800000|100%| O|  |TAMS 0x000000008d800000, 0x000000008d700000| Updating 
| 216|0x000000008d800000, 0x000000008d900000, 0x000000008d900000|100%| O|  |TAMS 0x000000008d900000, 0x000000008d800000| Updating 
| 217|0x000000008d900000, 0x000000008da00000, 0x000000008da00000|100%| O|  |TAMS 0x000000008da00000, 0x000000008d900000| Updating 
| 218|0x000000008da00000, 0x000000008db00000, 0x000000008db00000|100%| O|  |TAMS 0x000000008db00000, 0x000000008da00000| Updating 
| 219|0x000000008db00000, 0x000000008dc00000, 0x000000008dc00000|100%| O|  |TAMS 0x000000008dc00000, 0x000000008db00000| Untracked 
| 220|0x000000008dc00000, 0x000000008dd00000, 0x000000008dd00000|100%| O|  |TAMS 0x000000008dd00000, 0x000000008dc00000| Updating 
| 221|0x000000008dd00000, 0x000000008de00000, 0x000000008de00000|100%| O|  |TAMS 0x000000008de00000, 0x000000008dd00000| Untracked 
| 222|0x000000008de00000, 0x000000008df00000, 0x000000008df00000|100%| O|  |TAMS 0x000000008df00000, 0x000000008de00000| Updating 
| 223|0x000000008df00000, 0x000000008e000000, 0x000000008e000000|100%| O|  |TAMS 0x000000008e000000, 0x000000008df00000| Updating 
| 224|0x000000008e000000, 0x000000008e000000, 0x000000008e100000|  0%| F|  |TAMS 0x000000008e000000, 0x000000008e000000| Untracked 
| 225|0x000000008e100000, 0x000000008e200000, 0x000000008e200000|100%| O|  |TAMS 0x000000008e200000, 0x000000008e100000| Updating 
| 226|0x000000008e200000, 0x000000008e300000, 0x000000008e300000|100%| O|  |TAMS 0x000000008e300000, 0x000000008e200000| Updating 
| 227|0x000000008e300000, 0x000000008e400000, 0x000000008e400000|100%| O|  |TAMS 0x000000008e400000, 0x000000008e300000| Updating 
| 228|0x000000008e400000, 0x000000008e500000, 0x000000008e500000|100%| O|  |TAMS 0x000000008e500000, 0x000000008e400000| Updating 
| 229|0x000000008e500000, 0x000000008e600000, 0x000000008e600000|100%| O|  |TAMS 0x000000008e600000, 0x000000008e500000| Untracked 
| 230|0x000000008e600000, 0x000000008e700000, 0x000000008e700000|100%| O|  |TAMS 0x000000008e700000, 0x000000008e600000| Updating 
| 231|0x000000008e700000, 0x000000008e800000, 0x000000008e800000|100%| O|  |TAMS 0x000000008e800000, 0x000000008e700000| Updating 
| 232|0x000000008e800000, 0x000000008e900000, 0x000000008e900000|100%| O|  |TAMS 0x000000008e900000, 0x000000008e800000| Updating 
| 233|0x000000008e900000, 0x000000008ea00000, 0x000000008ea00000|100%| O|  |TAMS 0x000000008ea00000, 0x000000008e900000| Updating 
| 234|0x000000008ea00000, 0x000000008eb00000, 0x000000008eb00000|100%| O|  |TAMS 0x000000008eb00000, 0x000000008ea00000| Updating 
| 235|0x000000008eb00000, 0x000000008ec00000, 0x000000008ec00000|100%| O|  |TAMS 0x000000008ec00000, 0x000000008eb00000| Updating 
| 236|0x000000008ec00000, 0x000000008ec00000, 0x000000008ed00000|  0%| F|  |TAMS 0x000000008ec00000, 0x000000008ec00000| Untracked 
| 237|0x000000008ed00000, 0x000000008ee00000, 0x000000008ee00000|100%| O|  |TAMS 0x000000008ee00000, 0x000000008ed00000| Updating 
| 238|0x000000008ee00000, 0x000000008ef00000, 0x000000008ef00000|100%| O|  |TAMS 0x000000008ef00000, 0x000000008ee00000| Untracked 
| 239|0x000000008ef00000, 0x000000008f000000, 0x000000008f000000|100%| O|  |TAMS 0x000000008f000000, 0x000000008ef00000| Untracked 
| 240|0x000000008f000000, 0x000000008f100000, 0x000000008f100000|100%| O|  |TAMS 0x000000008f100000, 0x000000008f000000| Untracked 
| 241|0x000000008f100000, 0x000000008f200000, 0x000000008f200000|100%| O|  |TAMS 0x000000008f200000, 0x000000008f100000| Untracked 
| 242|0x000000008f200000, 0x000000008f300000, 0x000000008f300000|100%| O|  |TAMS 0x000000008f300000, 0x000000008f200000| Untracked 
| 243|0x000000008f300000, 0x000000008f400000, 0x000000008f400000|100%| O|  |TAMS 0x000000008f400000, 0x000000008f300000| Untracked 
| 244|0x000000008f400000, 0x000000008f500000, 0x000000008f500000|100%| O|  |TAMS 0x000000008f500000, 0x000000008f400000| Untracked 
| 245|0x000000008f500000, 0x000000008f600000, 0x000000008f600000|100%| O|  |TAMS 0x000000008f600000, 0x000000008f500000| Untracked 
| 246|0x000000008f600000, 0x000000008f700000, 0x000000008f700000|100%| O|  |TAMS 0x000000008f700000, 0x000000008f600000| Untracked 
| 247|0x000000008f700000, 0x000000008f800000, 0x000000008f800000|100%|HS|  |TAMS 0x000000008f800000, 0x000000008f700000| Complete 
| 248|0x000000008f800000, 0x000000008f900000, 0x000000008f900000|100%|HC|  |TAMS 0x000000008f900000, 0x000000008f800000| Complete 
| 249|0x000000008f900000, 0x000000008fa00000, 0x000000008fa00000|100%|HS|  |TAMS 0x000000008fa00000, 0x000000008f900000| Complete 
| 250|0x000000008fa00000, 0x000000008fb00000, 0x000000008fb00000|100%| O|  |TAMS 0x000000008fb00000, 0x000000008fa00000| Updating 
| 251|0x000000008fb00000, 0x000000008fc00000, 0x000000008fc00000|100%| O|  |TAMS 0x000000008fc00000, 0x000000008fb00000| Untracked 
| 252|0x000000008fc00000, 0x000000008fd00000, 0x000000008fd00000|100%| O|  |TAMS 0x000000008fd00000, 0x000000008fc00000| Untracked 
| 253|0x000000008fd00000, 0x000000008fe00000, 0x000000008fe00000|100%| O|  |TAMS 0x000000008fe00000, 0x000000008fd00000| Untracked 
| 254|0x000000008fe00000, 0x000000008ff00000, 0x000000008ff00000|100%| O|  |TAMS 0x000000008ff00000, 0x000000008fe00000| Untracked 
| 255|0x000000008ff00000, 0x0000000090000000, 0x0000000090000000|100%| O|  |TAMS 0x0000000090000000, 0x000000008ff00000| Untracked 
| 256|0x0000000090000000, 0x0000000090100000, 0x0000000090100000|100%| O|  |TAMS 0x0000000090100000, 0x0000000090000000| Untracked 
| 257|0x0000000090100000, 0x0000000090200000, 0x0000000090200000|100%| O|  |TAMS 0x0000000090200000, 0x0000000090100000| Untracked 
| 258|0x0000000090200000, 0x0000000090300000, 0x0000000090300000|100%| O|  |TAMS 0x0000000090300000, 0x0000000090200000| Untracked 
| 259|0x0000000090300000, 0x0000000090400000, 0x0000000090400000|100%| O|  |TAMS 0x0000000090400000, 0x0000000090300000| Updating 
| 260|0x0000000090400000, 0x0000000090500000, 0x0000000090500000|100%| O|  |TAMS 0x0000000090500000, 0x0000000090400000| Updating 
| 261|0x0000000090500000, 0x0000000090600000, 0x0000000090600000|100%| O|  |TAMS 0x0000000090600000, 0x0000000090500000| Updating 
| 262|0x0000000090600000, 0x0000000090700000, 0x0000000090700000|100%| O|  |TAMS 0x0000000090700000, 0x0000000090600000| Updating 
| 263|0x0000000090700000, 0x0000000090800000, 0x0000000090800000|100%| O|  |TAMS 0x0000000090800000, 0x0000000090700000| Untracked 
| 264|0x0000000090800000, 0x0000000090900000, 0x0000000090900000|100%| O|  |TAMS 0x0000000090900000, 0x0000000090800000| Untracked 
| 265|0x0000000090900000, 0x0000000090a00000, 0x0000000090a00000|100%| O|  |TAMS 0x0000000090a00000, 0x0000000090900000| Untracked 
| 266|0x0000000090a00000, 0x0000000090b00000, 0x0000000090b00000|100%| O|  |TAMS 0x0000000090b00000, 0x0000000090a00000| Updating 
| 267|0x0000000090b00000, 0x0000000090b00000, 0x0000000090c00000|  0%| F|  |TAMS 0x0000000090b00000, 0x0000000090b00000| Untracked 
| 268|0x0000000090c00000, 0x0000000090d00000, 0x0000000090d00000|100%| O|  |TAMS 0x0000000090c00000, 0x0000000090c00000| Untracked 
| 269|0x0000000090d00000, 0x0000000090e00000, 0x0000000090e00000|100%|HS|  |TAMS 0x0000000090e00000, 0x0000000090d00000| Complete 
| 270|0x0000000090e00000, 0x0000000090f00000, 0x0000000090f00000|100%|HC|  |TAMS 0x0000000090f00000, 0x0000000090e00000| Complete 
| 271|0x0000000090f00000, 0x0000000091000000, 0x0000000091000000|100%|HS|  |TAMS 0x0000000091000000, 0x0000000090f00000| Complete 
| 272|0x0000000091000000, 0x0000000091100000, 0x0000000091100000|100%|HS|  |TAMS 0x0000000091100000, 0x0000000091000000| Complete 
| 273|0x0000000091100000, 0x0000000091200000, 0x0000000091200000|100%| O|  |TAMS 0x0000000091200000, 0x0000000091100000| Untracked 
| 274|0x0000000091200000, 0x0000000091300000, 0x0000000091300000|100%| O|  |TAMS 0x0000000091300000, 0x0000000091200000| Untracked 
| 275|0x0000000091300000, 0x0000000091400000, 0x0000000091400000|100%| O|  |TAMS 0x0000000091400000, 0x0000000091300000| Untracked 
| 276|0x0000000091400000, 0x0000000091500000, 0x0000000091500000|100%| O|  |TAMS 0x0000000091500000, 0x0000000091400000| Untracked 
| 277|0x0000000091500000, 0x0000000091600000, 0x0000000091600000|100%| O|  |TAMS 0x0000000091600000, 0x0000000091500000| Untracked 
| 278|0x0000000091600000, 0x0000000091700000, 0x0000000091700000|100%| O|  |TAMS 0x0000000091700000, 0x0000000091600000| Untracked 
| 279|0x0000000091700000, 0x0000000091800000, 0x0000000091800000|100%| O|  |TAMS 0x0000000091800000, 0x0000000091700000| Untracked 
| 280|0x0000000091800000, 0x0000000091900000, 0x0000000091900000|100%| O|  |TAMS 0x0000000091900000, 0x0000000091800000| Untracked 
| 281|0x0000000091900000, 0x0000000091a00000, 0x0000000091a00000|100%| O|  |TAMS 0x0000000091a00000, 0x0000000091900000| Untracked 
| 282|0x0000000091a00000, 0x0000000091b00000, 0x0000000091b00000|100%| O|  |TAMS 0x0000000091b00000, 0x0000000091a00000| Untracked 
| 283|0x0000000091b00000, 0x0000000091c00000, 0x0000000091c00000|100%| O|  |TAMS 0x0000000091c00000, 0x0000000091b00000| Untracked 
| 284|0x0000000091c00000, 0x0000000091d00000, 0x0000000091d00000|100%| O|  |TAMS 0x0000000091d00000, 0x0000000091c00000| Untracked 
| 285|0x0000000091d00000, 0x0000000091e00000, 0x0000000091e00000|100%| O|  |TAMS 0x0000000091e00000, 0x0000000091d00000| Untracked 
| 286|0x0000000091e00000, 0x0000000091f00000, 0x0000000091f00000|100%| O|  |TAMS 0x0000000091f00000, 0x0000000091e00000| Untracked 
| 287|0x0000000091f00000, 0x0000000092000000, 0x0000000092000000|100%| O|  |TAMS 0x0000000092000000, 0x0000000091f00000| Untracked 
| 288|0x0000000092000000, 0x0000000092100000, 0x0000000092100000|100%| O|  |TAMS 0x0000000092100000, 0x0000000092000000| Untracked 
| 289|0x0000000092100000, 0x0000000092200000, 0x0000000092200000|100%| O|  |TAMS 0x0000000092200000, 0x0000000092100000| Untracked 
| 290|0x0000000092200000, 0x0000000092300000, 0x0000000092300000|100%| O|  |TAMS 0x0000000092300000, 0x0000000092200000| Untracked 
| 291|0x0000000092300000, 0x0000000092400000, 0x0000000092400000|100%| O|  |TAMS 0x00000000923ee600, 0x0000000092300000| Updating 
| 292|0x0000000092400000, 0x0000000092500000, 0x0000000092500000|100%| O|  |TAMS 0x0000000092400000, 0x0000000092400000| Untracked 
| 293|0x0000000092500000, 0x0000000092600000, 0x0000000092600000|100%| O|  |TAMS 0x0000000092500000, 0x0000000092500000| Untracked 
| 294|0x0000000092600000, 0x0000000092700000, 0x0000000092700000|100%| O|  |TAMS 0x0000000092600000, 0x0000000092600000| Untracked 
| 295|0x0000000092700000, 0x0000000092800000, 0x0000000092800000|100%| O|  |TAMS 0x0000000092700000, 0x0000000092700000| Untracked 
| 296|0x0000000092800000, 0x0000000092900000, 0x0000000092900000|100%| O|  |TAMS 0x0000000092800000, 0x0000000092800000| Untracked 
| 297|0x0000000092900000, 0x0000000092a00000, 0x0000000092a00000|100%| O|  |TAMS 0x0000000092900000, 0x0000000092900000| Untracked 
| 298|0x0000000092a00000, 0x0000000092b00000, 0x0000000092b00000|100%| O|  |TAMS 0x0000000092a00000, 0x0000000092a00000| Untracked 
| 299|0x0000000092b00000, 0x0000000092c00000, 0x0000000092c00000|100%| O|  |TAMS 0x0000000092b00000, 0x0000000092b00000| Untracked 
| 300|0x0000000092c00000, 0x0000000092d00000, 0x0000000092d00000|100%| O|  |TAMS 0x0000000092c00000, 0x0000000092c00000| Untracked 
| 301|0x0000000092d00000, 0x0000000092e00000, 0x0000000092e00000|100%| O|  |TAMS 0x0000000092d00000, 0x0000000092d00000| Untracked 
| 302|0x0000000092e00000, 0x0000000092f00000, 0x0000000092f00000|100%| O|  |TAMS 0x0000000092e00000, 0x0000000092e00000| Untracked 
| 303|0x0000000092f00000, 0x0000000093000000, 0x0000000093000000|100%| O|  |TAMS 0x0000000092f00000, 0x0000000092f00000| Untracked 
| 304|0x0000000093000000, 0x0000000093100000, 0x0000000093100000|100%| O|  |TAMS 0x0000000093000000, 0x0000000093000000| Untracked 
| 305|0x0000000093100000, 0x00000000931b7e00, 0x0000000093200000| 71%| O|  |TAMS 0x0000000093100000, 0x0000000093100000| Updating 
| 306|0x0000000093200000, 0x0000000093200000, 0x0000000093300000|  0%| F|  |TAMS 0x0000000093200000, 0x0000000093200000| Untracked 
| 307|0x0000000093300000, 0x0000000093300000, 0x0000000093400000|  0%| F|  |TAMS 0x0000000093300000, 0x0000000093300000| Untracked 
| 308|0x0000000093400000, 0x0000000093400000, 0x0000000093500000|  0%| F|  |TAMS 0x0000000093400000, 0x0000000093400000| Untracked 
| 309|0x0000000093500000, 0x0000000093500000, 0x0000000093600000|  0%| F|  |TAMS 0x0000000093500000, 0x0000000093500000| Untracked 
| 310|0x0000000093600000, 0x0000000093600000, 0x0000000093700000|  0%| F|  |TAMS 0x0000000093600000, 0x0000000093600000| Untracked 
| 311|0x0000000093700000, 0x0000000093700000, 0x0000000093800000|  0%| F|  |TAMS 0x0000000093700000, 0x0000000093700000| Untracked 
| 312|0x0000000093800000, 0x0000000093800000, 0x0000000093900000|  0%| F|  |TAMS 0x0000000093800000, 0x0000000093800000| Untracked 
| 313|0x0000000093900000, 0x0000000093900000, 0x0000000093a00000|  0%| F|  |TAMS 0x0000000093900000, 0x0000000093900000| Untracked 
| 314|0x0000000093a00000, 0x0000000093a00000, 0x0000000093b00000|  0%| F|  |TAMS 0x0000000093a00000, 0x0000000093a00000| Untracked 
| 315|0x0000000093b00000, 0x0000000093b00000, 0x0000000093c00000|  0%| F|  |TAMS 0x0000000093b00000, 0x0000000093b00000| Untracked 
| 316|0x0000000093c00000, 0x0000000093c00000, 0x0000000093d00000|  0%| F|  |TAMS 0x0000000093c00000, 0x0000000093c00000| Untracked 
| 317|0x0000000093d00000, 0x0000000093d00000, 0x0000000093e00000|  0%| F|  |TAMS 0x0000000093d00000, 0x0000000093d00000| Untracked 
| 318|0x0000000093e00000, 0x0000000093e00000, 0x0000000093f00000|  0%| F|  |TAMS 0x0000000093e00000, 0x0000000093e00000| Untracked 
| 319|0x0000000093f00000, 0x0000000093f00000, 0x0000000094000000|  0%| F|  |TAMS 0x0000000093f00000, 0x0000000093f00000| Untracked 
| 320|0x0000000094000000, 0x0000000094000000, 0x0000000094100000|  0%| F|  |TAMS 0x0000000094000000, 0x0000000094000000| Untracked 
| 321|0x0000000094100000, 0x0000000094100000, 0x0000000094200000|  0%| F|  |TAMS 0x0000000094100000, 0x0000000094100000| Untracked 
| 322|0x0000000094200000, 0x0000000094200000, 0x0000000094300000|  0%| F|  |TAMS 0x0000000094200000, 0x0000000094200000| Untracked 
| 323|0x0000000094300000, 0x0000000094300000, 0x0000000094400000|  0%| F|  |TAMS 0x0000000094300000, 0x0000000094300000| Untracked 
| 324|0x0000000094400000, 0x0000000094400000, 0x0000000094500000|  0%| F|  |TAMS 0x0000000094400000, 0x0000000094400000| Untracked 
| 325|0x0000000094500000, 0x0000000094500000, 0x0000000094600000|  0%| F|  |TAMS 0x0000000094500000, 0x0000000094500000| Untracked 
| 326|0x0000000094600000, 0x0000000094600000, 0x0000000094700000|  0%| F|  |TAMS 0x0000000094600000, 0x0000000094600000| Untracked 
| 327|0x0000000094700000, 0x0000000094700000, 0x0000000094800000|  0%| F|  |TAMS 0x0000000094700000, 0x0000000094700000| Untracked 
| 328|0x0000000094800000, 0x0000000094800000, 0x0000000094900000|  0%| F|  |TAMS 0x0000000094800000, 0x0000000094800000| Untracked 
| 329|0x0000000094900000, 0x0000000094900000, 0x0000000094a00000|  0%| F|  |TAMS 0x0000000094900000, 0x0000000094900000| Untracked 
| 330|0x0000000094a00000, 0x0000000094a00000, 0x0000000094b00000|  0%| F|  |TAMS 0x0000000094a00000, 0x0000000094a00000| Untracked 
| 331|0x0000000094b00000, 0x0000000094b00000, 0x0000000094c00000|  0%| F|  |TAMS 0x0000000094b00000, 0x0000000094b00000| Untracked 
| 332|0x0000000094c00000, 0x0000000094c00000, 0x0000000094d00000|  0%| F|  |TAMS 0x0000000094c00000, 0x0000000094c00000| Untracked 
| 333|0x0000000094d00000, 0x0000000094d00000, 0x0000000094e00000|  0%| F|  |TAMS 0x0000000094d00000, 0x0000000094d00000| Untracked 
| 334|0x0000000094e00000, 0x0000000094e00000, 0x0000000094f00000|  0%| F|  |TAMS 0x0000000094e00000, 0x0000000094e00000| Untracked 
| 335|0x0000000094f00000, 0x0000000094f00000, 0x0000000095000000|  0%| F|  |TAMS 0x0000000094f00000, 0x0000000094f00000| Untracked 
| 336|0x0000000095000000, 0x0000000095000000, 0x0000000095100000|  0%| F|  |TAMS 0x0000000095000000, 0x0000000095000000| Untracked 
| 337|0x0000000095100000, 0x0000000095100000, 0x0000000095200000|  0%| F|  |TAMS 0x0000000095100000, 0x0000000095100000| Untracked 
| 338|0x0000000095200000, 0x0000000095200000, 0x0000000095300000|  0%| F|  |TAMS 0x0000000095200000, 0x0000000095200000| Untracked 
| 339|0x0000000095300000, 0x0000000095300000, 0x0000000095400000|  0%| F|  |TAMS 0x0000000095300000, 0x0000000095300000| Untracked 
| 340|0x0000000095400000, 0x0000000095400000, 0x0000000095500000|  0%| F|  |TAMS 0x0000000095400000, 0x0000000095400000| Untracked 
| 341|0x0000000095500000, 0x0000000095500000, 0x0000000095600000|  0%| F|  |TAMS 0x0000000095500000, 0x0000000095500000| Untracked 
| 342|0x0000000095600000, 0x0000000095600000, 0x0000000095700000|  0%| F|  |TAMS 0x0000000095600000, 0x0000000095600000| Untracked 
| 343|0x0000000095700000, 0x0000000095700000, 0x0000000095800000|  0%| F|  |TAMS 0x0000000095700000, 0x0000000095700000| Untracked 
| 344|0x0000000095800000, 0x0000000095800000, 0x0000000095900000|  0%| F|  |TAMS 0x0000000095800000, 0x0000000095800000| Untracked 
| 345|0x0000000095900000, 0x0000000095900000, 0x0000000095a00000|  0%| F|  |TAMS 0x0000000095900000, 0x0000000095900000| Untracked 
| 346|0x0000000095a00000, 0x0000000095a00000, 0x0000000095b00000|  0%| F|  |TAMS 0x0000000095a00000, 0x0000000095a00000| Untracked 
| 347|0x0000000095b00000, 0x0000000095b00000, 0x0000000095c00000|  0%| F|  |TAMS 0x0000000095b00000, 0x0000000095b00000| Untracked 
| 348|0x0000000095c00000, 0x0000000095c00000, 0x0000000095d00000|  0%| F|  |TAMS 0x0000000095c00000, 0x0000000095c00000| Untracked 
| 349|0x0000000095d00000, 0x0000000095d00000, 0x0000000095e00000|  0%| F|  |TAMS 0x0000000095d00000, 0x0000000095d00000| Untracked 
| 350|0x0000000095e00000, 0x0000000095e00000, 0x0000000095f00000|  0%| F|  |TAMS 0x0000000095e00000, 0x0000000095e00000| Untracked 
| 351|0x0000000095f00000, 0x0000000095f00000, 0x0000000096000000|  0%| F|  |TAMS 0x0000000095f00000, 0x0000000095f00000| Untracked 
| 352|0x0000000096000000, 0x0000000096000000, 0x0000000096100000|  0%| F|  |TAMS 0x0000000096000000, 0x0000000096000000| Untracked 
| 353|0x0000000096100000, 0x0000000096100000, 0x0000000096200000|  0%| F|  |TAMS 0x0000000096100000, 0x0000000096100000| Untracked 
| 354|0x0000000096200000, 0x0000000096200000, 0x0000000096300000|  0%| F|  |TAMS 0x0000000096200000, 0x0000000096200000| Untracked 
| 355|0x0000000096300000, 0x0000000096300000, 0x0000000096400000|  0%| F|  |TAMS 0x0000000096300000, 0x0000000096300000| Untracked 
| 356|0x0000000096400000, 0x0000000096400000, 0x0000000096500000|  0%| F|  |TAMS 0x0000000096400000, 0x0000000096400000| Untracked 
| 357|0x0000000096500000, 0x0000000096500000, 0x0000000096600000|  0%| F|  |TAMS 0x0000000096500000, 0x0000000096500000| Untracked 
| 358|0x0000000096600000, 0x0000000096600000, 0x0000000096700000|  0%| F|  |TAMS 0x0000000096600000, 0x0000000096600000| Untracked 
| 359|0x0000000096700000, 0x0000000096700000, 0x0000000096800000|  0%| F|  |TAMS 0x0000000096700000, 0x0000000096700000| Untracked 
| 360|0x0000000096800000, 0x0000000096800000, 0x0000000096900000|  0%| F|  |TAMS 0x0000000096800000, 0x0000000096800000| Untracked 
| 361|0x0000000096900000, 0x0000000096900000, 0x0000000096a00000|  0%| F|  |TAMS 0x0000000096900000, 0x0000000096900000| Untracked 
| 362|0x0000000096a00000, 0x0000000096a00000, 0x0000000096b00000|  0%| F|  |TAMS 0x0000000096a00000, 0x0000000096a00000| Untracked 
| 363|0x0000000096b00000, 0x0000000096b00000, 0x0000000096c00000|  0%| F|  |TAMS 0x0000000096b00000, 0x0000000096b00000| Untracked 
| 364|0x0000000096c00000, 0x0000000096c00000, 0x0000000096d00000|  0%| F|  |TAMS 0x0000000096c00000, 0x0000000096c00000| Untracked 
| 365|0x0000000096d00000, 0x0000000096d00000, 0x0000000096e00000|  0%| F|  |TAMS 0x0000000096d00000, 0x0000000096d00000| Untracked 
| 366|0x0000000096e00000, 0x0000000096e00000, 0x0000000096f00000|  0%| F|  |TAMS 0x0000000096e00000, 0x0000000096e00000| Untracked 
| 367|0x0000000096f00000, 0x0000000096f00000, 0x0000000097000000|  0%| F|  |TAMS 0x0000000096f00000, 0x0000000096f00000| Untracked 
| 368|0x0000000097000000, 0x0000000097000000, 0x0000000097100000|  0%| F|  |TAMS 0x0000000097000000, 0x0000000097000000| Untracked 
| 369|0x0000000097100000, 0x0000000097100000, 0x0000000097200000|  0%| F|  |TAMS 0x0000000097100000, 0x0000000097100000| Untracked 
| 370|0x0000000097200000, 0x0000000097200000, 0x0000000097300000|  0%| F|  |TAMS 0x0000000097200000, 0x0000000097200000| Untracked 
| 371|0x0000000097300000, 0x0000000097300000, 0x0000000097400000|  0%| F|  |TAMS 0x0000000097300000, 0x0000000097300000| Untracked 
| 372|0x0000000097400000, 0x0000000097400000, 0x0000000097500000|  0%| F|  |TAMS 0x0000000097400000, 0x0000000097400000| Untracked 
| 373|0x0000000097500000, 0x0000000097500000, 0x0000000097600000|  0%| F|  |TAMS 0x0000000097500000, 0x0000000097500000| Untracked 
| 374|0x0000000097600000, 0x0000000097600000, 0x0000000097700000|  0%| F|  |TAMS 0x0000000097600000, 0x0000000097600000| Untracked 
| 375|0x0000000097700000, 0x0000000097700000, 0x0000000097800000|  0%| F|  |TAMS 0x0000000097700000, 0x0000000097700000| Untracked 
| 376|0x0000000097800000, 0x0000000097800000, 0x0000000097900000|  0%| F|  |TAMS 0x0000000097800000, 0x0000000097800000| Untracked 
| 377|0x0000000097900000, 0x0000000097900000, 0x0000000097a00000|  0%| F|  |TAMS 0x0000000097900000, 0x0000000097900000| Untracked 
| 378|0x0000000097a00000, 0x0000000097a00000, 0x0000000097b00000|  0%| F|  |TAMS 0x0000000097a00000, 0x0000000097a00000| Untracked 
| 379|0x0000000097b00000, 0x0000000097b00000, 0x0000000097c00000|  0%| F|  |TAMS 0x0000000097b00000, 0x0000000097b00000| Untracked 
| 380|0x0000000097c00000, 0x0000000097c00000, 0x0000000097d00000|  0%| F|  |TAMS 0x0000000097c00000, 0x0000000097c00000| Untracked 
| 381|0x0000000097d00000, 0x0000000097d00000, 0x0000000097e00000|  0%| F|  |TAMS 0x0000000097d00000, 0x0000000097d00000| Untracked 
| 382|0x0000000097e00000, 0x0000000097e00000, 0x0000000097f00000|  0%| F|  |TAMS 0x0000000097e00000, 0x0000000097e00000| Untracked 
| 383|0x0000000097f00000, 0x0000000097f00000, 0x0000000098000000|  0%| F|  |TAMS 0x0000000097f00000, 0x0000000097f00000| Untracked 
| 384|0x0000000098000000, 0x0000000098000000, 0x0000000098100000|  0%| F|  |TAMS 0x0000000098000000, 0x0000000098000000| Untracked 
| 385|0x0000000098100000, 0x0000000098100000, 0x0000000098200000|  0%| F|  |TAMS 0x0000000098100000, 0x0000000098100000| Untracked 
| 386|0x0000000098200000, 0x0000000098200000, 0x0000000098300000|  0%| F|  |TAMS 0x0000000098200000, 0x0000000098200000| Untracked 
| 387|0x0000000098300000, 0x0000000098300000, 0x0000000098400000|  0%| F|  |TAMS 0x0000000098300000, 0x0000000098300000| Untracked 
| 388|0x0000000098400000, 0x0000000098400000, 0x0000000098500000|  0%| F|  |TAMS 0x0000000098400000, 0x0000000098400000| Untracked 
| 389|0x0000000098500000, 0x0000000098500000, 0x0000000098600000|  0%| F|  |TAMS 0x0000000098500000, 0x0000000098500000| Untracked 
| 390|0x0000000098600000, 0x0000000098600000, 0x0000000098700000|  0%| F|  |TAMS 0x0000000098600000, 0x0000000098600000| Untracked 
| 391|0x0000000098700000, 0x0000000098700000, 0x0000000098800000|  0%| F|  |TAMS 0x0000000098700000, 0x0000000098700000| Untracked 
| 392|0x0000000098800000, 0x0000000098800000, 0x0000000098900000|  0%| F|  |TAMS 0x0000000098800000, 0x0000000098800000| Untracked 
| 393|0x0000000098900000, 0x0000000098900000, 0x0000000098a00000|  0%| F|  |TAMS 0x0000000098900000, 0x0000000098900000| Untracked 
| 394|0x0000000098a00000, 0x0000000098a00000, 0x0000000098b00000|  0%| F|  |TAMS 0x0000000098a00000, 0x0000000098a00000| Untracked 
| 395|0x0000000098b00000, 0x0000000098b00000, 0x0000000098c00000|  0%| F|  |TAMS 0x0000000098b00000, 0x0000000098b00000| Untracked 
| 396|0x0000000098c00000, 0x0000000098c00000, 0x0000000098d00000|  0%| F|  |TAMS 0x0000000098c00000, 0x0000000098c00000| Untracked 
| 397|0x0000000098d00000, 0x0000000098d00000, 0x0000000098e00000|  0%| F|  |TAMS 0x0000000098d00000, 0x0000000098d00000| Untracked 
| 398|0x0000000098e00000, 0x0000000098e00000, 0x0000000098f00000|  0%| F|  |TAMS 0x0000000098e00000, 0x0000000098e00000| Untracked 
| 399|0x0000000098f00000, 0x0000000098f00000, 0x0000000099000000|  0%| F|  |TAMS 0x0000000098f00000, 0x0000000098f00000| Untracked 
| 400|0x0000000099000000, 0x0000000099000000, 0x0000000099100000|  0%| F|  |TAMS 0x0000000099000000, 0x0000000099000000| Untracked 
| 401|0x0000000099100000, 0x0000000099100000, 0x0000000099200000|  0%| F|  |TAMS 0x0000000099100000, 0x0000000099100000| Untracked 
| 402|0x0000000099200000, 0x0000000099200000, 0x0000000099300000|  0%| F|  |TAMS 0x0000000099200000, 0x0000000099200000| Untracked 
| 403|0x0000000099300000, 0x0000000099300000, 0x0000000099400000|  0%| F|  |TAMS 0x0000000099300000, 0x0000000099300000| Untracked 
| 404|0x0000000099400000, 0x0000000099400000, 0x0000000099500000|  0%| F|  |TAMS 0x0000000099400000, 0x0000000099400000| Untracked 
| 405|0x0000000099500000, 0x0000000099500000, 0x0000000099600000|  0%| F|  |TAMS 0x0000000099500000, 0x0000000099500000| Untracked 
| 406|0x0000000099600000, 0x0000000099600000, 0x0000000099700000|  0%| F|  |TAMS 0x0000000099600000, 0x0000000099600000| Untracked 
| 407|0x0000000099700000, 0x0000000099700000, 0x0000000099800000|  0%| F|  |TAMS 0x0000000099700000, 0x0000000099700000| Untracked 
| 408|0x0000000099800000, 0x0000000099880c10, 0x0000000099900000| 50%| E|  |TAMS 0x0000000099800000, 0x0000000099800000| Complete 
| 409|0x0000000099900000, 0x0000000099a00000, 0x0000000099a00000|100%| E|CS|TAMS 0x0000000099900000, 0x0000000099900000| Complete 
| 410|0x0000000099a00000, 0x0000000099b00000, 0x0000000099b00000|100%| S|CS|TAMS 0x0000000099a00000, 0x0000000099a00000| Complete 
| 411|0x0000000099b00000, 0x0000000099c00000, 0x0000000099c00000|100%| S|CS|TAMS 0x0000000099b00000, 0x0000000099b00000| Complete 
| 412|0x0000000099c00000, 0x0000000099d00000, 0x0000000099d00000|100%| S|CS|TAMS 0x0000000099c00000, 0x0000000099c00000| Complete 
| 413|0x0000000099d00000, 0x0000000099e00000, 0x0000000099e00000|100%| S|CS|TAMS 0x0000000099d00000, 0x0000000099d00000| Complete 
| 414|0x0000000099e00000, 0x0000000099f00000, 0x0000000099f00000|100%| S|CS|TAMS 0x0000000099e00000, 0x0000000099e00000| Complete 
| 415|0x0000000099f00000, 0x000000009a000000, 0x000000009a000000|100%| E|CS|TAMS 0x0000000099f00000, 0x0000000099f00000| Complete 
| 416|0x000000009a000000, 0x000000009a100000, 0x000000009a100000|100%| E|CS|TAMS 0x000000009a000000, 0x000000009a000000| Complete 
| 417|0x000000009a100000, 0x000000009a200000, 0x000000009a200000|100%| E|CS|TAMS 0x000000009a100000, 0x000000009a100000| Complete 
| 418|0x000000009a200000, 0x000000009a300000, 0x000000009a300000|100%| E|CS|TAMS 0x000000009a200000, 0x000000009a200000| Complete 
| 419|0x000000009a300000, 0x000000009a400000, 0x000000009a400000|100%| E|CS|TAMS 0x000000009a300000, 0x000000009a300000| Complete 
| 420|0x000000009a400000, 0x000000009a500000, 0x000000009a500000|100%| E|CS|TAMS 0x000000009a400000, 0x000000009a400000| Complete 
| 421|0x000000009a500000, 0x000000009a600000, 0x000000009a600000|100%| E|CS|TAMS 0x000000009a500000, 0x000000009a500000| Complete 
| 422|0x000000009a600000, 0x000000009a700000, 0x000000009a700000|100%| E|CS|TAMS 0x000000009a600000, 0x000000009a600000| Complete 
| 423|0x000000009a700000, 0x000000009a800000, 0x000000009a800000|100%| E|CS|TAMS 0x000000009a700000, 0x000000009a700000| Complete 
| 424|0x000000009a800000, 0x000000009a900000, 0x000000009a900000|100%| E|CS|TAMS 0x000000009a800000, 0x000000009a800000| Complete 
| 425|0x000000009a900000, 0x000000009aa00000, 0x000000009aa00000|100%| E|CS|TAMS 0x000000009a900000, 0x000000009a900000| Complete 
| 426|0x000000009aa00000, 0x000000009ab00000, 0x000000009ab00000|100%| E|CS|TAMS 0x000000009aa00000, 0x000000009aa00000| Complete 
| 427|0x000000009ab00000, 0x000000009ac00000, 0x000000009ac00000|100%| E|CS|TAMS 0x000000009ab00000, 0x000000009ab00000| Complete 
| 428|0x000000009ac00000, 0x000000009ad00000, 0x000000009ad00000|100%| E|CS|TAMS 0x000000009ac00000, 0x000000009ac00000| Complete 
| 429|0x000000009ad00000, 0x000000009ae00000, 0x000000009ae00000|100%| E|CS|TAMS 0x000000009ad00000, 0x000000009ad00000| Complete 
| 430|0x000000009ae00000, 0x000000009af00000, 0x000000009af00000|100%| E|CS|TAMS 0x000000009ae00000, 0x000000009ae00000| Complete 
| 431|0x000000009af00000, 0x000000009b000000, 0x000000009b000000|100%| E|CS|TAMS 0x000000009af00000, 0x000000009af00000| Complete 
| 432|0x000000009b000000, 0x000000009b100000, 0x000000009b100000|100%| E|CS|TAMS 0x000000009b000000, 0x000000009b000000| Complete 
| 433|0x000000009b100000, 0x000000009b200000, 0x000000009b200000|100%| E|CS|TAMS 0x000000009b100000, 0x000000009b100000| Complete 
| 434|0x000000009b200000, 0x000000009b300000, 0x000000009b300000|100%| E|CS|TAMS 0x000000009b200000, 0x000000009b200000| Complete 
| 435|0x000000009b300000, 0x000000009b400000, 0x000000009b400000|100%| E|CS|TAMS 0x000000009b300000, 0x000000009b300000| Complete 
| 436|0x000000009b400000, 0x000000009b500000, 0x000000009b500000|100%| E|CS|TAMS 0x000000009b400000, 0x000000009b400000| Complete 
| 437|0x000000009b500000, 0x000000009b600000, 0x000000009b600000|100%| E|CS|TAMS 0x000000009b500000, 0x000000009b500000| Complete 
| 438|0x000000009b600000, 0x000000009b700000, 0x000000009b700000|100%| E|CS|TAMS 0x000000009b600000, 0x000000009b600000| Complete 
| 439|0x000000009b700000, 0x000000009b800000, 0x000000009b800000|100%| E|CS|TAMS 0x000000009b700000, 0x000000009b700000| Complete 
| 440|0x000000009b800000, 0x000000009b900000, 0x000000009b900000|100%| E|CS|TAMS 0x000000009b800000, 0x000000009b800000| Complete 
| 441|0x000000009b900000, 0x000000009ba00000, 0x000000009ba00000|100%| E|CS|TAMS 0x000000009b900000, 0x000000009b900000| Complete 
| 442|0x000000009ba00000, 0x000000009bb00000, 0x000000009bb00000|100%| E|CS|TAMS 0x000000009ba00000, 0x000000009ba00000| Complete 
| 443|0x000000009bb00000, 0x000000009bc00000, 0x000000009bc00000|100%| E|CS|TAMS 0x000000009bb00000, 0x000000009bb00000| Complete 
| 444|0x000000009bc00000, 0x000000009bd00000, 0x000000009bd00000|100%| E|CS|TAMS 0x000000009bc00000, 0x000000009bc00000| Complete 
| 445|0x000000009bd00000, 0x000000009be00000, 0x000000009be00000|100%| E|CS|TAMS 0x000000009bd00000, 0x000000009bd00000| Complete 
| 446|0x000000009be00000, 0x000000009bf00000, 0x000000009bf00000|100%| E|CS|TAMS 0x000000009be00000, 0x000000009be00000| Complete 

Card table byte_map: [0x0000020ede460000,0x0000020ede860000] _byte_map_base: 0x0000020ede060000

Marking Bits (Prev, Next): (CMBitMap*) 0x0000020ec52c9c60, (CMBitMap*) 0x0000020ec52c9ca0
 Prev Bits: [0x0000020edec60000, 0x0000020ee0c60000)
 Next Bits: [0x0000020ee0c60000, 0x0000020ee2c60000)

Polling page: 0x0000020ec5320000

Metaspace:

Usage:
  Non-class:    129.67 MB used.
      Class:     19.42 MB used.
       Both:    149.09 MB used.

Virtual space:
  Non-class space:      192.00 MB reserved,     130.75 MB ( 68%) committed,  3 nodes.
      Class space:        1.00 GB reserved,      20.50 MB (  2%) committed,  1 nodes.
             Both:        1.19 GB reserved,     151.25 MB ( 12%) committed. 

Chunk freelists:
   Non-Class:  1.24 MB
       Class:  3.46 MB
        Both:  4.70 MB

MaxMetaspaceSize: unlimited
CompressedClassSpaceSize: 1.00 GB
Initial GC threshold: 21.00 MB
Current GC threshold: 151.38 MB
CDS: on
MetaspaceReclaimPolicy: balanced
 - commit_granule_bytes: 65536.
 - commit_granule_words: 8192.
 - virtual_space_node_default_size: 8388608.
 - enlarge_chunks_in_place: 1.
 - new_chunks_are_fully_committed: 0.
 - uncommit_free_chunks: 1.
 - use_allocation_guard: 0.


Internal statistics:

num_allocs_failed_limit: 45.
num_arena_births: 3926.
num_arena_deaths: 46.
num_vsnodes_births: 4.
num_vsnodes_deaths: 0.
num_space_committed: 2420.
num_space_uncommitted: 0.
num_chunks_returned_to_freelist: 111.
num_chunks_taken_from_freelist: 10415.
num_chunk_merges: 66.
num_chunk_splits: 7182.
num_chunks_enlarged: 4885.
num_inconsistent_stats: 0.

CodeHeap 'non-profiled nmethods': size=120000Kb used=15644Kb max_used=15644Kb free=104355Kb
 bounds [0x0000020ed60d0000, 0x0000020ed7050000, 0x0000020edd600000]
CodeHeap 'profiled nmethods': size=120000Kb used=44433Kb max_used=45285Kb free=75566Kb
 bounds [0x0000020eceba0000, 0x0000020ed17f0000, 0x0000020ed60d0000]
CodeHeap 'non-nmethods': size=5760Kb used=2508Kb max_used=2578Kb free=3252Kb
 bounds [0x0000020ece600000, 0x0000020ece8a0000, 0x0000020eceba0000]
 total_blobs=23014 nmethods=21979 adapters=944
 compilation: enabled
              stopped_count=0, restarted_count=0
 full_count=0

Compilation events (20 events):
Event: 504.359 Thread 0x0000020ee56f6d30 28387       3       com.google.common.collect.ImmutableMap$Builder::<init> (23 bytes)
Event: 504.359 Thread 0x0000020ee56f6d30 nmethod 28387 0x0000020ed0142a90 code [0x0000020ed0142c40, 0x0000020ed0142eb8]
Event: 504.360 Thread 0x0000020ee56f6d30 28388       3       com.google.common.collect.ImmutableMap$Builder::buildOrThrow (6 bytes)
Event: 504.360 Thread 0x0000020ee56f6d30 nmethod 28388 0x0000020ecfcded10 code [0x0000020ecfcdeea0, 0x0000020ecfcdefe8]
Event: 504.360 Thread 0x0000020ee56f6d30 28389       3       com.google.common.collect.ImmutableMap$Builder::build (166 bytes)
Event: 504.361 Thread 0x0000020ee56f6d30 nmethod 28389 0x0000020ecf859890 code [0x0000020ecf859bc0, 0x0000020ecf85ae38]
Event: 504.361 Thread 0x0000020ee56f6d30 28390       3       com.google.common.base.CharMatcher$Is::matches (14 bytes)
Event: 504.361 Thread 0x0000020ee56f6d30 nmethod 28390 0x0000020ecfd70210 code [0x0000020ecfd703a0, 0x0000020ecfd70518]
Event: 504.361 Thread 0x0000020ee56f6d30 28394       3       com.google.common.base.Ascii::isUpperCase (18 bytes)
Event: 504.361 Thread 0x0000020ee56f6d30 nmethod 28394 0x0000020ecfdadc10 code [0x0000020ecfdadda0, 0x0000020ecfdadf18]
Event: 504.361 Thread 0x0000020ee56f6d30 28391       3       com.google.common.collect.ImmutableMap::builder (8 bytes)
Event: 504.361 Thread 0x0000020ee56f6d30 nmethod 28391 0x0000020ed0143890 code [0x0000020ed0143a40, 0x0000020ed0143db8]
Event: 504.361 Thread 0x0000020ee56f6d30 28392       3       com.google.common.collect.ImmutableMap$Builder::<init> (6 bytes)
Event: 504.361 Thread 0x0000020ee56f6d30 nmethod 28392 0x0000020ed016dc90 code [0x0000020ed016de40, 0x0000020ed016e118]
Event: 504.361 Thread 0x0000020ee56f6d30 28393       3       com.google.common.collect.ImmutableMap$Builder::build (5 bytes)
Event: 504.361 Thread 0x0000020ee56f6d30 nmethod 28393 0x0000020ecfe03310 code [0x0000020ecfe034c0, 0x0000020ecfe03668]
Event: 504.409 Thread 0x0000020ee56f6d30 28395       3       com.squareup.javapoet.ClassName::get (51 bytes)
Event: 504.409 Thread 0x0000020ee56f6d30 nmethod 28395 0x0000020ed0434890 code [0x0000020ed0434a60, 0x0000020ed0434d18]
Event: 504.434 Thread 0x0000020ee56f6d30 28396       3       com.google.common.collect.ImmutableSet$CachingAsList::<init> (5 bytes)
Event: 504.435 Thread 0x0000020ee56f6d30 nmethod 28396 0x0000020ed0ca2110 code [0x0000020ed0ca22c0, 0x0000020ed0ca2538]

GC Heap History (20 events):
Event: 49.351 GC heap before
{Heap before GC invocations=49 (full 0):
 garbage-first heap   total 457728K, used 382212K [0x0000000080000000, 0x0000000100000000)
  region size 1024K, 139 young (142336K), 14 survivors (14336K)
 Metaspace       used 132900K, committed 134912K, reserved 1179648K
  class space    used 17762K, committed 18816K, reserved 1048576K
}
Event: 49.356 GC heap after
{Heap after GC invocations=50 (full 0):
 garbage-first heap   total 457728K, used 245837K [0x0000000080000000, 0x0000000100000000)
  region size 1024K, 4 young (4096K), 4 survivors (4096K)
 Metaspace       used 132900K, committed 134912K, reserved 1179648K
  class space    used 17762K, committed 18816K, reserved 1048576K
}
Event: 49.980 GC heap before
{Heap before GC invocations=50 (full 0):
 garbage-first heap   total 457728K, used 321613K [0x0000000080000000, 0x0000000100000000)
  region size 1024K, 38 young (38912K), 4 survivors (4096K)
 Metaspace       used 135125K, committed 137152K, reserved 1179648K
  class space    used 18028K, committed 19072K, reserved 1048576K
}
Event: 49.987 GC heap after
{Heap after GC invocations=51 (full 0):
 garbage-first heap   total 457728K, used 273114K [0x0000000080000000, 0x0000000100000000)
  region size 1024K, 5 young (5120K), 5 survivors (5120K)
 Metaspace       used 135125K, committed 137152K, reserved 1179648K
  class space    used 18028K, committed 19072K, reserved 1048576K
}
Event: 50.015 GC heap before
{Heap before GC invocations=51 (full 0):
 garbage-first heap   total 457728K, used 309978K [0x0000000080000000, 0x0000000100000000)
  region size 1024K, 6 young (6144K), 5 survivors (5120K)
 Metaspace       used 135125K, committed 137152K, reserved 1179648K
  class space    used 18028K, committed 19072K, reserved 1048576K
}
Event: 50.021 GC heap after
{Heap after GC invocations=52 (full 0):
 garbage-first heap   total 457728K, used 271115K [0x0000000080000000, 0x0000000100000000)
  region size 1024K, 5 young (5120K), 5 survivors (5120K)
 Metaspace       used 135125K, committed 137152K, reserved 1179648K
  class space    used 18028K, committed 19072K, reserved 1048576K
}
Event: 50.045 GC heap before
{Heap before GC invocations=52 (full 0):
 garbage-first heap   total 457728K, used 303883K [0x0000000080000000, 0x0000000100000000)
  region size 1024K, 6 young (6144K), 5 survivors (5120K)
 Metaspace       used 135125K, committed 137152K, reserved 1179648K
  class space    used 18028K, committed 19072K, reserved 1048576K
}
Event: 50.050 GC heap after
{Heap after GC invocations=53 (full 0):
 garbage-first heap   total 457728K, used 270997K [0x0000000080000000, 0x0000000100000000)
  region size 1024K, 5 young (5120K), 5 survivors (5120K)
 Metaspace       used 135125K, committed 137152K, reserved 1179648K
  class space    used 18028K, committed 19072K, reserved 1048576K
}
Event: 435.147 GC heap before
{Heap before GC invocations=53 (full 0):
 garbage-first heap   total 457728K, used 411285K [0x0000000080000000, 0x0000000100000000)
  region size 1024K, 128 young (131072K), 5 survivors (5120K)
 Metaspace       used 139557K, committed 141632K, reserved 1179648K
  class space    used 18392K, committed 19456K, reserved 1048576K
}
Event: 435.336 GC heap after
{Heap after GC invocations=54 (full 0):
 garbage-first heap   total 457728K, used 253905K [0x0000000080000000, 0x0000000100000000)
  region size 1024K, 15 young (15360K), 15 survivors (15360K)
 Metaspace       used 139557K, committed 141632K, reserved 1179648K
  class space    used 18392K, committed 19456K, reserved 1048576K
}
Event: 441.614 GC heap before
{Heap before GC invocations=54 (full 0):
 garbage-first heap   total 457728K, used 388049K [0x0000000080000000, 0x0000000100000000)
  region size 1024K, 147 young (150528K), 15 survivors (15360K)
 Metaspace       used 142852K, committed 144960K, reserved 1179648K
  class space    used 18767K, committed 19840K, reserved 1048576K
}
Event: 441.764 GC heap after
{Heap after GC invocations=55 (full 0):
 garbage-first heap   total 457728K, used 263274K [0x0000000080000000, 0x0000000100000000)
  region size 1024K, 12 young (12288K), 12 survivors (12288K)
 Metaspace       used 142852K, committed 144960K, reserved 1179648K
  class space    used 18767K, committed 19840K, reserved 1048576K
}
Event: 495.516 GC heap before
{Heap before GC invocations=55 (full 0):
 garbage-first heap   total 457728K, used 390250K [0x0000000080000000, 0x0000000100000000)
  region size 1024K, 133 young (136192K), 12 survivors (12288K)
 Metaspace       used 144088K, committed 146304K, reserved 1179648K
  class space    used 18947K, committed 20096K, reserved 1048576K
}
Event: 495.604 GC heap after
{Heap after GC invocations=56 (full 0):
 garbage-first heap   total 457728K, used 284227K [0x0000000080000000, 0x0000000100000000)
  region size 1024K, 17 young (17408K), 17 survivors (17408K)
 Metaspace       used 144088K, committed 146304K, reserved 1179648K
  class space    used 18947K, committed 20096K, reserved 1048576K
}
Event: 496.959 GC heap before
{Heap before GC invocations=56 (full 0):
 garbage-first heap   total 457728K, used 379459K [0x0000000080000000, 0x0000000100000000)
  region size 1024K, 111 young (113664K), 17 survivors (17408K)
 Metaspace       used 144291K, committed 146432K, reserved 1179648K
  class space    used 18975K, committed 20096K, reserved 1048576K
}
Event: 496.994 GC heap after
{Heap after GC invocations=57 (full 0):
 garbage-first heap   total 457728K, used 285791K [0x0000000080000000, 0x0000000100000000)
  region size 1024K, 13 young (13312K), 13 survivors (13312K)
 Metaspace       used 144291K, committed 146432K, reserved 1179648K
  class space    used 18975K, committed 20096K, reserved 1048576K
}
Event: 502.738 GC heap before
{Heap before GC invocations=57 (full 0):
 garbage-first heap   total 457728K, used 384095K [0x0000000080000000, 0x0000000100000000)
  region size 1024K, 103 young (105472K), 13 survivors (13312K)
 Metaspace       used 144576K, committed 146752K, reserved 1179648K
  class space    used 19021K, committed 20160K, reserved 1048576K
}
Event: 502.781 GC heap after
{Heap after GC invocations=58 (full 0):
 garbage-first heap   total 457728K, used 310134K [0x0000000080000000, 0x0000000100000000)
  region size 1024K, 13 young (13312K), 13 survivors (13312K)
 Metaspace       used 144576K, committed 146752K, reserved 1179648K
  class space    used 19021K, committed 20160K, reserved 1048576K
}
Event: 503.602 GC heap before
{Heap before GC invocations=58 (full 0):
 garbage-first heap   total 457728K, used 341878K [0x0000000080000000, 0x0000000100000000)
  region size 1024K, 45 young (46080K), 13 survivors (13312K)
 Metaspace       used 148754K, committed 150848K, reserved 1179648K
  class space    used 19397K, committed 20480K, reserved 1048576K
}
Event: 503.629 GC heap after
{Heap after GC invocations=59 (full 0):
 garbage-first heap   total 457728K, used 317084K [0x0000000080000000, 0x0000000100000000)
  region size 1024K, 5 young (5120K), 5 survivors (5120K)
 Metaspace       used 148754K, committed 150848K, reserved 1179648K
  class space    used 19397K, committed 20480K, reserved 1048576K
}

Deoptimization events (20 events):
Event: 504.173 Thread 0x0000020eeb9b95e0 DEOPT PACKING pc=0x0000020ecf67748d sp=0x000000747d7f9950
Event: 504.173 Thread 0x0000020eeb9b95e0 DEOPT UNPACKING pc=0x0000020ece656763 sp=0x000000747d7f8e00 mode 0
Event: 504.173 Thread 0x0000020eeb9b95e0 DEOPT PACKING pc=0x0000020ecf67748d sp=0x000000747d7f9950
Event: 504.173 Thread 0x0000020eeb9b95e0 DEOPT UNPACKING pc=0x0000020ece656763 sp=0x000000747d7f8e00 mode 0
Event: 504.174 Thread 0x0000020eeb9b95e0 DEOPT PACKING pc=0x0000020ecf67748d sp=0x000000747d7f9950
Event: 504.174 Thread 0x0000020eeb9b95e0 DEOPT UNPACKING pc=0x0000020ece656763 sp=0x000000747d7f8e00 mode 0
Event: 504.174 Thread 0x0000020eeb9b95e0 DEOPT PACKING pc=0x0000020ecf67748d sp=0x000000747d7f9950
Event: 504.174 Thread 0x0000020eeb9b95e0 DEOPT UNPACKING pc=0x0000020ece656763 sp=0x000000747d7f8e00 mode 0
Event: 504.175 Thread 0x0000020eeb9b95e0 DEOPT PACKING pc=0x0000020ecf67748d sp=0x000000747d7f9950
Event: 504.175 Thread 0x0000020eeb9b95e0 DEOPT UNPACKING pc=0x0000020ece656763 sp=0x000000747d7f8e00 mode 0
Event: 504.176 Thread 0x0000020eeb9b95e0 DEOPT PACKING pc=0x0000020ecf67748d sp=0x000000747d7f9950
Event: 504.176 Thread 0x0000020eeb9b95e0 DEOPT UNPACKING pc=0x0000020ece656763 sp=0x000000747d7f8e00 mode 0
Event: 504.176 Thread 0x0000020eeb9b95e0 DEOPT PACKING pc=0x0000020ecf67748d sp=0x000000747d7f9950
Event: 504.176 Thread 0x0000020eeb9b95e0 DEOPT UNPACKING pc=0x0000020ece656763 sp=0x000000747d7f8e00 mode 0
Event: 504.177 Thread 0x0000020eeb9b95e0 DEOPT PACKING pc=0x0000020ecf67748d sp=0x000000747d7f9950
Event: 504.177 Thread 0x0000020eeb9b95e0 DEOPT UNPACKING pc=0x0000020ece656763 sp=0x000000747d7f8e00 mode 0
Event: 504.177 Thread 0x0000020eeb9b95e0 DEOPT PACKING pc=0x0000020ecf67748d sp=0x000000747d7f9860
Event: 504.177 Thread 0x0000020eeb9b95e0 DEOPT UNPACKING pc=0x0000020ece656763 sp=0x000000747d7f8d10 mode 0
Event: 504.178 Thread 0x0000020eeb9b95e0 DEOPT PACKING pc=0x0000020ecf67748d sp=0x000000747d7f9950
Event: 504.178 Thread 0x0000020eeb9b95e0 DEOPT UNPACKING pc=0x0000020ece656763 sp=0x000000747d7f8e00 mode 0

Classes loaded (20 events):
Event: 442.363 Loading class sun/rmi/transport/DGCAckHandler
Event: 442.363 Loading class sun/rmi/transport/DGCAckHandler done
Event: 442.368 Loading class sun/rmi/transport/DGCAckHandler$1
Event: 442.368 Loading class sun/rmi/transport/DGCAckHandler$1 done
Event: 442.582 Loading class sun/rmi/transport/tcp/TCPTransport$ConnectionHandler
Event: 442.583 Loading class sun/rmi/transport/tcp/TCPTransport$ConnectionHandler done
Event: 442.592 Loading class sun/rmi/transport/Transport$1
Event: 442.592 Loading class sun/rmi/transport/Transport$1 done
Event: 442.593 Loading class sun/rmi/transport/DGCImpl$LeaseInfo
Event: 442.593 Loading class sun/rmi/transport/DGCImpl$LeaseInfo done
Event: 442.593 Loading class sun/rmi/transport/DGCImpl$1
Event: 442.593 Loading class sun/rmi/transport/DGCImpl$1 done
Event: 442.593 Loading class sun/rmi/transport/SequenceEntry
Event: 442.593 Loading class sun/rmi/transport/SequenceEntry done
Event: 487.492 Loading class java/rmi/server/Unreferenced
Event: 487.503 Loading class java/rmi/server/Unreferenced done
Event: 491.939 Loading class java/util/AbstractMap$2
Event: 491.941 Loading class java/util/AbstractMap$2 done
Event: 495.605 Loading class sun/rmi/transport/DGCClient$EndpointEntry$CleanRequest
Event: 495.606 Loading class sun/rmi/transport/DGCClient$EndpointEntry$CleanRequest done

Classes unloaded (20 events):
Event: 504.453 Thread 0x0000020ec52e3aa0 Unloading class 0x0000000801d80400 'java/lang/invoke/LambdaForm$DMH+0x0000000801d80400'
Event: 504.453 Thread 0x0000020ec52e3aa0 Unloading class 0x0000000801d64800 'java/lang/invoke/LambdaForm$DMH+0x0000000801d64800'
Event: 504.453 Thread 0x0000020ec52e3aa0 Unloading class 0x0000000801d64400 'java/lang/invoke/LambdaForm$DMH+0x0000000801d64400'
Event: 504.454 Thread 0x0000020ec52e3aa0 Unloading class 0x0000000801cedc00 'java/lang/invoke/LambdaForm$DMH+0x0000000801cedc00'
Event: 504.455 Thread 0x0000020ec52e3aa0 Unloading class 0x0000000801ced800 'java/lang/invoke/LambdaForm$DMH+0x0000000801ced800'
Event: 504.455 Thread 0x0000020ec52e3aa0 Unloading class 0x0000000801ced400 'java/lang/invoke/LambdaForm$DMH+0x0000000801ced400'
Event: 504.455 Thread 0x0000020ec52e3aa0 Unloading class 0x0000000801cecc00 'java/lang/invoke/LambdaForm$DMH+0x0000000801cecc00'
Event: 504.455 Thread 0x0000020ec52e3aa0 Unloading class 0x0000000801cec800 'java/lang/invoke/LambdaForm$DMH+0x0000000801cec800'
Event: 504.455 Thread 0x0000020ec52e3aa0 Unloading class 0x0000000801cec000 'java/lang/invoke/LambdaForm$DMH+0x0000000801cec000'
Event: 504.455 Thread 0x0000020ec52e3aa0 Unloading class 0x0000000801c88c00 'java/lang/invoke/LambdaForm$DMH+0x0000000801c88c00'
Event: 504.455 Thread 0x0000020ec52e3aa0 Unloading class 0x0000000801c88400 'java/lang/invoke/LambdaForm$DMH+0x0000000801c88400'
Event: 504.455 Thread 0x0000020ec52e3aa0 Unloading class 0x0000000801c88000 'java/lang/invoke/LambdaForm$DMH+0x0000000801c88000'
Event: 504.456 Thread 0x0000020ec52e3aa0 Unloading class 0x0000000801c18000 'jdk/internal/reflect/GeneratedSerializationConstructorAccessor116'
Event: 504.456 Thread 0x0000020ec52e3aa0 Unloading class 0x00000008018d9c00 'java/lang/invoke/LambdaForm$DMH+0x00000008018d9c00'
Event: 504.456 Thread 0x0000020ec52e3aa0 Unloading class 0x00000008018d9800 'java/lang/invoke/LambdaForm$DMH+0x00000008018d9800'
Event: 504.456 Thread 0x0000020ec52e3aa0 Unloading class 0x00000008018d9000 'java/lang/invoke/LambdaForm$DMH+0x00000008018d9000'
Event: 504.456 Thread 0x0000020ec52e3aa0 Unloading class 0x00000008018d8c00 'java/lang/invoke/LambdaForm$DMH+0x00000008018d8c00'
Event: 504.456 Thread 0x0000020ec52e3aa0 Unloading class 0x00000008018d8000 'java/lang/invoke/LambdaForm$DMH+0x00000008018d8000'
Event: 504.456 Thread 0x0000020ec52e3aa0 Unloading class 0x00000008018d9400 'java/lang/invoke/LambdaForm$DMH+0x00000008018d9400'
Event: 504.456 Thread 0x0000020ec52e3aa0 Unloading class 0x00000008018d8800 'java/lang/invoke/LambdaForm$DMH+0x00000008018d8800'

Classes redefined (0 events):
No events

Internal exceptions (20 events):
Event: 504.216 Thread 0x0000020eeb9b95e0 Exception <a 'sun/nio/fs/WindowsException'{0x000000009a7370c8}> (0x000000009a7370c8) 
thrown [s\src\hotspot\share\prims\jni.cpp, line 516]
Event: 504.216 Thread 0x0000020eeb9b95e0 Exception <a 'sun/nio/fs/WindowsException'{0x000000009a737510}> (0x000000009a737510) 
thrown [s\src\hotspot\share\prims\jni.cpp, line 516]
Event: 504.223 Thread 0x0000020eeb9b95e0 Exception <a 'sun/nio/fs/WindowsException'{0x000000009a7cdcf0}> (0x000000009a7cdcf0) 
thrown [s\src\hotspot\share\prims\jni.cpp, line 516]
Event: 504.223 Thread 0x0000020eeb9b95e0 Exception <a 'sun/nio/fs/WindowsException'{0x000000009a7ce0e0}> (0x000000009a7ce0e0) 
thrown [s\src\hotspot\share\prims\jni.cpp, line 516]
Event: 504.224 Thread 0x0000020eeb9b95e0 Exception <a 'sun/nio/fs/WindowsException'{0x000000009a7d0998}> (0x000000009a7d0998) 
thrown [s\src\hotspot\share\prims\jni.cpp, line 516]
Event: 504.224 Thread 0x0000020eeb9b95e0 Exception <a 'sun/nio/fs/WindowsException'{0x000000009a7d0d88}> (0x000000009a7d0d88) 
thrown [s\src\hotspot\share\prims\jni.cpp, line 516]
Event: 504.224 Thread 0x0000020eeb9b95e0 Exception <a 'sun/nio/fs/WindowsException'{0x000000009a7d3660}> (0x000000009a7d3660) 
thrown [s\src\hotspot\share\prims\jni.cpp, line 516]
Event: 504.224 Thread 0x0000020eeb9b95e0 Exception <a 'sun/nio/fs/WindowsException'{0x000000009a7d3a80}> (0x000000009a7d3a80) 
thrown [s\src\hotspot\share\prims\jni.cpp, line 516]
Event: 504.224 Thread 0x0000020eeb9b95e0 Exception <a 'sun/nio/fs/WindowsException'{0x000000009a7d6370}> (0x000000009a7d6370) 
thrown [s\src\hotspot\share\prims\jni.cpp, line 516]
Event: 504.224 Thread 0x0000020eeb9b95e0 Exception <a 'sun/nio/fs/WindowsException'{0x000000009a7d67d0}> (0x000000009a7d67d0) 
thrown [s\src\hotspot\share\prims\jni.cpp, line 516]
Event: 504.228 Thread 0x0000020eeb9b95e0 Exception <a 'sun/nio/fs/WindowsException'{0x000000009a6e40a0}> (0x000000009a6e40a0) 
thrown [s\src\hotspot\share\prims\jni.cpp, line 516]
Event: 504.228 Thread 0x0000020eeb9b95e0 Exception <a 'sun/nio/fs/WindowsException'{0x000000009a6e4480}> (0x000000009a6e4480) 
thrown [s\src\hotspot\share\prims\jni.cpp, line 516]
Event: 504.229 Thread 0x0000020eeb9b95e0 Exception <a 'sun/nio/fs/WindowsException'{0x000000009a6e6d38}> (0x000000009a6e6d38) 
thrown [s\src\hotspot\share\prims\jni.cpp, line 516]
Event: 504.229 Thread 0x0000020eeb9b95e0 Exception <a 'sun/nio/fs/WindowsException'{0x000000009a6e7118}> (0x000000009a6e7118) 
thrown [s\src\hotspot\share\prims\jni.cpp, line 516]
Event: 504.229 Thread 0x0000020eeb9b95e0 Exception <a 'sun/nio/fs/WindowsException'{0x000000009a6e99e8}> (0x000000009a6e99e8) 
thrown [s\src\hotspot\share\prims\jni.cpp, line 516]
Event: 504.229 Thread 0x0000020eeb9b95e0 Exception <a 'sun/nio/fs/WindowsException'{0x000000009a6e9e00}> (0x000000009a6e9e00) 
thrown [s\src\hotspot\share\prims\jni.cpp, line 516]
Event: 504.229 Thread 0x0000020eeb9b95e0 Exception <a 'sun/nio/fs/WindowsException'{0x000000009a6ec6e8}> (0x000000009a6ec6e8) 
thrown [s\src\hotspot\share\prims\jni.cpp, line 516]
Event: 504.229 Thread 0x0000020eeb9b95e0 Exception <a 'sun/nio/fs/WindowsException'{0x000000009a6ecb38}> (0x000000009a6ecb38) 
thrown [s\src\hotspot\share\prims\jni.cpp, line 516]
Event: 504.246 Thread 0x0000020eeb9b95e0 Exception <a 'java/lang/IncompatibleClassChangeError'{0x000000009a57f3b0}: Found class java.lang.Object, but interface was expected> (0x000000009a57f3b0) 
thrown [s\src\hotspot\share\interpreter\linkResolver.cpp, line 826]
Event: 504.251 Thread 0x0000020eeb9b95e0 Exception <a 'sun/nio/fs/WindowsException'{0x000000009a5ac718}> (0x000000009a5ac718) 
thrown [s\src\hotspot\share\prims\jni.cpp, line 516]

VM Operations (20 events):
Event: 503.754 Executing VM operation: CollectForMetadataAllocation done
Event: 503.853 Executing VM operation: CollectForMetadataAllocation
Event: 503.858 Executing VM operation: CollectForMetadataAllocation done
Event: 503.913 Executing VM operation: CollectForMetadataAllocation
Event: 503.914 Executing VM operation: CollectForMetadataAllocation done
Event: 504.049 Executing VM operation: CollectForMetadataAllocation
Event: 504.049 Executing VM operation: CollectForMetadataAllocation done
Event: 504.103 Executing VM operation: CollectForMetadataAllocation
Event: 504.111 Executing VM operation: CollectForMetadataAllocation done
Event: 504.210 Executing VM operation: CollectForMetadataAllocation
Event: 504.211 Executing VM operation: CollectForMetadataAllocation done
Event: 504.278 Executing VM operation: CollectForMetadataAllocation
Event: 504.278 Executing VM operation: CollectForMetadataAllocation done
Event: 504.331 Executing VM operation: CollectForMetadataAllocation
Event: 504.332 Executing VM operation: CollectForMetadataAllocation done
Event: 504.378 Executing VM operation: CollectForMetadataAllocation
Event: 504.398 Executing VM operation: CollectForMetadataAllocation done
Event: 504.425 Executing VM operation: CollectForMetadataAllocation
Event: 504.426 Executing VM operation: CollectForMetadataAllocation done
Event: 504.442 Executing VM operation: G1Concurrent

Events (20 events):
Event: 496.317 Thread 0x0000020ee56fa600 flushing nmethod 0x0000020ed13fd390
Event: 496.317 Thread 0x0000020ee56fa600 flushing nmethod 0x0000020ed141ed90
Event: 496.318 Thread 0x0000020ee56fa600 flushing nmethod 0x0000020ed1554190
Event: 496.318 Thread 0x0000020ee56fa600 flushing nmethod 0x0000020ed15aca90
Event: 496.318 Thread 0x0000020ee56fa600 flushing nmethod 0x0000020ed15ad010
Event: 496.318 Thread 0x0000020ee56fa600 flushing nmethod 0x0000020ed15ad910
Event: 496.318 Thread 0x0000020ee56fa600 flushing nmethod 0x0000020ed15b6a10
Event: 496.318 Thread 0x0000020ee56fa600 flushing nmethod 0x0000020ed15b9490
Event: 496.318 Thread 0x0000020ee56fa600 flushing nmethod 0x0000020ed15ca190
Event: 496.319 Thread 0x0000020ee56fa600 flushing nmethod 0x0000020ed16d4710
Event: 496.319 Thread 0x0000020ee56fa600 flushing nmethod 0x0000020ed16ec690
Event: 496.319 Thread 0x0000020ee56fa600 flushing nmethod 0x0000020ed170dd10
Event: 496.319 Thread 0x0000020ee56fa600 flushing nmethod 0x0000020ed178a490
Event: 498.025 Thread 0x0000020ef5ff6ea0 Thread exited: 0x0000020ef5ff6ea0
Event: 503.469 Thread 0x0000020ef620eda0 Thread added: 0x0000020ef620eda0
Event: 503.499 Thread 0x0000020ef733cf20 Thread added: 0x0000020ef733cf20
Event: 503.685 Thread 0x0000020ef733cf20 Thread exited: 0x0000020ef733cf20
Event: 503.685 Thread 0x0000020ef620eda0 Thread exited: 0x0000020ef620eda0
Event: 503.822 Thread 0x0000020ef620eda0 Thread added: 0x0000020ef620eda0
Event: 504.409 Thread 0x0000020ef620eda0 Thread exited: 0x0000020ef620eda0


Dynamic libraries:
0x00007ff7bb1e0000 - 0x00007ff7bb1ee000 	C:\Users\amrhi\.jdks\azul-18.0.2.1\bin\java.exe
0x00007ffef9e50000 - 0x00007ffefa067000 	C:\WINDOWS\SYSTEM32\ntdll.dll
0x00007ffef8140000 - 0x00007ffef8204000 	C:\WINDOWS\System32\KERNEL32.DLL
0x00007ffef77e0000 - 0x00007ffef7b8d000 	C:\WINDOWS\System32\KERNELBASE.dll
0x00007ffef7300000 - 0x00007ffef7411000 	C:\WINDOWS\System32\ucrtbase.dll
0x00007ffeda2f0000 - 0x00007ffeda307000 	C:\Users\amrhi\.jdks\azul-18.0.2.1\bin\jli.dll
0x00007ffeda310000 - 0x00007ffeda32b000 	C:\Users\amrhi\.jdks\azul-18.0.2.1\bin\VCRUNTIME140.dll
0x00007ffef9430000 - 0x00007ffef95de000 	C:\WINDOWS\System32\USER32.dll
0x00007ffed94d0000 - 0x00007ffed9763000 	C:\WINDOWS\WinSxS\amd64_microsoft.windows.common-controls_6595b64144ccf1df_6.0.22621.3672_none_2713b9d173822955\COMCTL32.dll
0x00007ffef71b0000 - 0x00007ffef71d6000 	C:\WINDOWS\System32\win32u.dll
0x00007ffef8c20000 - 0x00007ffef8cc7000 	C:\WINDOWS\System32\msvcrt.dll
0x00007ffef7c20000 - 0x00007ffef7c49000 	C:\WINDOWS\System32\GDI32.dll
0x00007ffef7420000 - 0x00007ffef7539000 	C:\WINDOWS\System32\gdi32full.dll
0x00007ffef7260000 - 0x00007ffef72fa000 	C:\WINDOWS\System32\msvcp_win.dll
0x00007ffef8db0000 - 0x00007ffef8de1000 	C:\WINDOWS\System32\IMM32.DLL
0x00007ffeda2e0000 - 0x00007ffeda2ec000 	C:\Users\amrhi\.jdks\azul-18.0.2.1\bin\vcruntime140_1.dll
0x00007ffeda250000 - 0x00007ffeda2dd000 	C:\Users\amrhi\.jdks\azul-18.0.2.1\bin\msvcp140.dll
0x00007ffe872e0000 - 0x00007ffe87f80000 	C:\Users\amrhi\.jdks\azul-18.0.2.1\bin\server\jvm.dll
0x00007ffef90b0000 - 0x00007ffef9162000 	C:\WINDOWS\System32\ADVAPI32.dll
0x00007ffef99d0000 - 0x00007ffef9a79000 	C:\WINDOWS\System32\sechost.dll
0x00007ffef7180000 - 0x00007ffef71a8000 	C:\WINDOWS\System32\bcrypt.dll
0x00007ffef98a0000 - 0x00007ffef99b4000 	C:\WINDOWS\System32\RPCRT4.dll
0x00007ffef99c0000 - 0x00007ffef99c8000 	C:\WINDOWS\System32\PSAPI.DLL
0x00007ffeeea00000 - 0x00007ffeeea34000 	C:\WINDOWS\SYSTEM32\WINMM.dll
0x00007ffed4900000 - 0x00007ffed4909000 	C:\WINDOWS\SYSTEM32\WSOCK32.dll
0x00007ffef7ba0000 - 0x00007ffef7c11000 	C:\WINDOWS\System32\WS2_32.dll
0x00007ffeec530000 - 0x00007ffeec53a000 	C:\WINDOWS\SYSTEM32\VERSION.dll
0x00007ffef62a0000 - 0x00007ffef62b8000 	C:\WINDOWS\SYSTEM32\kernel.appcore.dll
0x00007ffed52f0000 - 0x00007ffed52fa000 	C:\Users\amrhi\.jdks\azul-18.0.2.1\bin\jimage.dll
0x00007ffef4b50000 - 0x00007ffef4d82000 	C:\WINDOWS\SYSTEM32\DBGHELP.DLL
0x00007ffef9a80000 - 0x00007ffef9e08000 	C:\WINDOWS\System32\combase.dll
0x00007ffef92d0000 - 0x00007ffef93a7000 	C:\WINDOWS\System32\OLEAUT32.dll
0x00007ffedb100000 - 0x00007ffedb132000 	C:\WINDOWS\SYSTEM32\dbgcore.DLL
0x00007ffef71e0000 - 0x00007ffef725b000 	C:\WINDOWS\System32\bcryptPrimitives.dll
0x00007ffed52b0000 - 0x00007ffed52d5000 	C:\Users\amrhi\.jdks\azul-18.0.2.1\bin\java.dll
0x00007ffed51d0000 - 0x00007ffed52a7000 	C:\Users\amrhi\.jdks\azul-18.0.2.1\bin\jsvml.dll
0x00007ffef83c0000 - 0x00007ffef8c1f000 	C:\WINDOWS\System32\SHELL32.dll
0x00007ffef50d0000 - 0x00007ffef59cc000 	C:\WINDOWS\SYSTEM32\windows.storage.dll
0x00007ffef4f90000 - 0x00007ffef50cf000 	C:\WINDOWS\SYSTEM32\wintypes.dll
0x00007ffef8fb0000 - 0x00007ffef90a4000 	C:\WINDOWS\System32\SHCORE.dll
0x00007ffef8cd0000 - 0x00007ffef8d2e000 	C:\WINDOWS\System32\shlwapi.dll
0x00007ffef70b0000 - 0x00007ffef70d1000 	C:\WINDOWS\SYSTEM32\profapi.dll
0x00007ffed5190000 - 0x00007ffed51a3000 	C:\Users\amrhi\.jdks\azul-18.0.2.1\bin\net.dll
0x00007ffef0180000 - 0x00007ffef02b6000 	C:\WINDOWS\SYSTEM32\WINHTTP.dll
0x00007ffef6710000 - 0x00007ffef6779000 	C:\WINDOWS\system32\mswsock.dll
0x00007ffed5170000 - 0x00007ffed5186000 	C:\Users\amrhi\.jdks\azul-18.0.2.1\bin\nio.dll
0x00007ffed51b0000 - 0x00007ffed51c8000 	C:\Users\amrhi\.jdks\azul-18.0.2.1\bin\zip.dll
0x00007ffed5140000 - 0x00007ffed5150000 	C:\Users\amrhi\.jdks\azul-18.0.2.1\bin\verify.dll
0x00007ffec6620000 - 0x00007ffec6647000 	C:\Users\amrhi\.gradle\native\e1d6ef7f7dcc3fd88c89a11ec53ec762bb8ba0a96d01ffa2cd45eb1d1d8dd5c5\windows-amd64\native-platform.dll
0x00007ffedad60000 - 0x00007ffedaea4000 	C:\Users\amrhi\.gradle\native\0d407fdbe67a94daf76414ababcb853783967236a71b16ec16e742cd7a986fd3\windows-amd64\native-platform-file-events.dll
0x00007ffeb45a0000 - 0x00007ffeb45a9000 	C:\Users\amrhi\.jdks\azul-18.0.2.1\bin\management.dll
0x00007ffeb00a0000 - 0x00007ffeb00ab000 	C:\Users\amrhi\.jdks\azul-18.0.2.1\bin\management_ext.dll
0x00007ffef6970000 - 0x00007ffef698b000 	C:\WINDOWS\SYSTEM32\CRYPTSP.dll
0x00007ffef6200000 - 0x00007ffef6235000 	C:\WINDOWS\system32\rsaenh.dll
0x00007ffef6810000 - 0x00007ffef6838000 	C:\WINDOWS\SYSTEM32\USERENV.dll
0x00007ffef6990000 - 0x00007ffef699c000 	C:\WINDOWS\SYSTEM32\CRYPTBASE.dll
0x00007ffef5cb0000 - 0x00007ffef5cdd000 	C:\WINDOWS\SYSTEM32\IPHLPAPI.DLL
0x00007ffef95e0000 - 0x00007ffef95e9000 	C:\WINDOWS\System32\NSI.dll
0x00007ffef2940000 - 0x00007ffef2959000 	C:\WINDOWS\SYSTEM32\dhcpcsvc6.DLL
0x00007ffef0160000 - 0x00007ffef017f000 	C:\WINDOWS\SYSTEM32\dhcpcsvc.DLL
0x00007ffef5ce0000 - 0x00007ffef5dd8000 	C:\WINDOWS\SYSTEM32\DNSAPI.dll
0x00007ffecb510000 - 0x00007ffecb527000 	C:\WINDOWS\system32\napinsp.dll
0x00007ffecb4f0000 - 0x00007ffecb50b000 	C:\WINDOWS\system32\pnrpnsp.dll
0x00007ffecb4d0000 - 0x00007ffecb4e1000 	C:\WINDOWS\System32\winrnr.dll
0x00007ffeee590000 - 0x00007ffeee5a5000 	C:\WINDOWS\system32\wshbth.dll
0x00007ffecb4a0000 - 0x00007ffecb4c7000 	C:\WINDOWS\system32\nlansp_c.dll
0x00007ffef2930000 - 0x00007ffef293a000 	C:\Windows\System32\rasadhlp.dll
0x00007ffeee750000 - 0x00007ffeee7d3000 	C:\WINDOWS\System32\fwpuclnt.dll
0x00007ffef62c0000 - 0x00007ffef62f4000 	C:\WINDOWS\SYSTEM32\ntmarta.dll
0x00007ffeedb40000 - 0x00007ffeedb4e000 	C:\Users\amrhi\.jdks\azul-18.0.2.1\bin\sunmscapi.dll
0x00007ffef7600000 - 0x00007ffef7767000 	C:\WINDOWS\System32\CRYPT32.dll
0x00007ffef6b30000 - 0x00007ffef6b5e000 	C:\WINDOWS\SYSTEM32\ncrypt.dll
0x00007ffef6af0000 - 0x00007ffef6b27000 	C:\WINDOWS\SYSTEM32\NTASN1.dll
0x00007ffeedbf0000 - 0x00007ffeedbf7000 	C:\Users\amrhi\.jdks\azul-18.0.2.1\bin\rmi.dll

dbghelp: loaded successfully - version: 4.0.5 - missing functions: none
symbol engine: initialized successfully - sym options: 0x614 - pdb path: .;C:\Users\amrhi\.jdks\azul-18.0.2.1\bin;C:\WINDOWS\SYSTEM32;C:\WINDOWS\WinSxS\amd64_microsoft.windows.common-controls_6595b64144ccf1df_6.0.22621.3672_none_2713b9d173822955;C:\Users\amrhi\.jdks\azul-18.0.2.1\bin\server;C:\Users\amrhi\.gradle\native\e1d6ef7f7dcc3fd88c89a11ec53ec762bb8ba0a96d01ffa2cd45eb1d1d8dd5c5\windows-amd64;C:\Users\amrhi\.gradle\native\0d407fdbe67a94daf76414ababcb853783967236a71b16ec16e742cd7a986fd3\windows-amd64

VM Arguments:
jvm_args: --add-opens=java.base/java.util=ALL-UNNAMED --add-opens=java.base/java.lang=ALL-UNNAMED --add-opens=java.base/java.lang.invoke=ALL-UNNAMED --add-opens=java.base/java.util=ALL-UNNAMED --add-opens=java.prefs/java.util.prefs=ALL-UNNAMED --add-opens=java.prefs/java.util.prefs=ALL-UNNAMED --add-opens=java.base/java.nio.charset=ALL-UNNAMED --add-opens=java.base/java.net=ALL-UNNAMED --add-opens=java.base/java.util.concurrent.atomic=ALL-UNNAMED -Xmx2048m -Dfile.encoding=UTF-8 -Duser.country=US -Duser.language=en -Duser.variant 
java_command: org.gradle.launcher.daemon.bootstrap.GradleDaemon 7.5
java_class_path (initial): C:\Users\amrhi\.gradle\wrapper\dists\gradle-7.5-bin\f1w0cc9nuo0eivz97x2xlu9sv\gradle-7.5\lib\gradle-launcher-7.5.jar
Launcher Type: SUN_STANDARD

[Global flags]
     intx CICompilerCount                          = 4                                         {product} {ergonomic}
     uint ConcGCThreads                            = 2                                         {product} {ergonomic}
     uint G1ConcRefinementThreads                  = 8                                         {product} {ergonomic}
   size_t G1HeapRegionSize                         = 1048576                                   {product} {ergonomic}
    uintx GCDrainStackTargetSize                   = 64                                        {product} {ergonomic}
   size_t InitialHeapSize                          = 130023424                                 {product} {ergonomic}
   size_t MarkStackSize                            = 4194304                                   {product} {ergonomic}
   size_t MaxHeapSize                              = 2147483648                                {product} {command line}
   size_t MaxNewSize                               = 1287651328                                {product} {ergonomic}
   size_t MinHeapDeltaBytes                        = 1048576                                   {product} {ergonomic}
   size_t MinHeapSize                              = 8388608                                   {product} {ergonomic}
    uintx NonNMethodCodeHeapSize                   = 5839372                                {pd product} {ergonomic}
    uintx NonProfiledCodeHeapSize                  = 122909434                              {pd product} {ergonomic}
    uintx ProfiledCodeHeapSize                     = 122909434                              {pd product} {ergonomic}
    uintx ReservedCodeCacheSize                    = 251658240                              {pd product} {ergonomic}
     bool SegmentedCodeCache                       = true                                      {product} {ergonomic}
   size_t SoftMaxHeapSize                          = 2147483648                             {manageable} {ergonomic}
     bool UseCompressedClassPointers               = true                           {product lp64_product} {ergonomic}
     bool UseCompressedOops                        = true                           {product lp64_product} {ergonomic}
     bool UseG1GC                                  = true                                      {product} {ergonomic}
     bool UseLargePagesIndividualAllocation        = false                                  {pd product} {ergonomic}

Logging:
Log output configuration:
 #0: stdout all=warning uptime,level,tags foldmultilines=false
 #1: stderr all=off uptime,level,tags foldmultilines=false

Environment Variables:
PATH=C:\Program Files (x86)\Common Files\Intel\Shared Files\fortran\bin\Intel64;C:\Program Files (x86)\Common Files\Intel\Shared Libraries\redist\intel64_win\mpirt;C:\Program Files (x86)\Common Files\Intel\Shared Libraries\redist\intel64_win\compiler;C:\Program Files (x86)\Common Files\Oracle\Java\javapath;C:\Windows\system32;C:\Windows;C:\Windows\System32\Wbem;C:\Windows\System32\WindowsPowerShell\v1.0\;C:\Windows\System32\OpenSSH\;C:\Program Files (x86)\NVIDIA Corporation\PhysX\Common;C:\Program Files\NVIDIA Corporation\NVIDIA NvDLISR;C:\WINDOWS\system32;C:\WINDOWS;C:\WINDOWS\System32\Wbem;C:\WINDOWS\System32\WindowsPowerShell\v1.0\;C:\WINDOWS\System32\OpenSSH\;C:\Program Files\Microsoft SQL Server\110\Tools\Binn\;C:\Program Files\Git\cmd;C:\Program Files\MySQL\MySQL Shell 8.0\bin\;C:\Users\amrhi\AppData\Local\Microsoft\WindowsApps;
USERNAME=amrhi
OS=Windows_NT
PROCESSOR_IDENTIFIER=Intel64 Family 6 Model 140 Stepping 1, GenuineIntel



---------------  S Y S T E M  ---------------

OS:
 Windows 11 , 64 bit Build 22621 (10.0.22621.3672)
OS uptime: 0 days 0:56 hours

CPU: total 8 (initial active 8) (4 cores per cpu, 2 threads per core) family 6 model 140 stepping 1 microcode 0x86, cx8, cmov, fxsr, ht, mmx, 3dnowpref, sse, sse2, sse3, ssse3, sse4.1, sse4.2, popcnt, lzcnt, tsc, tscinvbit, avx, avx2, aes, erms, clmul, bmi1, bmi2, adx, avx512f, avx512dq, avx512cd, avx512bw, avx512vl, sha, fma, vzeroupper, avx512_vpopcntdq, avx512_vpclmulqdq, avx512_vaes, avx512_vnni, clflush, clflushopt, clwb, avx512_vbmi2, avx512_vbmi

Memory: 4k page, system-wide physical 7886M (650M free)
TotalPageFile size 22088M (AvailPageFile size 61M)
current process WorkingSet (physical memory assigned to process): 674M, peak: 825M
current process commit charge ("private bytes"): 899M, peak: 1019M

vm_info: OpenJDK 64-Bit Server VM (18.0.2.1+1) for windows-amd64 JRE (18.0.2.1+1) (Zulu18.32+13-CA), built on Aug 23 2022 15:53:35 by "zulu_re" with MS VC++ 16.10 / 16.11 (VS2019)

END.
