#
# There is insufficient memory for the Java Runtime Environment to continue.
# Native memory allocation (mmap) failed to map 440401920 bytes for G1 virtual space
# Possible reasons:
#   The system is out of physical RAM or swap space
#   The process is running with CompressedOops enabled, and the Java Heap may be blocking the growth of the native heap
# Possible solutions:
#   Reduce memory load on the system
#   Increase physical memory or swap space
#   Check if swap backing store is full
#   Decrease Java heap size (-Xmx/-Xms)
#   Decrease number of Java threads
#   Decrease Java thread stack sizes (-Xss)
#   Set larger code cache with -XX:ReservedCodeCacheSize=
#   JVM is running with Unscaled Compressed Oops mode in which the Java heap is
#     placed in the first 4GB address space. The Java Heap base address is the
#     maximum limit for the native heap growth. Please use -XX:HeapBaseMinAddress
#     to set the Java Heap base and to place the Java Heap above 4GB virtual address.
# This output file may be truncated or incomplete.
#
#  Out of Memory Error (os_windows.cpp:3530), pid=5624, tid=1324
#
# JRE version: OpenJDK Runtime Environment Zulu18.32+13-CA (18.0.2.1+1) (build 18.0.2.1+1)
# Java VM: OpenJDK 64-Bit Server VM Zulu18.32+13-CA (18.0.2.1+1, mixed mode, sharing, tiered, compressed oops, compressed class ptrs, g1 gc, windows-amd64)
# No core dump will be written. Minidumps are not enabled by default on client versions of Windows
#

---------------  S U M M A R Y ------------

Command Line: --add-opens=java.base/java.util=ALL-UNNAMED --add-opens=java.base/java.lang=ALL-UNNAMED --add-opens=java.base/java.lang.invoke=ALL-UNNAMED --add-opens=java.base/java.util=ALL-UNNAMED --add-opens=java.prefs/java.util.prefs=ALL-UNNAMED --add-opens=java.prefs/java.util.prefs=ALL-UNNAMED --add-opens=java.base/java.nio.charset=ALL-UNNAMED --add-opens=java.base/java.net=ALL-UNNAMED --add-opens=java.base/java.util.concurrent.atomic=ALL-UNNAMED -Xmx2048m -Dfile.encoding=UTF-8 -Duser.country=US -Duser.language=en -Duser.variant org.gradle.launcher.daemon.bootstrap.GradleDaemon 7.5

Host: 11th Gen Intel(R) Core(TM) i5-1135G7 @ 2.40GHz, 8 cores, 7G,  Windows 11 , 64 bit Build 22621 (10.0.22621.3672)
Time: Fri Jul 12 16:16:03 2024 Egypt Daylight Time elapsed time: 504.429227 seconds (0d 0h 8m 24s)

---------------  T H R E A D  ---------------

Current thread (0x000001ccf5384b10):  VMThread "VM Thread" [stack: 0x00000050fcb00000,0x00000050fcc00000] [id=1324]

Stack: [0x00000050fcb00000,0x00000050fcc00000]
Native frames: (J=compiled Java code, j=interpreted, Vv=VM code, C=native code)
V  [jvm.dll+0x69ea0a]
V  [jvm.dll+0x84dfbd]
V  [jvm.dll+0x84f8ce]
V  [jvm.dll+0x84ff83]
V  [jvm.dll+0x25fa1f]
V  [jvm.dll+0x69b959]
V  [jvm.dll+0x69048a]
V  [jvm.dll+0x32579b]
V  [jvm.dll+0x32d0e6]
V  [jvm.dll+0x381cae]
V  [jvm.dll+0x381edf]
V  [jvm.dll+0x2fd48a]
V  [jvm.dll+0x2fd537]
V  [jvm.dll+0x341b62]
V  [jvm.dll+0x340104]
V  [jvm.dll+0x2fcc60]
V  [jvm.dll+0x33f6db]
V  [jvm.dll+0x854d6b]
V  [jvm.dll+0x855b04]
V  [jvm.dll+0x85603d]
V  [jvm.dll+0x856494]
V  [jvm.dll+0x856557]
V  [jvm.dll+0x7fa6da]
V  [jvm.dll+0x69d8b5]
C  [ucrtbase.dll+0x29333]
C  [KERNEL32.DLL+0x1257d]
C  [ntdll.dll+0x5af28]

VM_Operation (0x00000050870fc210): G1CollectForAllocation, mode: safepoint, requested by thread 0x000001ccfcc703e0


---------------  P R O C E S S  ---------------

Threads class SMR info:
_java_thread_list=0x000001ccfe6a5360, length=149, elements={
0x000001ccd6edba30, 0x000001ccf538aaf0, 0x000001ccf538b3a0, 0x000001ccf53a8a90,
0x000001ccf53a9340, 0x000001ccf53a9bf0, 0x000001ccf53aa4a0, 0x000001ccf53ab080,
0x000001ccf53c06f0, 0x000001ccf53e3000, 0x000001ccf98e3980, 0x000001ccf98e8070,
0x000001ccfadf2450, 0x000001ccfadf5030, 0x000001ccfb1eb230, 0x000001ccfb132c80,
0x000001ccfb134960, 0x000001ccfb1327b0, 0x000001ccfb133620, 0x000001ccfb133150,
0x000001ccfb136170, 0x000001ccfd605a00, 0x000001ccfd608ef0, 0x000001ccfd605060,
0x000001ccfd605530, 0x000001ccfe4904f0, 0x000001ccfe48bcc0, 0x000001ccfe4909c0,
0x000001ccfe489b10, 0x000001ccfe48a4b0, 0x000001ccfe48b320, 0x000001ccfbc868c0,
0x000001ccfe2cc2f0, 0x000001ccfcc6d3c0, 0x000001ccfcc6e700, 0x000001ccfcc6b210,
0x000001ccfcc6ff10, 0x000001ccfcc6ca20, 0x000001ccfcc6dd60, 0x000001ccfcc6f0a0,
0x000001cc85693f40, 0x000001cc856913f0, 0x000001cc856930d0, 0x000001cc856960f0,
0x000001cc85694410, 0x000001cc856900b0, 0x000001cc85696f60, 0x000001cc85690580,
0x000001cc85695750, 0x000001cc856965c0, 0x000001cc85692c00, 0x000001cc85697900,
0x000001cc85690a50, 0x000001cc85692260, 0x000001cc85690f20, 0x000001cc85694db0,
0x000001cc85697430, 0x000001cc856935a0, 0x000001cc856918c0, 0x000001cc85691d90,
0x000001cc85692730, 0x000001cc85693a70, 0x000001cc856948e0, 0x000001cc85695c20,
0x000001ccfe2cc7c0, 0x000001ccfe2ca140, 0x000001ccfe2cb480, 0x000001ccfe2caae0,
0x000001ccfe2cd630, 0x000001ccfe2c6c50, 0x000001ccfe2ccc90, 0x000001ccfe2cbe20,
0x000001ccfe2c8e00, 0x000001ccfe2cd160, 0x000001ccfe2c5de0, 0x000001ccfe2c9c70,
0x000001ccfe2c97a0, 0x000001ccfe2c62b0, 0x000001ccfe2c7ac0, 0x000001ccfe2c75f0,
0x000001ccfe2c7f90, 0x000001ccfe2c7120, 0x000001ccfe2cafb0, 0x000001ccfe2c6780,
0x000001ccfe2cb950, 0x000001ccfe2c8460, 0x000001ccfe2c8930, 0x000001ccfe2ca610,
0x000001cc80dd56e0, 0x000001cc80dd8230, 0x000001cc80dd3ed0, 0x000001cc80dd7d60,
0x000001cc80dd8bd0, 0x000001cc80dd8700, 0x000001cc80dd6550, 0x000001cc80dd73c0,
0x000001cc80dd6ef0, 0x000001cc80dd3060, 0x000001cc80dd3530, 0x000001cc80dd9f10,
0x000001cc80dd43a0, 0x000001cc80dd90a0, 0x000001cc80dd6a20, 0x000001cc80dd9570,
0x000001cc80dda3e0, 0x000001cc80dda8b0, 0x000001cc80dd5bb0, 0x000001cc80dd4870,
0x000001cc80dd7890, 0x000001cc80dd6080, 0x000001cc80dd4d40, 0x000001cc80dd5210,
0x000001ccfd605ed0, 0x000001ccfd6093c0, 0x000001ccfd60c8b0, 0x000001ccfd606d40,
0x000001ccfd608550, 0x000001ccfd608a20, 0x000001ccfd6063a0, 0x000001ccfd606870,
0x000001ccfd6076e0, 0x000001ccfd60b0a0, 0x000001ccfd60c3e0, 0x000001ccfd609d60,
0x000001ccfd607bb0, 0x000001ccfd608080, 0x000001ccfd60a230, 0x000001ccfd60a700,
0x000001ccfd60b570, 0x000001ccfd60ba40, 0x000001ccfe48d9a0, 0x000001ccfe489fe0,
0x000001ccfe48ae50, 0x000001ccfe48d000, 0x000001ccfe48fb50, 0x000001ccfe48de70,
0x000001ccfe48e810, 0x000001ccfe48ece0, 0x000001ccfe48f680, 0x000001ccfe490020,
0x000001ccfe489640, 0x000001ccfe490e90, 0x000001ccfcc6f570, 0x000001ccfcc703e0,
0x000001ccfcc708b0, 0x000001ccfcc69ed0, 0x000001ccfcc6d890, 0x000001ccfbc84240,
0x000001ccfbc85580
}

Java Threads: ( => current thread )
  0x000001ccd6edba30 JavaThread "main" [_thread_blocked, id=6112, stack(0x00000050fc500000,0x00000050fc600000)]
  0x000001ccf538aaf0 JavaThread "Reference Handler" daemon [_thread_blocked, id=14884, stack(0x00000050fcc00000,0x00000050fcd00000)]
  0x000001ccf538b3a0 JavaThread "Finalizer" daemon [_thread_blocked, id=9772, stack(0x00000050fcd00000,0x00000050fce00000)]
  0x000001ccf53a8a90 JavaThread "Signal Dispatcher" daemon [_thread_blocked, id=16984, stack(0x00000050fce00000,0x00000050fcf00000)]
  0x000001ccf53a9340 JavaThread "Attach Listener" daemon [_thread_blocked, id=16996, stack(0x00000050fcf00000,0x00000050fd000000)]
  0x000001ccf53a9bf0 JavaThread "Service Thread" daemon [_thread_blocked, id=17000, stack(0x00000050fd000000,0x00000050fd100000)]
  0x000001ccf53aa4a0 JavaThread "Monitor Deflation Thread" daemon [_thread_blocked, id=9524, stack(0x00000050fd100000,0x00000050fd200000)]
  0x000001ccf53ab080 JavaThread "C2 CompilerThread0" daemon [_thread_blocked, id=7232, stack(0x00000050fd200000,0x00000050fd300000)]
  0x000001ccf53c06f0 JavaThread "C1 CompilerThread0" daemon [_thread_blocked, id=7584, stack(0x00000050fd300000,0x00000050fd400000)]
  0x000001ccf53e3000 JavaThread "Sweeper thread" daemon [_thread_blocked, id=10072, stack(0x00000050fd400000,0x00000050fd500000)]
  0x000001ccf98e3980 JavaThread "Common-Cleaner" daemon [_thread_blocked, id=5668, stack(0x00000050fd500000,0x00000050fd600000)]
  0x000001ccf98e8070 JavaThread "Notification Thread" daemon [_thread_blocked, id=11380, stack(0x00000050fd600000,0x00000050fd700000)]
  0x000001ccfadf2450 JavaThread "Daemon health stats" [_thread_blocked, id=11136, stack(0x00000050fdd00000,0x00000050fde00000)]
  0x000001ccfadf5030 JavaThread "Incoming local TCP Connector on port 50327" [_thread_in_native, id=10016, stack(0x00000050fde00000,0x00000050fdf00000)]
  0x000001ccfb1eb230 JavaThread "Daemon periodic checks" [_thread_blocked, id=12196, stack(0x00000050fdf00000,0x00000050fe000000)]
  0x000001ccfb132c80 JavaThread "Cache worker for journal cache (C:\Users\amrhi\.gradle\caches\journal-1)" [_thread_blocked, id=8400, stack(0x00000050fe700000,0x00000050fe800000)]
  0x000001ccfb134960 JavaThread "File lock request listener" [_thread_in_native, id=8460, stack(0x00000050fe800000,0x00000050fe900000)]
  0x000001ccfb1327b0 JavaThread "Cache worker for file hash cache (C:\Users\amrhi\.gradle\caches\7.5\fileHashes)" [_thread_blocked, id=2712, stack(0x00000050fe900000,0x00000050fea00000)]
  0x000001ccfb133620 JavaThread "File watcher server" daemon [_thread_blocked, id=7812, stack(0x00000050fed00000,0x00000050fee00000)]
  0x000001ccfb133150 JavaThread "File watcher consumer" daemon [_thread_blocked, id=9780, stack(0x00000050fee00000,0x00000050fef00000)]
  0x000001ccfb136170 JavaThread "Cache worker for file content cache (C:\Users\amrhi\.gradle\caches\7.5\fileContent)" [_thread_blocked, id=17100, stack(0x00000050ff100000,0x00000050ff200000)]
  0x000001ccfd605a00 JavaThread "Cache worker for execution history cache (C:\Users\amrhi\.gradle\caches\7.5\executionHistory)" [_thread_blocked, id=2392, stack(0x00000050ff500000,0x00000050ff600000)]
  0x000001ccfd608ef0 JavaThread "jar transforms" [_thread_blocked, id=16312, stack(0x00000050ff700000,0x00000050ff800000)]
  0x000001ccfd605060 JavaThread "jar transforms Thread 2" [_thread_blocked, id=9116, stack(0x00000050ff800000,0x00000050ff900000)]
  0x000001ccfd605530 JavaThread "jar transforms Thread 3" [_thread_blocked, id=4336, stack(0x00000050ffa00000,0x00000050ffb00000)]
  0x000001ccfe4904f0 JavaThread "jar transforms Thread 4" [_thread_blocked, id=1436, stack(0x0000005084c00000,0x0000005084d00000)]
  0x000001ccfe48bcc0 JavaThread "jar transforms Thread 5" [_thread_blocked, id=10708, stack(0x0000005084d00000,0x0000005084e00000)]
  0x000001ccfe4909c0 JavaThread "jar transforms Thread 6" [_thread_blocked, id=16660, stack(0x0000005084e00000,0x0000005084f00000)]
  0x000001ccfe489b10 JavaThread "jar transforms Thread 7" [_thread_blocked, id=7060, stack(0x0000005084f00000,0x0000005085000000)]
  0x000001ccfe48a4b0 JavaThread "jar transforms Thread 8" [_thread_blocked, id=2576, stack(0x0000005085000000,0x0000005085100000)]
  0x000001ccfe48b320 JavaThread "Memory manager" [_thread_blocked, id=17256, stack(0x0000005085300000,0x0000005085400000)]
  0x000001ccfbc868c0 JavaThread "pool-3-thread-1" [_thread_blocked, id=14404, stack(0x0000005085500000,0x0000005085600000)]
  0x000001ccfe2cc2f0 JavaThread "pool-6-thread-1" [_thread_blocked, id=5188, stack(0x0000005086800000,0x0000005086900000)]
  0x000001ccfcc6d3c0 JavaThread "RMI Scheduler(0)" daemon [_thread_blocked, id=12072, stack(0x0000005086700000,0x0000005086800000)]
  0x000001ccfcc6e700 JavaThread "RMI GC Daemon" daemon [_thread_blocked, id=17008, stack(0x0000005087500000,0x0000005087600000)]
  0x000001ccfcc6b210 JavaThread "RMI TCP Accept-0" daemon [_thread_in_native, id=9904, stack(0x0000005087600000,0x0000005087700000)]
  0x000001ccfcc6ff10 JavaThread "RMI Reaper" [_thread_blocked, id=8324, stack(0x0000005087700000,0x0000005087800000)]
  0x000001ccfcc6ca20 JavaThread "ForkJoinPool.commonPool-worker-1" daemon [_thread_blocked, id=3460, stack(0x0000005088300000,0x0000005088400000)]
  0x000001ccfcc6dd60 JavaThread "ForkJoinPool.commonPool-worker-3" daemon [_thread_blocked, id=14708, stack(0x0000005088500000,0x0000005088600000)]
  0x000001ccfcc6f0a0 JavaThread "ForkJoinPool.commonPool-worker-4" daemon [_thread_blocked, id=9652, stack(0x0000005088600000,0x0000005088700000)]
  0x000001cc85693f40 JavaThread "ForkJoinPool.commonPool-worker-6" daemon [_thread_blocked, id=10084, stack(0x0000005088800000,0x0000005088900000)]
  0x000001cc856913f0 JavaThread "Daemon Thread 3" [_thread_blocked, id=18012, stack(0x0000005080000000,0x0000005080100000)]
  0x000001cc856930d0 JavaThread "Handler for socket connection from /127.0.0.1:50327 to /127.0.0.1:51175" [_thread_in_native, id=8832, stack(0x0000005080100000,0x0000005080200000)]
  0x000001cc856960f0 JavaThread "Cancel handler" [_thread_blocked, id=8992, stack(0x0000005080200000,0x0000005080300000)]
  0x000001cc85694410 JavaThread "Daemon worker Thread 3" [_thread_blocked, id=6868, stack(0x0000005080300000,0x0000005080400000)]
  0x000001cc856900b0 JavaThread "Asynchronous log dispatcher for DefaultDaemonConnection: socket connection from /127.0.0.1:50327 to /127.0.0.1:51175" [_thread_blocked, id=14500, stack(0x0000005080400000,0x0000005080500000)]
  0x000001cc85696f60 JavaThread "Stdin handler" [_thread_blocked, id=9008, stack(0x0000005080500000,0x0000005080600000)]
  0x000001cc85690580 JavaThread "Daemon client event forwarder" [_thread_blocked, id=8652, stack(0x0000005080600000,0x0000005080700000)]
  0x000001cc85695750 JavaThread "Cache worker for checksums cache (C:\Users\amrhi\AndroidStudioProjects\Important Projects\UncleJacks\.gradle\7.5\checksums)" [_thread_blocked, id=18220, stack(0x0000005080700000,0x0000005080800000)]
  0x000001cc856965c0 JavaThread "Cache worker for cache directory md-rule (C:\Users\amrhi\.gradle\caches\7.5\md-rule)" [_thread_blocked, id=3176, stack(0x0000005080800000,0x0000005080900000)]
  0x000001cc85692c00 JavaThread "Cache worker for file hash cache (C:\Users\amrhi\AndroidStudioProjects\Important Projects\UncleJacks\.gradle\7.5\fileHashes)" [_thread_blocked, id=7560, stack(0x0000005080900000,0x0000005080a00000)]
  0x000001cc85697900 JavaThread "Cache worker for cache directory md-supplier (C:\Users\amrhi\.gradle\caches\7.5\md-supplier)" [_thread_blocked, id=3028, stack(0x0000005080a00000,0x0000005080b00000)]
  0x000001cc85690a50 JavaThread "Cache worker for dependencies-accessors (C:\Users\amrhi\AndroidStudioProjects\Important Projects\UncleJacks\.gradle\7.5\dependencies-accessors)" [_thread_blocked, id=17792, stack(0x0000005080b00000,0x0000005080c00000)]
  0x000001cc85692260 JavaThread "Cache worker for Build Output Cleanup Cache (C:\Users\amrhi\AndroidStudioProjects\Important Projects\UncleJacks\.gradle\buildOutputCleanup)" [_thread_blocked, id=18132, stack(0x0000005080c00000,0x0000005080d00000)]
  0x000001cc85690f20 JavaThread "Unconstrained build operations" [_thread_blocked, id=12416, stack(0x0000005080e00000,0x0000005080f00000)]
  0x000001cc85694db0 JavaThread "Unconstrained build operations Thread 2" [_thread_blocked, id=12204, stack(0x0000005080f00000,0x0000005081000000)]
  0x000001cc85697430 JavaThread "Unconstrained build operations Thread 3" [_thread_blocked, id=13896, stack(0x0000005081000000,0x0000005081100000)]
  0x000001cc856935a0 JavaThread "Unconstrained build operations Thread 4" [_thread_blocked, id=14384, stack(0x0000005081100000,0x0000005081200000)]
  0x000001cc856918c0 JavaThread "Unconstrained build operations Thread 5" [_thread_blocked, id=17504, stack(0x0000005081200000,0x0000005081300000)]
  0x000001cc85691d90 JavaThread "Unconstrained build operations Thread 6" [_thread_blocked, id=2172, stack(0x0000005081300000,0x0000005081400000)]
  0x000001cc85692730 JavaThread "Unconstrained build operations Thread 7" [_thread_blocked, id=7392, stack(0x0000005081400000,0x0000005081500000)]
  0x000001cc85693a70 JavaThread "Unconstrained build operations Thread 8" [_thread_blocked, id=18180, stack(0x0000005081500000,0x0000005081600000)]
  0x000001cc856948e0 JavaThread "Unconstrained build operations Thread 9" [_thread_blocked, id=13932, stack(0x0000005081600000,0x0000005081700000)]
  0x000001cc85695c20 JavaThread "Unconstrained build operations Thread 10" [_thread_blocked, id=4644, stack(0x0000005081700000,0x0000005081800000)]
  0x000001ccfe2cc7c0 JavaThread "Unconstrained build operations Thread 11" [_thread_blocked, id=14484, stack(0x0000005081800000,0x0000005081900000)]
  0x000001ccfe2ca140 JavaThread "Unconstrained build operations Thread 12" [_thread_blocked, id=2500, stack(0x0000005081900000,0x0000005081a00000)]
  0x000001ccfe2cb480 JavaThread "Unconstrained build operations Thread 13" [_thread_blocked, id=5336, stack(0x0000005081a00000,0x0000005081b00000)]
  0x000001ccfe2caae0 JavaThread "Unconstrained build operations Thread 14" [_thread_blocked, id=11248, stack(0x0000005081b00000,0x0000005081c00000)]
  0x000001ccfe2cd630 JavaThread "Unconstrained build operations Thread 15" [_thread_blocked, id=17856, stack(0x0000005081c00000,0x0000005081d00000)]
  0x000001ccfe2c6c50 JavaThread "Unconstrained build operations Thread 16" [_thread_blocked, id=1508, stack(0x0000005081d00000,0x0000005081e00000)]
  0x000001ccfe2ccc90 JavaThread "Unconstrained build operations Thread 17" [_thread_blocked, id=1936, stack(0x0000005081e00000,0x0000005081f00000)]
  0x000001ccfe2cbe20 JavaThread "Unconstrained build operations Thread 18" [_thread_blocked, id=12756, stack(0x0000005081f00000,0x0000005082000000)]
  0x000001ccfe2c8e00 JavaThread "Unconstrained build operations Thread 19" [_thread_blocked, id=2480, stack(0x0000005082000000,0x0000005082100000)]
  0x000001ccfe2cd160 JavaThread "Unconstrained build operations Thread 20" [_thread_blocked, id=17288, stack(0x0000005082100000,0x0000005082200000)]
  0x000001ccfe2c5de0 JavaThread "Unconstrained build operations Thread 21" [_thread_blocked, id=11772, stack(0x0000005082200000,0x0000005082300000)]
  0x000001ccfe2c9c70 JavaThread "Unconstrained build operations Thread 22" [_thread_blocked, id=14200, stack(0x0000005082300000,0x0000005082400000)]
  0x000001ccfe2c97a0 JavaThread "Unconstrained build operations Thread 23" [_thread_blocked, id=11668, stack(0x0000005082400000,0x0000005082500000)]
  0x000001ccfe2c62b0 JavaThread "Unconstrained build operations Thread 24" [_thread_blocked, id=6460, stack(0x0000005082500000,0x0000005082600000)]
  0x000001ccfe2c7ac0 JavaThread "Unconstrained build operations Thread 25" [_thread_blocked, id=2128, stack(0x0000005082600000,0x0000005082700000)]
  0x000001ccfe2c75f0 JavaThread "Unconstrained build operations Thread 26" [_thread_blocked, id=6088, stack(0x0000005082700000,0x0000005082800000)]
  0x000001ccfe2c7f90 JavaThread "Unconstrained build operations Thread 27" [_thread_blocked, id=2468, stack(0x0000005082800000,0x0000005082900000)]
  0x000001ccfe2c7120 JavaThread "Unconstrained build operations Thread 28" [_thread_blocked, id=3172, stack(0x0000005082900000,0x0000005082a00000)]
  0x000001ccfe2cafb0 JavaThread "Unconstrained build operations Thread 29" [_thread_blocked, id=9124, stack(0x0000005082a00000,0x0000005082b00000)]
  0x000001ccfe2c6780 JavaThread "Unconstrained build operations Thread 30" [_thread_blocked, id=16292, stack(0x0000005082b00000,0x0000005082c00000)]
  0x000001ccfe2cb950 JavaThread "Unconstrained build operations Thread 31" [_thread_blocked, id=17720, stack(0x0000005082c00000,0x0000005082d00000)]
  0x000001ccfe2c8460 JavaThread "Unconstrained build operations Thread 32" [_thread_blocked, id=14028, stack(0x0000005082d00000,0x0000005082e00000)]
  0x000001ccfe2c8930 JavaThread "Unconstrained build operations Thread 33" [_thread_blocked, id=12688, stack(0x0000005082e00000,0x0000005082f00000)]
  0x000001ccfe2ca610 JavaThread "Unconstrained build operations Thread 34" [_thread_blocked, id=17268, stack(0x0000005082f00000,0x0000005083000000)]
  0x000001cc80dd56e0 JavaThread "Unconstrained build operations Thread 35" [_thread_blocked, id=17512, stack(0x0000005083000000,0x0000005083100000)]
  0x000001cc80dd8230 JavaThread "Unconstrained build operations Thread 36" [_thread_blocked, id=8568, stack(0x0000005083100000,0x0000005083200000)]
  0x000001cc80dd3ed0 JavaThread "Unconstrained build operations Thread 37" [_thread_blocked, id=7064, stack(0x0000005083200000,0x0000005083300000)]
  0x000001cc80dd7d60 JavaThread "Unconstrained build operations Thread 38" [_thread_blocked, id=8140, stack(0x0000005083300000,0x0000005083400000)]
  0x000001cc80dd8bd0 JavaThread "Unconstrained build operations Thread 39" [_thread_blocked, id=448, stack(0x0000005083400000,0x0000005083500000)]
  0x000001cc80dd8700 JavaThread "Unconstrained build operations Thread 40" [_thread_blocked, id=1912, stack(0x0000005083500000,0x0000005083600000)]
  0x000001cc80dd6550 JavaThread "Unconstrained build operations Thread 41" [_thread_blocked, id=1880, stack(0x0000005083600000,0x0000005083700000)]
  0x000001cc80dd73c0 JavaThread "Unconstrained build operations Thread 42" [_thread_blocked, id=9960, stack(0x0000005083700000,0x0000005083800000)]
  0x000001cc80dd6ef0 JavaThread "Unconstrained build operations Thread 43" [_thread_blocked, id=14040, stack(0x0000005083800000,0x0000005083900000)]
  0x000001cc80dd3060 JavaThread "Unconstrained build operations Thread 44" [_thread_blocked, id=13940, stack(0x0000005083900000,0x0000005083a00000)]
  0x000001cc80dd3530 JavaThread "Unconstrained build operations Thread 45" [_thread_blocked, id=10216, stack(0x0000005083a00000,0x0000005083b00000)]
  0x000001cc80dd9f10 JavaThread "Unconstrained build operations Thread 46" [_thread_blocked, id=11588, stack(0x0000005083b00000,0x0000005083c00000)]
  0x000001cc80dd43a0 JavaThread "Unconstrained build operations Thread 47" [_thread_blocked, id=13720, stack(0x0000005083c00000,0x0000005083d00000)]
  0x000001cc80dd90a0 JavaThread "Unconstrained build operations Thread 48" [_thread_blocked, id=9948, stack(0x0000005083d00000,0x0000005083e00000)]
  0x000001cc80dd6a20 JavaThread "Unconstrained build operations Thread 49" [_thread_blocked, id=1088, stack(0x0000005083e00000,0x0000005083f00000)]
  0x000001cc80dd9570 JavaThread "Unconstrained build operations Thread 50" [_thread_blocked, id=15220, stack(0x0000005083f00000,0x0000005084000000)]
  0x000001cc80dda3e0 JavaThread "Unconstrained build operations Thread 51" [_thread_blocked, id=4372, stack(0x0000005084000000,0x0000005084100000)]
  0x000001cc80dda8b0 JavaThread "Unconstrained build operations Thread 52" [_thread_blocked, id=6284, stack(0x0000005084100000,0x0000005084200000)]
  0x000001cc80dd5bb0 JavaThread "Unconstrained build operations Thread 53" [_thread_blocked, id=12600, stack(0x0000005084200000,0x0000005084300000)]
  0x000001cc80dd4870 JavaThread "Unconstrained build operations Thread 54" [_thread_blocked, id=1748, stack(0x0000005084300000,0x0000005084400000)]
  0x000001cc80dd7890 JavaThread "Unconstrained build operations Thread 55" [_thread_blocked, id=6632, stack(0x0000005084400000,0x0000005084500000)]
  0x000001cc80dd6080 JavaThread "Unconstrained build operations Thread 56" [_thread_blocked, id=8948, stack(0x0000005084500000,0x0000005084600000)]
  0x000001cc80dd4d40 JavaThread "Unconstrained build operations Thread 57" [_thread_blocked, id=10552, stack(0x0000005084600000,0x0000005084700000)]
  0x000001cc80dd5210 JavaThread "Unconstrained build operations Thread 58" [_thread_blocked, id=18048, stack(0x0000005084700000,0x0000005084800000)]
  0x000001ccfd605ed0 JavaThread "Unconstrained build operations Thread 59" [_thread_blocked, id=9256, stack(0x0000005084800000,0x0000005084900000)]
  0x000001ccfd6093c0 JavaThread "Unconstrained build operations Thread 60" [_thread_blocked, id=10828, stack(0x0000005084900000,0x0000005084a00000)]
  0x000001ccfd60c8b0 JavaThread "Unconstrained build operations Thread 61" [_thread_blocked, id=13636, stack(0x0000005084a00000,0x0000005084b00000)]
  0x000001ccfd606d40 JavaThread "Unconstrained build operations Thread 62" [_thread_blocked, id=18416, stack(0x0000005084b00000,0x0000005084c00000)]
  0x000001ccfd608550 JavaThread "Unconstrained build operations Thread 63" [_thread_blocked, id=17936, stack(0x0000005085200000,0x0000005085300000)]
  0x000001ccfd608a20 JavaThread "Unconstrained build operations Thread 64" [_thread_blocked, id=18040, stack(0x0000005085400000,0x0000005085500000)]
  0x000001ccfd6063a0 JavaThread "Unconstrained build operations Thread 65" [_thread_blocked, id=18044, stack(0x0000005085600000,0x0000005085700000)]
  0x000001ccfd606870 JavaThread "Unconstrained build operations Thread 66" [_thread_blocked, id=10472, stack(0x0000005085700000,0x0000005085800000)]
  0x000001ccfd6076e0 JavaThread "Unconstrained build operations Thread 67" [_thread_blocked, id=18060, stack(0x0000005085800000,0x0000005085900000)]
  0x000001ccfd60b0a0 JavaThread "Unconstrained build operations Thread 68" [_thread_blocked, id=6568, stack(0x0000005085900000,0x0000005085a00000)]
  0x000001ccfd60c3e0 JavaThread "Unconstrained build operations Thread 69" [_thread_blocked, id=1928, stack(0x0000005085a00000,0x0000005085b00000)]
  0x000001ccfd609d60 JavaThread "Unconstrained build operations Thread 70" [_thread_blocked, id=6068, stack(0x0000005085b00000,0x0000005085c00000)]
  0x000001ccfd607bb0 JavaThread "Unconstrained build operations Thread 71" [_thread_blocked, id=12412, stack(0x0000005085c00000,0x0000005085d00000)]
  0x000001ccfd608080 JavaThread "Unconstrained build operations Thread 72" [_thread_blocked, id=7592, stack(0x0000005085d00000,0x0000005085e00000)]
  0x000001ccfd60a230 JavaThread "Unconstrained build operations Thread 73" [_thread_blocked, id=2988, stack(0x0000005085e00000,0x0000005085f00000)]
  0x000001ccfd60a700 JavaThread "Unconstrained build operations Thread 74" [_thread_blocked, id=13216, stack(0x0000005085f00000,0x0000005086000000)]
  0x000001ccfd60b570 JavaThread "Unconstrained build operations Thread 75" [_thread_blocked, id=8208, stack(0x0000005086000000,0x0000005086100000)]
  0x000001ccfd60ba40 JavaThread "Unconstrained build operations Thread 76" [_thread_blocked, id=7780, stack(0x0000005086100000,0x0000005086200000)]
  0x000001ccfe48d9a0 JavaThread "Unconstrained build operations Thread 77" [_thread_blocked, id=5700, stack(0x0000005086200000,0x0000005086300000)]
  0x000001ccfe489fe0 JavaThread "Unconstrained build operations Thread 78" [_thread_blocked, id=16268, stack(0x0000005086300000,0x0000005086400000)]
  0x000001ccfe48ae50 JavaThread "Unconstrained build operations Thread 79" [_thread_blocked, id=4508, stack(0x0000005086400000,0x0000005086500000)]
  0x000001ccfe48d000 JavaThread "Unconstrained build operations Thread 80" [_thread_blocked, id=12928, stack(0x0000005086500000,0x0000005086600000)]
  0x000001ccfe48fb50 JavaThread "build event listener" [_thread_blocked, id=1812, stack(0x0000005086600000,0x0000005086700000)]
  0x000001ccfe48de70 JavaThread "build event listener" [_thread_blocked, id=2472, stack(0x0000005086900000,0x0000005086a00000)]
  0x000001ccfe48e810 JavaThread "pool-10-thread-1" [_thread_blocked, id=14944, stack(0x0000005080d00000,0x0000005080e00000)]
  0x000001ccfe48ece0 JavaThread "build event listener" [_thread_blocked, id=4700, stack(0x0000005086a00000,0x0000005086b00000)]
  0x000001ccfe48f680 JavaThread "included builds" [_thread_blocked, id=17244, stack(0x0000005086b00000,0x0000005086c00000)]
  0x000001ccfe490020 JavaThread "Execution worker" [_thread_blocked, id=9612, stack(0x0000005086c00000,0x0000005086d00000)]
  0x000001ccfe489640 JavaThread "Execution worker Thread 2" [_thread_blocked, id=2136, stack(0x0000005086d00000,0x0000005086e00000)]
  0x000001ccfe490e90 JavaThread "Execution worker Thread 3" [_thread_blocked, id=11456, stack(0x0000005086e00000,0x0000005086f00000)]
  0x000001ccfcc6f570 JavaThread "Execution worker Thread 4" [_thread_blocked, id=11148, stack(0x0000005086f00000,0x0000005087000000)]
  0x000001ccfcc703e0 JavaThread "Execution worker Thread 5" [_thread_blocked, id=10316, stack(0x0000005087000000,0x0000005087100000)]
  0x000001ccfcc708b0 JavaThread "Execution worker Thread 6" [_thread_blocked, id=12168, stack(0x0000005087100000,0x0000005087200000)]
  0x000001ccfcc69ed0 JavaThread "Execution worker Thread 7" [_thread_blocked, id=17600, stack(0x0000005087200000,0x0000005087300000)]
  0x000001ccfcc6d890 JavaThread "Cache worker for execution history cache (C:\Users\amrhi\AndroidStudioProjects\Important Projects\UncleJacks\.gradle\7.5\executionHistory)" [_thread_blocked, id=6156, stack(0x0000005087300000,0x0000005087400000)]
  0x000001ccfbc84240 JavaThread "WorkerExecutor Queue" [_thread_in_native, id=13844, stack(0x0000005087400000,0x0000005087500000)]
  0x000001ccfbc85580 JavaThread "RMI RenewClean-[127.0.0.1:17388,org.jetbrains.kotlin.daemon.common.LoopbackNetworkInterface$ClientLoopbackSocketFactory@4f13de57]" daemon [_thread_blocked, id=16564, stack(0x0000005087800000,0x0000005087900000)]

Other Threads:
=>0x000001ccf5384b10 VMThread "VM Thread" [stack: 0x00000050fcb00000,0x00000050fcc00000] [id=1324]
  0x000001ccf98e8530 WatcherThread "VM Periodic Task Thread" [stack: 0x00000050fd700000,0x00000050fd800000] [id=6680]
  0x000001ccd6f3ccd0 WorkerThread "GC Thread#0" [stack: 0x00000050fc600000,0x00000050fc700000] [id=15648]
  0x000001ccf9aba810 WorkerThread "GC Thread#1" [stack: 0x00000050fd900000,0x00000050fda00000] [id=7308]
  0x000001ccf9abaab0 WorkerThread "GC Thread#2" [stack: 0x00000050fda00000,0x00000050fdb00000] [id=16988]
  0x000001ccf9abaff0 WorkerThread "GC Thread#3" [stack: 0x00000050fdb00000,0x00000050fdc00000] [id=7160]
  0x000001ccf9abb530 WorkerThread "GC Thread#4" [stack: 0x00000050fdc00000,0x00000050fdd00000] [id=17208]
  0x000001ccfe17c8c0 WorkerThread "GC Thread#5" [stack: 0x00000050fea00000,0x00000050feb00000] [id=9900]
  0x000001ccfe17a160 WorkerThread "GC Thread#6" [stack: 0x00000050feb00000,0x00000050fec00000] [id=4320]
  0x000001ccfe17be40 WorkerThread "GC Thread#7" [stack: 0x00000050fec00000,0x00000050fed00000] [id=6984]
  0x000001ccd6f4e8c0 ConcurrentGCThread "G1 Main Marker" [stack: 0x00000050fc700000,0x00000050fc800000] [id=7800]
  0x000001ccd6f4ef60 WorkerThread "G1 Conc#0" [stack: 0x00000050fc800000,0x00000050fc900000] [id=15632]
  0x000001ccfe179ec0 WorkerThread "G1 Conc#1" [stack: 0x00000050ff200000,0x00000050ff300000] [id=4160]
  0x000001ccd6f8ec80 ConcurrentGCThread "G1 Refine#0" [stack: 0x00000050fc900000,0x00000050fca00000] [id=15744]
  0x000001ccfd871920 ConcurrentGCThread "G1 Refine#1" [stack: 0x0000005085100000,0x0000005085200000] [id=15696]
  0x000001ccf52408e0 ConcurrentGCThread "G1 Service" [stack: 0x00000050fca00000,0x00000050fcb00000] [id=15628]

Threads with active compile tasks:
C2 CompilerThread0   504477 21954       4       org.gradle.api.internal.artifacts.transform.ConsumerProvidedVariantFinder$$Lambda$1051/0x00000008018c6260::apply (20 bytes)

VM state: at safepoint (normal execution)

VM Mutex/Monitor currently owned by a thread:  ([mutex/lock_event])
[0x000001ccd6ed8c20] Threads_lock - owner thread: 0x000001ccf5384b10
[0x000001ccd6ed7990] Heap_lock - owner thread: 0x000001ccfcc703e0

Heap address: 0x0000000080000000, size: 2048 MB, Compressed Oops mode: 32-bit

CDS archive(s) mapped at: [0x0000000800000000-0x0000000800ba0000-0x0000000800ba0000), size 12189696, SharedBaseAddress: 0x0000000800000000, ArchiveRelocationMode: 0.
Compressed class space mapped at: 0x0000000800c00000-0x0000000840c00000, reserved size: 1073741824
Narrow klass base: 0x0000000800000000, Narrow klass shift: 0, Narrow klass range: 0x100000000

GC Precious Log:
 CardTable entry size: 512
 Card Set container configuration: InlinePtr #cards 5 size 8 Array Of Cards #cards 12 size 40 Howl #buckets 4 coarsen threshold 1843 Howl Bitmap #cards 512 size 80 coarsen threshold 460 Card regions per heap region 1 cards per card region 2048
 CPUs: 8 total, 8 available
 Memory: 7886M
 Large Page Support: Disabled
 NUMA Support: Disabled
 Compressed Oops: Enabled (32-bit)
 Heap Region Size: 1M
 Heap Min Capacity: 8M
 Heap Initial Capacity: 124M
 Heap Max Capacity: 2G
 Pre-touch: Disabled
 Parallel Workers: 8
 Concurrent Workers: 2
 Concurrent Refinement Workers: 8
 Periodic GC: Disabled

Heap:
 garbage-first heap   total 505856K, used 204441K [0x0000000080000000, 0x0000000100000000)
  region size 1024K, 24 young (24576K), 24 survivors (24576K)
 Metaspace       used 117879K, committed 119936K, reserved 1179648K
  class space    used 15717K, committed 16768K, reserved 1048576K

Heap Regions: E=young(eden), S=young(survivor), O=old, HS=humongous(starts), HC=humongous(continues), CS=collection set, F=free, OA=open archive, CA=closed archive, TAMS=top-at-mark-start (previous, next)
|   0|0x0000000080000000, 0x0000000080100000, 0x0000000080100000|100%| O|  |TAMS 0x0000000080100000, 0x0000000080100000| Untracked 
|   1|0x0000000080100000, 0x0000000080200000, 0x0000000080200000|100%| O|  |TAMS 0x0000000080200000, 0x0000000080200000| Untracked 
|   2|0x0000000080200000, 0x0000000080300000, 0x0000000080300000|100%| O|  |TAMS 0x0000000080300000, 0x0000000080300000| Untracked 
|   3|0x0000000080300000, 0x0000000080400000, 0x0000000080400000|100%|HS|  |TAMS 0x0000000080400000, 0x0000000080400000| Complete 
|   4|0x0000000080400000, 0x0000000080500000, 0x0000000080500000|100%|HC|  |TAMS 0x0000000080500000, 0x0000000080500000| Complete 
|   5|0x0000000080500000, 0x0000000080600000, 0x0000000080600000|100%|HC|  |TAMS 0x0000000080600000, 0x0000000080600000| Complete 
|   6|0x0000000080600000, 0x0000000080700000, 0x0000000080700000|100%| O|  |TAMS 0x0000000080700000, 0x0000000080700000| Untracked 
|   7|0x0000000080700000, 0x0000000080800000, 0x0000000080800000|100%| O|  |TAMS 0x0000000080800000, 0x0000000080800000| Untracked 
|   8|0x0000000080800000, 0x0000000080900000, 0x0000000080900000|100%| O|  |TAMS 0x0000000080900000, 0x0000000080900000| Untracked 
|   9|0x0000000080900000, 0x0000000080a00000, 0x0000000080a00000|100%| O|  |TAMS 0x0000000080a00000, 0x0000000080a00000| Untracked 
|  10|0x0000000080a00000, 0x0000000080b00000, 0x0000000080b00000|100%| O|  |TAMS 0x0000000080b00000, 0x0000000080b00000| Untracked 
|  11|0x0000000080b00000, 0x0000000080c00000, 0x0000000080c00000|100%| O|  |TAMS 0x0000000080c00000, 0x0000000080c00000| Untracked 
|  12|0x0000000080c00000, 0x0000000080d00000, 0x0000000080d00000|100%| O|  |TAMS 0x0000000080d00000, 0x0000000080d00000| Untracked 
|  13|0x0000000080d00000, 0x0000000080e00000, 0x0000000080e00000|100%| O|  |TAMS 0x0000000080e00000, 0x0000000080e00000| Untracked 
|  14|0x0000000080e00000, 0x0000000080f00000, 0x0000000080f00000|100%| O|  |TAMS 0x0000000080f00000, 0x0000000080f00000| Untracked 
|  15|0x0000000080f00000, 0x0000000081000000, 0x0000000081000000|100%| O|  |TAMS 0x0000000081000000, 0x0000000081000000| Untracked 
|  16|0x0000000081000000, 0x0000000081100000, 0x0000000081100000|100%| O|  |TAMS 0x0000000081100000, 0x0000000081100000| Untracked 
|  17|0x0000000081100000, 0x0000000081200000, 0x0000000081200000|100%| O|  |TAMS 0x0000000081200000, 0x0000000081200000| Untracked 
|  18|0x0000000081200000, 0x0000000081300000, 0x0000000081300000|100%| O|  |TAMS 0x0000000081300000, 0x0000000081300000| Untracked 
|  19|0x0000000081300000, 0x0000000081400000, 0x0000000081400000|100%| O|  |TAMS 0x0000000081400000, 0x0000000081400000| Untracked 
|  20|0x0000000081400000, 0x0000000081500000, 0x0000000081500000|100%| O|  |TAMS 0x0000000081500000, 0x0000000081500000| Untracked 
|  21|0x0000000081500000, 0x0000000081600000, 0x0000000081600000|100%| O|  |TAMS 0x0000000081600000, 0x0000000081600000| Untracked 
|  22|0x0000000081600000, 0x0000000081700000, 0x0000000081700000|100%| O|  |TAMS 0x0000000081700000, 0x0000000081700000| Untracked 
|  23|0x0000000081700000, 0x0000000081800000, 0x0000000081800000|100%| O|  |TAMS 0x0000000081700000, 0x0000000081800000| Untracked 
|  24|0x0000000081800000, 0x0000000081900000, 0x0000000081900000|100%| O|  |TAMS 0x0000000081900000, 0x0000000081900000| Untracked 
|  25|0x0000000081900000, 0x0000000081a00000, 0x0000000081a00000|100%|HS|  |TAMS 0x0000000081a00000, 0x0000000081a00000| Complete 
|  26|0x0000000081a00000, 0x0000000081b00000, 0x0000000081b00000|100%|HC|  |TAMS 0x0000000081b00000, 0x0000000081b00000| Complete 
|  27|0x0000000081b00000, 0x0000000081c00000, 0x0000000081c00000|100%|HS|  |TAMS 0x0000000081c00000, 0x0000000081c00000| Complete 
|  28|0x0000000081c00000, 0x0000000081d00000, 0x0000000081d00000|100%|HS|  |TAMS 0x0000000081d00000, 0x0000000081d00000| Complete 
|  29|0x0000000081d00000, 0x0000000081e00000, 0x0000000081e00000|100%| O|  |TAMS 0x0000000081e00000, 0x0000000081e00000| Untracked 
|  30|0x0000000081e00000, 0x0000000081f00000, 0x0000000081f00000|100%| O|  |TAMS 0x0000000081f00000, 0x0000000081f00000| Untracked 
|  31|0x0000000081f00000, 0x0000000082000000, 0x0000000082000000|100%| O|  |TAMS 0x0000000082000000, 0x0000000082000000| Untracked 
|  32|0x0000000082000000, 0x0000000082100000, 0x0000000082100000|100%| O|  |TAMS 0x0000000082100000, 0x0000000082100000| Untracked 
|  33|0x0000000082100000, 0x0000000082200000, 0x0000000082200000|100%| O|  |TAMS 0x0000000082200000, 0x0000000082200000| Untracked 
|  34|0x0000000082200000, 0x0000000082300000, 0x0000000082300000|100%| O|  |TAMS 0x0000000082300000, 0x0000000082300000| Untracked 
|  35|0x0000000082300000, 0x0000000082400000, 0x0000000082400000|100%| O|  |TAMS 0x0000000082400000, 0x0000000082400000| Untracked 
|  36|0x0000000082400000, 0x0000000082500000, 0x0000000082500000|100%| O|  |TAMS 0x0000000082500000, 0x0000000082500000| Untracked 
|  37|0x0000000082500000, 0x0000000082600000, 0x0000000082600000|100%| O|  |TAMS 0x0000000082600000, 0x0000000082600000| Untracked 
|  38|0x0000000082600000, 0x0000000082700000, 0x0000000082700000|100%| O|  |TAMS 0x0000000082700000, 0x0000000082700000| Untracked 
|  39|0x0000000082700000, 0x0000000082800000, 0x0000000082800000|100%| O|  |TAMS 0x0000000082800000, 0x0000000082800000| Untracked 
|  40|0x0000000082800000, 0x0000000082900000, 0x0000000082900000|100%| O|  |TAMS 0x0000000082900000, 0x0000000082900000| Untracked 
|  41|0x0000000082900000, 0x0000000082a00000, 0x0000000082a00000|100%| O|  |TAMS 0x0000000082a00000, 0x0000000082a00000| Untracked 
|  42|0x0000000082a00000, 0x0000000082b00000, 0x0000000082b00000|100%|HS|  |TAMS 0x0000000082b00000, 0x0000000082b00000| Complete 
|  43|0x0000000082b00000, 0x0000000082c00000, 0x0000000082c00000|100%|HC|  |TAMS 0x0000000082c00000, 0x0000000082c00000| Complete 
|  44|0x0000000082c00000, 0x0000000082d00000, 0x0000000082d00000|100%|HC|  |TAMS 0x0000000082d00000, 0x0000000082d00000| Complete 
|  45|0x0000000082d00000, 0x0000000082e00000, 0x0000000082e00000|100%| O|  |TAMS 0x0000000082e00000, 0x0000000082e00000| Untracked 
|  46|0x0000000082e00000, 0x0000000082f00000, 0x0000000082f00000|100%| O|  |TAMS 0x0000000082f00000, 0x0000000082f00000| Untracked 
|  47|0x0000000082f00000, 0x0000000083000000, 0x0000000083000000|100%| O|  |TAMS 0x0000000083000000, 0x0000000083000000| Untracked 
|  48|0x0000000083000000, 0x0000000083100000, 0x0000000083100000|100%| O|  |TAMS 0x0000000083100000, 0x0000000083100000| Untracked 
|  49|0x0000000083100000, 0x0000000083200000, 0x0000000083200000|100%| O|  |TAMS 0x0000000083200000, 0x0000000083200000| Untracked 
|  50|0x0000000083200000, 0x0000000083300000, 0x0000000083300000|100%| O|  |TAMS 0x0000000083300000, 0x0000000083300000| Untracked 
|  51|0x0000000083300000, 0x0000000083400000, 0x0000000083400000|100%| O|  |TAMS 0x0000000083400000, 0x0000000083400000| Untracked 
|  52|0x0000000083400000, 0x0000000083500000, 0x0000000083500000|100%| O|  |TAMS 0x0000000083500000, 0x0000000083500000| Untracked 
|  53|0x0000000083500000, 0x0000000083600000, 0x0000000083600000|100%| O|  |TAMS 0x0000000083600000, 0x0000000083600000| Untracked 
|  54|0x0000000083600000, 0x0000000083700000, 0x0000000083700000|100%| O|  |TAMS 0x0000000083700000, 0x0000000083700000| Untracked 
|  55|0x0000000083700000, 0x0000000083800000, 0x0000000083800000|100%| O|  |TAMS 0x0000000083700000, 0x0000000083800000| Untracked 
|  56|0x0000000083800000, 0x0000000083900000, 0x0000000083900000|100%| O|  |TAMS 0x0000000083900000, 0x0000000083900000| Untracked 
|  57|0x0000000083900000, 0x0000000083a00000, 0x0000000083a00000|100%| O|  |TAMS 0x0000000083a00000, 0x0000000083a00000| Untracked 
|  58|0x0000000083a00000, 0x0000000083b00000, 0x0000000083b00000|100%| O|  |TAMS 0x0000000083b00000, 0x0000000083b00000| Untracked 
|  59|0x0000000083b00000, 0x0000000083c00000, 0x0000000083c00000|100%| O|  |TAMS 0x0000000083c00000, 0x0000000083c00000| Untracked 
|  60|0x0000000083c00000, 0x0000000083d00000, 0x0000000083d00000|100%| O|  |TAMS 0x0000000083d00000, 0x0000000083d00000| Untracked 
|  61|0x0000000083d00000, 0x0000000083e00000, 0x0000000083e00000|100%| O|  |TAMS 0x0000000083e00000, 0x0000000083e00000| Untracked 
|  62|0x0000000083e00000, 0x0000000083f00000, 0x0000000083f00000|100%| O|  |TAMS 0x0000000083f00000, 0x0000000083f00000| Untracked 
|  63|0x0000000083f00000, 0x0000000084000000, 0x0000000084000000|100%| O|  |TAMS 0x0000000084000000, 0x0000000084000000| Untracked 
|  64|0x0000000084000000, 0x0000000084100000, 0x0000000084100000|100%| O|  |TAMS 0x0000000084100000, 0x0000000084100000| Untracked 
|  65|0x0000000084100000, 0x0000000084200000, 0x0000000084200000|100%| O|  |TAMS 0x0000000084200000, 0x0000000084200000| Untracked 
|  66|0x0000000084200000, 0x0000000084300000, 0x0000000084300000|100%| O|  |TAMS 0x0000000084300000, 0x0000000084300000| Untracked 
|  67|0x0000000084300000, 0x0000000084400000, 0x0000000084400000|100%| O|  |TAMS 0x0000000084400000, 0x0000000084400000| Untracked 
|  68|0x0000000084400000, 0x0000000084500000, 0x0000000084500000|100%| O|  |TAMS 0x0000000084500000, 0x0000000084500000| Untracked 
|  69|0x0000000084500000, 0x00000000845bbc00, 0x0000000084600000| 73%| O|  |TAMS 0x00000000845bbc00, 0x00000000845bbc00| Untracked 
|  70|0x0000000084600000, 0x0000000084700000, 0x0000000084700000|100%| O|  |TAMS 0x0000000084600000, 0x0000000084700000| Untracked 
|  71|0x0000000084700000, 0x0000000084800000, 0x0000000084800000|100%| O|  |TAMS 0x0000000084700000, 0x0000000084800000| Untracked 
|  72|0x0000000084800000, 0x0000000084900000, 0x0000000084900000|100%| O|  |TAMS 0x0000000084800000, 0x0000000084900000| Untracked 
|  73|0x0000000084900000, 0x0000000084a00000, 0x0000000084a00000|100%| O|  |TAMS 0x0000000084900000, 0x0000000084a00000| Untracked 
|  74|0x0000000084a00000, 0x0000000084b00000, 0x0000000084b00000|100%| O|  |TAMS 0x0000000084a00000, 0x0000000084b00000| Untracked 
|  75|0x0000000084b00000, 0x0000000084c00000, 0x0000000084c00000|100%| O|  |TAMS 0x0000000084b00000, 0x0000000084c00000| Untracked 
|  76|0x0000000084c00000, 0x0000000084d00000, 0x0000000084d00000|100%| O|  |TAMS 0x0000000084c00000, 0x0000000084d00000| Untracked 
|  77|0x0000000084d00000, 0x0000000084e00000, 0x0000000084e00000|100%| O|  |TAMS 0x0000000084d00000, 0x0000000084e00000| Untracked 
|  78|0x0000000084e00000, 0x0000000084f00000, 0x0000000084f00000|100%| O|  |TAMS 0x0000000084e00000, 0x0000000084f00000| Untracked 
|  79|0x0000000084f00000, 0x0000000085000000, 0x0000000085000000|100%| O|  |TAMS 0x0000000084f00000, 0x0000000085000000| Untracked 
|  80|0x0000000085000000, 0x0000000085100000, 0x0000000085100000|100%| O|  |TAMS 0x0000000085000000, 0x0000000085100000| Untracked 
|  81|0x0000000085100000, 0x0000000085200000, 0x0000000085200000|100%| O|  |TAMS 0x0000000085100000, 0x0000000085200000| Untracked 
|  82|0x0000000085200000, 0x0000000085300000, 0x0000000085300000|100%| O|  |TAMS 0x0000000085200000, 0x0000000085300000| Untracked 
|  83|0x0000000085300000, 0x0000000085400000, 0x0000000085400000|100%| O|  |TAMS 0x0000000085300000, 0x0000000085400000| Untracked 
|  84|0x0000000085400000, 0x0000000085500000, 0x0000000085500000|100%| O|  |TAMS 0x0000000085400000, 0x0000000085500000| Untracked 
|  85|0x0000000085500000, 0x0000000085600000, 0x0000000085600000|100%| O|  |TAMS 0x0000000085500000, 0x0000000085600000| Untracked 
|  86|0x0000000085600000, 0x0000000085700000, 0x0000000085700000|100%| O|  |TAMS 0x0000000085600000, 0x0000000085700000| Untracked 
|  87|0x0000000085700000, 0x0000000085800000, 0x0000000085800000|100%| O|  |TAMS 0x0000000085700000, 0x0000000085800000| Untracked 
|  88|0x0000000085800000, 0x0000000085900000, 0x0000000085900000|100%| O|  |TAMS 0x0000000085800000, 0x0000000085900000| Untracked 
|  89|0x0000000085900000, 0x0000000085a00000, 0x0000000085a00000|100%| O|  |TAMS 0x0000000085900000, 0x0000000085a00000| Untracked 
|  90|0x0000000085a00000, 0x0000000085b00000, 0x0000000085b00000|100%| O|  |TAMS 0x0000000085a00000, 0x0000000085b00000| Untracked 
|  91|0x0000000085b00000, 0x0000000085c00000, 0x0000000085c00000|100%| O|  |TAMS 0x0000000085b00000, 0x0000000085c00000| Untracked 
|  92|0x0000000085c00000, 0x0000000085d00000, 0x0000000085d00000|100%| O|  |TAMS 0x0000000085c00000, 0x0000000085d00000| Untracked 
|  93|0x0000000085d00000, 0x0000000085e00000, 0x0000000085e00000|100%| O|  |TAMS 0x0000000085d00000, 0x0000000085e00000| Untracked 
|  94|0x0000000085e00000, 0x0000000085f00000, 0x0000000085f00000|100%| O|  |TAMS 0x0000000085e00000, 0x0000000085f00000| Untracked 
|  95|0x0000000085f00000, 0x0000000086000000, 0x0000000086000000|100%| O|  |TAMS 0x0000000085f00000, 0x0000000086000000| Untracked 
|  96|0x0000000086000000, 0x0000000086100000, 0x0000000086100000|100%| O|  |TAMS 0x0000000086000000, 0x0000000086100000| Untracked 
|  97|0x0000000086100000, 0x0000000086200000, 0x0000000086200000|100%| O|  |TAMS 0x0000000086100000, 0x0000000086200000| Untracked 
|  98|0x0000000086200000, 0x0000000086300000, 0x0000000086300000|100%| O|  |TAMS 0x0000000086200000, 0x0000000086300000| Untracked 
|  99|0x0000000086300000, 0x0000000086400000, 0x0000000086400000|100%| O|  |TAMS 0x0000000086300000, 0x0000000086400000| Untracked 
| 100|0x0000000086400000, 0x0000000086500000, 0x0000000086500000|100%| O|  |TAMS 0x0000000086400000, 0x0000000086500000| Untracked 
| 101|0x0000000086500000, 0x0000000086600000, 0x0000000086600000|100%| O|  |TAMS 0x0000000086500000, 0x0000000086600000| Untracked 
| 102|0x0000000086600000, 0x0000000086700000, 0x0000000086700000|100%| O|  |TAMS 0x0000000086600000, 0x0000000086700000| Untracked 
| 103|0x0000000086700000, 0x0000000086800000, 0x0000000086800000|100%| O|  |TAMS 0x0000000086700000, 0x0000000086800000| Untracked 
| 104|0x0000000086800000, 0x0000000086900000, 0x0000000086900000|100%| O|  |TAMS 0x0000000086800000, 0x0000000086900000| Untracked 
| 105|0x0000000086900000, 0x0000000086a00000, 0x0000000086a00000|100%| O|  |TAMS 0x0000000086900000, 0x0000000086a00000| Untracked 
| 106|0x0000000086a00000, 0x0000000086b00000, 0x0000000086b00000|100%| O|  |TAMS 0x0000000086a00000, 0x0000000086b00000| Untracked 
| 107|0x0000000086b00000, 0x0000000086c00000, 0x0000000086c00000|100%| O|  |TAMS 0x0000000086b00000, 0x0000000086c00000| Untracked 
| 108|0x0000000086c00000, 0x0000000086d00000, 0x0000000086d00000|100%| O|  |TAMS 0x0000000086c00000, 0x0000000086d00000| Untracked 
| 109|0x0000000086d00000, 0x0000000086e00000, 0x0000000086e00000|100%| O|  |TAMS 0x0000000086d00000, 0x0000000086e00000| Untracked 
| 110|0x0000000086e00000, 0x0000000086f00000, 0x0000000086f00000|100%| O|  |TAMS 0x0000000086e00000, 0x0000000086f00000| Untracked 
| 111|0x0000000086f00000, 0x0000000087000000, 0x0000000087000000|100%| O|  |TAMS 0x0000000086f00000, 0x0000000087000000| Untracked 
| 112|0x0000000087000000, 0x0000000087100000, 0x0000000087100000|100%| O|  |TAMS 0x0000000087000000, 0x0000000087100000| Untracked 
| 113|0x0000000087100000, 0x0000000087200000, 0x0000000087200000|100%| O|  |TAMS 0x0000000087100000, 0x0000000087200000| Untracked 
| 114|0x0000000087200000, 0x0000000087300000, 0x0000000087300000|100%| O|  |TAMS 0x0000000087200000, 0x0000000087300000| Untracked 
| 115|0x0000000087300000, 0x0000000087400000, 0x0000000087400000|100%| O|  |TAMS 0x0000000087300000, 0x0000000087400000| Untracked 
| 116|0x0000000087400000, 0x0000000087500000, 0x0000000087500000|100%| O|  |TAMS 0x0000000087400000, 0x0000000087500000| Untracked 
| 117|0x0000000087500000, 0x0000000087600000, 0x0000000087600000|100%| O|  |TAMS 0x0000000087500000, 0x0000000087600000| Untracked 
| 118|0x0000000087600000, 0x0000000087700000, 0x0000000087700000|100%| O|  |TAMS 0x0000000087600000, 0x0000000087700000| Untracked 
| 119|0x0000000087700000, 0x0000000087800000, 0x0000000087800000|100%| O|  |TAMS 0x0000000087700000, 0x0000000087800000| Untracked 
| 120|0x0000000087800000, 0x0000000087900000, 0x0000000087900000|100%| O|  |TAMS 0x0000000087800000, 0x0000000087900000| Untracked 
| 121|0x0000000087900000, 0x0000000087a00000, 0x0000000087a00000|100%| O|  |TAMS 0x0000000087900000, 0x0000000087a00000| Untracked 
| 122|0x0000000087a00000, 0x0000000087b00000, 0x0000000087b00000|100%| O|  |TAMS 0x0000000087a00000, 0x0000000087b00000| Untracked 
| 123|0x0000000087b00000, 0x0000000087c00000, 0x0000000087c00000|100%| O|  |TAMS 0x0000000087b00000, 0x0000000087c00000| Untracked 
| 124|0x0000000087c00000, 0x0000000087d00000, 0x0000000087d00000|100%| O|  |TAMS 0x0000000087c00000, 0x0000000087d00000| Untracked 
| 125|0x0000000087d00000, 0x0000000087e00000, 0x0000000087e00000|100%| O|  |TAMS 0x0000000087d00000, 0x0000000087e00000| Untracked 
| 126|0x0000000087e00000, 0x0000000087f00000, 0x0000000087f00000|100%| O|  |TAMS 0x0000000087e00000, 0x0000000087f00000| Untracked 
| 127|0x0000000087f00000, 0x0000000088000000, 0x0000000088000000|100%| O|  |TAMS 0x0000000087f00000, 0x0000000088000000| Untracked 
| 128|0x0000000088000000, 0x0000000088100000, 0x0000000088100000|100%| O|  |TAMS 0x0000000088000000, 0x0000000088100000| Untracked 
| 129|0x0000000088100000, 0x0000000088200000, 0x0000000088200000|100%| O|  |TAMS 0x0000000088100000, 0x0000000088200000| Untracked 
| 130|0x0000000088200000, 0x0000000088300000, 0x0000000088300000|100%| O|  |TAMS 0x0000000088200000, 0x0000000088300000| Untracked 
| 131|0x0000000088300000, 0x0000000088400000, 0x0000000088400000|100%| O|  |TAMS 0x0000000088300000, 0x0000000088400000| Untracked 
| 132|0x0000000088400000, 0x0000000088500000, 0x0000000088500000|100%| O|  |TAMS 0x0000000088400000, 0x0000000088500000| Untracked 
| 133|0x0000000088500000, 0x0000000088600000, 0x0000000088600000|100%| O|  |TAMS 0x0000000088500000, 0x0000000088600000| Untracked 
| 134|0x0000000088600000, 0x0000000088700000, 0x0000000088700000|100%| O|  |TAMS 0x0000000088600000, 0x0000000088700000| Untracked 
| 135|0x0000000088700000, 0x0000000088800000, 0x0000000088800000|100%| O|  |TAMS 0x0000000088700000, 0x0000000088800000| Untracked 
| 136|0x0000000088800000, 0x0000000088900000, 0x0000000088900000|100%| O|  |TAMS 0x0000000088800000, 0x0000000088900000| Untracked 
| 137|0x0000000088900000, 0x0000000088a00000, 0x0000000088a00000|100%| O|  |TAMS 0x0000000088900000, 0x0000000088a00000| Untracked 
| 138|0x0000000088a00000, 0x0000000088b00000, 0x0000000088b00000|100%| O|  |TAMS 0x0000000088a00000, 0x0000000088b00000| Untracked 
| 139|0x0000000088b00000, 0x0000000088c00000, 0x0000000088c00000|100%| O|  |TAMS 0x0000000088b00000, 0x0000000088c00000| Untracked 
| 140|0x0000000088c00000, 0x0000000088d00000, 0x0000000088d00000|100%| O|  |TAMS 0x0000000088c00000, 0x0000000088d00000| Untracked 
| 141|0x0000000088d00000, 0x0000000088e00000, 0x0000000088e00000|100%| O|  |TAMS 0x0000000088d00000, 0x0000000088e00000| Untracked 
| 142|0x0000000088e00000, 0x0000000088f00000, 0x0000000088f00000|100%| O|  |TAMS 0x0000000088e00000, 0x0000000088f00000| Untracked 
| 143|0x0000000088f00000, 0x0000000089000000, 0x0000000089000000|100%| O|  |TAMS 0x0000000088f00000, 0x0000000089000000| Untracked 
| 144|0x0000000089000000, 0x0000000089100000, 0x0000000089100000|100%| O|  |TAMS 0x0000000089000000, 0x0000000089100000| Untracked 
| 145|0x0000000089100000, 0x0000000089200000, 0x0000000089200000|100%| O|  |TAMS 0x0000000089100000, 0x0000000089200000| Untracked 
| 146|0x0000000089200000, 0x0000000089300000, 0x0000000089300000|100%| O|  |TAMS 0x0000000089200000, 0x0000000089300000| Untracked 
| 147|0x0000000089300000, 0x0000000089400000, 0x0000000089400000|100%| O|  |TAMS 0x0000000089300000, 0x0000000089400000| Untracked 
| 148|0x0000000089400000, 0x0000000089500000, 0x0000000089500000|100%| O|  |TAMS 0x0000000089400000, 0x0000000089500000| Untracked 
| 149|0x0000000089500000, 0x0000000089600000, 0x0000000089600000|100%| O|  |TAMS 0x0000000089500000, 0x0000000089600000| Untracked 
| 150|0x0000000089600000, 0x0000000089700000, 0x0000000089700000|100%| O|  |TAMS 0x0000000089600000, 0x0000000089700000| Untracked 
| 151|0x0000000089700000, 0x0000000089800000, 0x0000000089800000|100%| O|  |TAMS 0x0000000089700000, 0x0000000089800000| Untracked 
| 152|0x0000000089800000, 0x0000000089900000, 0x0000000089900000|100%| O|  |TAMS 0x0000000089800000, 0x0000000089900000| Untracked 
| 153|0x0000000089900000, 0x0000000089a00000, 0x0000000089a00000|100%| O|  |TAMS 0x0000000089900000, 0x0000000089a00000| Untracked 
| 154|0x0000000089a00000, 0x0000000089b00000, 0x0000000089b00000|100%| O|  |TAMS 0x0000000089a00000, 0x0000000089b00000| Untracked 
| 155|0x0000000089b00000, 0x0000000089c00000, 0x0000000089c00000|100%| O|  |TAMS 0x0000000089b00000, 0x0000000089c00000| Untracked 
| 156|0x0000000089c00000, 0x0000000089d00000, 0x0000000089d00000|100%| O|  |TAMS 0x0000000089c00000, 0x0000000089d00000| Untracked 
| 157|0x0000000089d00000, 0x0000000089e00000, 0x0000000089e00000|100%| O|  |TAMS 0x0000000089d00000, 0x0000000089e00000| Untracked 
| 158|0x0000000089e00000, 0x0000000089f00000, 0x0000000089f00000|100%| O|  |TAMS 0x0000000089e00000, 0x0000000089f00000| Untracked 
| 159|0x0000000089f00000, 0x0000000089f00000, 0x000000008a000000|  0%| F|  |TAMS 0x0000000089f00000, 0x0000000089f00000| Untracked 
| 160|0x000000008a000000, 0x000000008a000000, 0x000000008a100000|  0%| F|  |TAMS 0x000000008a000000, 0x000000008a000000| Untracked 
| 161|0x000000008a100000, 0x000000008a100000, 0x000000008a200000|  0%| F|  |TAMS 0x000000008a100000, 0x000000008a100000| Untracked 
| 162|0x000000008a200000, 0x000000008a300000, 0x000000008a300000|100%| O|  |TAMS 0x000000008a200000, 0x000000008a300000| Untracked 
| 163|0x000000008a300000, 0x000000008a400000, 0x000000008a400000|100%| O|  |TAMS 0x000000008a300000, 0x000000008a400000| Untracked 
| 164|0x000000008a400000, 0x000000008a500000, 0x000000008a500000|100%| O|  |TAMS 0x000000008a400000, 0x000000008a500000| Untracked 
| 165|0x000000008a500000, 0x000000008a600000, 0x000000008a600000|100%| O|  |TAMS 0x000000008a500000, 0x000000008a600000| Untracked 
| 166|0x000000008a600000, 0x000000008a700000, 0x000000008a700000|100%| O|  |TAMS 0x000000008a600000, 0x000000008a700000| Untracked 
| 167|0x000000008a700000, 0x000000008a800000, 0x000000008a800000|100%| O|  |TAMS 0x000000008a700000, 0x000000008a800000| Untracked 
| 168|0x000000008a800000, 0x000000008a900000, 0x000000008a900000|100%| O|  |TAMS 0x000000008a800000, 0x000000008a900000| Untracked 
| 169|0x000000008a900000, 0x000000008aa00000, 0x000000008aa00000|100%| O|  |TAMS 0x000000008a900000, 0x000000008aa00000| Untracked 
| 170|0x000000008aa00000, 0x000000008ab00000, 0x000000008ab00000|100%| O|  |TAMS 0x000000008aa00000, 0x000000008ab00000| Untracked 
| 171|0x000000008ab00000, 0x000000008ac00000, 0x000000008ac00000|100%| O|  |TAMS 0x000000008ab00000, 0x000000008ac00000| Untracked 
| 172|0x000000008ac00000, 0x000000008ad00000, 0x000000008ad00000|100%| O|  |TAMS 0x000000008ac00000, 0x000000008ad00000| Untracked 
| 173|0x000000008ad00000, 0x000000008ae00000, 0x000000008ae00000|100%| O|  |TAMS 0x000000008ad00000, 0x000000008ae00000| Untracked 
| 174|0x000000008ae00000, 0x000000008af00000, 0x000000008af00000|100%| O|  |TAMS 0x000000008ae00000, 0x000000008af00000| Untracked 
| 175|0x000000008af00000, 0x000000008b000000, 0x000000008b000000|100%| O|  |TAMS 0x000000008af00000, 0x000000008b000000| Untracked 
| 176|0x000000008b000000, 0x000000008b100000, 0x000000008b100000|100%| O|  |TAMS 0x000000008b000000, 0x000000008b100000| Untracked 
| 177|0x000000008b100000, 0x000000008b200000, 0x000000008b200000|100%| O|  |TAMS 0x000000008b100000, 0x000000008b200000| Untracked 
| 178|0x000000008b200000, 0x000000008b300000, 0x000000008b300000|100%| O|  |TAMS 0x000000008b200000, 0x000000008b300000| Untracked 
| 179|0x000000008b300000, 0x000000008b3c8200, 0x000000008b400000| 78%| O|  |TAMS 0x000000008b300000, 0x000000008b3c8200| Untracked 
| 180|0x000000008b400000, 0x000000008b400000, 0x000000008b500000|  0%| F|  |TAMS 0x000000008b400000, 0x000000008b400000| Untracked 
| 181|0x000000008b500000, 0x000000008b500000, 0x000000008b600000|  0%| F|  |TAMS 0x000000008b500000, 0x000000008b500000| Untracked 
| 182|0x000000008b600000, 0x000000008b600000, 0x000000008b700000|  0%| F|  |TAMS 0x000000008b600000, 0x000000008b600000| Untracked 
| 183|0x000000008b700000, 0x000000008b700000, 0x000000008b800000|  0%| F|  |TAMS 0x000000008b700000, 0x000000008b700000| Untracked 
| 184|0x000000008b800000, 0x000000008b800000, 0x000000008b900000|  0%| F|  |TAMS 0x000000008b800000, 0x000000008b800000| Untracked 
| 185|0x000000008b900000, 0x000000008b900000, 0x000000008ba00000|  0%| F|  |TAMS 0x000000008b900000, 0x000000008b900000| Untracked 
| 186|0x000000008ba00000, 0x000000008ba00000, 0x000000008bb00000|  0%| F|  |TAMS 0x000000008ba00000, 0x000000008ba00000| Untracked 
| 187|0x000000008bb00000, 0x000000008bb00000, 0x000000008bc00000|  0%| F|  |TAMS 0x000000008bb00000, 0x000000008bb00000| Untracked 
| 188|0x000000008bc00000, 0x000000008bc00000, 0x000000008bd00000|  0%| F|  |TAMS 0x000000008bc00000, 0x000000008bc00000| Untracked 
| 189|0x000000008bd00000, 0x000000008bd00000, 0x000000008be00000|  0%| F|  |TAMS 0x000000008bd00000, 0x000000008bd00000| Untracked 
| 190|0x000000008be00000, 0x000000008be00000, 0x000000008bf00000|  0%| F|  |TAMS 0x000000008be00000, 0x000000008be00000| Untracked 
| 191|0x000000008bf00000, 0x000000008bf00000, 0x000000008c000000|  0%| F|  |TAMS 0x000000008bf00000, 0x000000008bf00000| Untracked 
| 192|0x000000008c000000, 0x000000008c000000, 0x000000008c100000|  0%| F|  |TAMS 0x000000008c000000, 0x000000008c000000| Untracked 
| 193|0x000000008c100000, 0x000000008c100000, 0x000000008c200000|  0%| F|  |TAMS 0x000000008c100000, 0x000000008c100000| Untracked 
| 194|0x000000008c200000, 0x000000008c200000, 0x000000008c300000|  0%| F|  |TAMS 0x000000008c200000, 0x000000008c200000| Untracked 
| 195|0x000000008c300000, 0x000000008c300000, 0x000000008c400000|  0%| F|  |TAMS 0x000000008c300000, 0x000000008c300000| Untracked 
| 196|0x000000008c400000, 0x000000008c400000, 0x000000008c500000|  0%| F|  |TAMS 0x000000008c400000, 0x000000008c400000| Untracked 
| 197|0x000000008c500000, 0x000000008c500000, 0x000000008c600000|  0%| F|  |TAMS 0x000000008c500000, 0x000000008c500000| Untracked 
| 198|0x000000008c600000, 0x000000008c600000, 0x000000008c700000|  0%| F|  |TAMS 0x000000008c600000, 0x000000008c600000| Untracked 
| 199|0x000000008c700000, 0x000000008c700000, 0x000000008c800000|  0%| F|  |TAMS 0x000000008c700000, 0x000000008c700000| Untracked 
| 200|0x000000008c800000, 0x000000008c800000, 0x000000008c900000|  0%| F|  |TAMS 0x000000008c800000, 0x000000008c800000| Untracked 
| 201|0x000000008c900000, 0x000000008c900000, 0x000000008ca00000|  0%| F|  |TAMS 0x000000008c900000, 0x000000008c900000| Untracked 
| 202|0x000000008ca00000, 0x000000008ca00000, 0x000000008cb00000|  0%| F|  |TAMS 0x000000008ca00000, 0x000000008ca00000| Untracked 
| 203|0x000000008cb00000, 0x000000008cb00000, 0x000000008cc00000|  0%| F|  |TAMS 0x000000008cb00000, 0x000000008cb00000| Untracked 
| 204|0x000000008cc00000, 0x000000008cc00000, 0x000000008cd00000|  0%| F|  |TAMS 0x000000008cc00000, 0x000000008cc00000| Untracked 
| 205|0x000000008cd00000, 0x000000008cd00000, 0x000000008ce00000|  0%| F|  |TAMS 0x000000008cd00000, 0x000000008cd00000| Untracked 
| 206|0x000000008ce00000, 0x000000008ce00000, 0x000000008cf00000|  0%| F|  |TAMS 0x000000008ce00000, 0x000000008ce00000| Untracked 
| 207|0x000000008cf00000, 0x000000008cf00000, 0x000000008d000000|  0%| F|  |TAMS 0x000000008cf00000, 0x000000008cf00000| Untracked 
| 208|0x000000008d000000, 0x000000008d000000, 0x000000008d100000|  0%| F|  |TAMS 0x000000008d000000, 0x000000008d000000| Untracked 
| 209|0x000000008d100000, 0x000000008d100000, 0x000000008d200000|  0%| F|  |TAMS 0x000000008d100000, 0x000000008d100000| Untracked 
| 210|0x000000008d200000, 0x000000008d200000, 0x000000008d300000|  0%| F|  |TAMS 0x000000008d200000, 0x000000008d200000| Untracked 
| 211|0x000000008d300000, 0x000000008d300000, 0x000000008d400000|  0%| F|  |TAMS 0x000000008d300000, 0x000000008d300000| Untracked 
| 212|0x000000008d400000, 0x000000008d400000, 0x000000008d500000|  0%| F|  |TAMS 0x000000008d400000, 0x000000008d400000| Untracked 
| 213|0x000000008d500000, 0x000000008d500000, 0x000000008d600000|  0%| F|  |TAMS 0x000000008d500000, 0x000000008d500000| Untracked 
| 214|0x000000008d600000, 0x000000008d600000, 0x000000008d700000|  0%| F|  |TAMS 0x000000008d600000, 0x000000008d600000| Untracked 
| 215|0x000000008d700000, 0x000000008d700000, 0x000000008d800000|  0%| F|  |TAMS 0x000000008d700000, 0x000000008d700000| Untracked 
| 216|0x000000008d800000, 0x000000008d800000, 0x000000008d900000|  0%| F|  |TAMS 0x000000008d800000, 0x000000008d800000| Untracked 
| 217|0x000000008d900000, 0x000000008d900000, 0x000000008da00000|  0%| F|  |TAMS 0x000000008d900000, 0x000000008d900000| Untracked 
| 218|0x000000008da00000, 0x000000008da00000, 0x000000008db00000|  0%| F|  |TAMS 0x000000008da00000, 0x000000008da00000| Untracked 
| 219|0x000000008db00000, 0x000000008db00000, 0x000000008dc00000|  0%| F|  |TAMS 0x000000008db00000, 0x000000008db00000| Untracked 
| 220|0x000000008dc00000, 0x000000008dc00000, 0x000000008dd00000|  0%| F|  |TAMS 0x000000008dc00000, 0x000000008dc00000| Untracked 
| 221|0x000000008dd00000, 0x000000008dd00000, 0x000000008de00000|  0%| F|  |TAMS 0x000000008dd00000, 0x000000008dd00000| Untracked 
| 222|0x000000008de00000, 0x000000008de00000, 0x000000008df00000|  0%| F|  |TAMS 0x000000008de00000, 0x000000008de00000| Untracked 
| 223|0x000000008df00000, 0x000000008df00000, 0x000000008e000000|  0%| F|  |TAMS 0x000000008df00000, 0x000000008df00000| Untracked 
| 224|0x000000008e000000, 0x000000008e000000, 0x000000008e100000|  0%| F|  |TAMS 0x000000008e000000, 0x000000008e000000| Untracked 
| 225|0x000000008e100000, 0x000000008e100000, 0x000000008e200000|  0%| F|  |TAMS 0x000000008e100000, 0x000000008e100000| Untracked 
| 226|0x000000008e200000, 0x000000008e200000, 0x000000008e300000|  0%| F|  |TAMS 0x000000008e200000, 0x000000008e200000| Untracked 
| 227|0x000000008e300000, 0x000000008e300000, 0x000000008e400000|  0%| F|  |TAMS 0x000000008e300000, 0x000000008e300000| Untracked 
| 228|0x000000008e400000, 0x000000008e400000, 0x000000008e500000|  0%| F|  |TAMS 0x000000008e400000, 0x000000008e400000| Untracked 
| 229|0x000000008e500000, 0x000000008e500000, 0x000000008e600000|  0%| F|  |TAMS 0x000000008e500000, 0x000000008e500000| Untracked 
| 230|0x000000008e600000, 0x000000008e600000, 0x000000008e700000|  0%| F|  |TAMS 0x000000008e600000, 0x000000008e600000| Untracked 
| 231|0x000000008e700000, 0x000000008e700000, 0x000000008e800000|  0%| F|  |TAMS 0x000000008e700000, 0x000000008e700000| Untracked 
| 232|0x000000008e800000, 0x000000008e800000, 0x000000008e900000|  0%| F|  |TAMS 0x000000008e800000, 0x000000008e800000| Untracked 
| 233|0x000000008e900000, 0x000000008e900000, 0x000000008ea00000|  0%| F|  |TAMS 0x000000008e900000, 0x000000008e900000| Untracked 
| 234|0x000000008ea00000, 0x000000008ea00000, 0x000000008eb00000|  0%| F|  |TAMS 0x000000008ea00000, 0x000000008ea00000| Untracked 
| 235|0x000000008eb00000, 0x000000008eb00000, 0x000000008ec00000|  0%| F|  |TAMS 0x000000008eb00000, 0x000000008eb00000| Untracked 
| 236|0x000000008ec00000, 0x000000008ec00000, 0x000000008ed00000|  0%| F|  |TAMS 0x000000008ec00000, 0x000000008ec00000| Untracked 
| 237|0x000000008ed00000, 0x000000008ed00000, 0x000000008ee00000|  0%| F|  |TAMS 0x000000008ed00000, 0x000000008ed00000| Untracked 
| 238|0x000000008ee00000, 0x000000008ee00000, 0x000000008ef00000|  0%| F|  |TAMS 0x000000008ee00000, 0x000000008ee00000| Untracked 
| 239|0x000000008ef00000, 0x000000008ef00000, 0x000000008f000000|  0%| F|  |TAMS 0x000000008ef00000, 0x000000008ef00000| Untracked 
| 240|0x000000008f000000, 0x000000008f000000, 0x000000008f100000|  0%| F|  |TAMS 0x000000008f000000, 0x000000008f000000| Untracked 
| 241|0x000000008f100000, 0x000000008f100000, 0x000000008f200000|  0%| F|  |TAMS 0x000000008f100000, 0x000000008f100000| Untracked 
| 242|0x000000008f200000, 0x000000008f200000, 0x000000008f300000|  0%| F|  |TAMS 0x000000008f200000, 0x000000008f200000| Untracked 
| 243|0x000000008f300000, 0x000000008f300000, 0x000000008f400000|  0%| F|  |TAMS 0x000000008f300000, 0x000000008f300000| Untracked 
| 244|0x000000008f400000, 0x000000008f400000, 0x000000008f500000|  0%| F|  |TAMS 0x000000008f400000, 0x000000008f400000| Untracked 
| 245|0x000000008f500000, 0x000000008f500000, 0x000000008f600000|  0%| F|  |TAMS 0x000000008f500000, 0x000000008f500000| Untracked 
| 246|0x000000008f600000, 0x000000008f600000, 0x000000008f700000|  0%| F|  |TAMS 0x000000008f600000, 0x000000008f600000| Untracked 
| 247|0x000000008f700000, 0x000000008f700000, 0x000000008f800000|  0%| F|  |TAMS 0x000000008f700000, 0x000000008f700000| Untracked 
| 248|0x000000008f800000, 0x000000008f800000, 0x000000008f900000|  0%| F|  |TAMS 0x000000008f800000, 0x000000008f800000| Untracked 
| 249|0x000000008f900000, 0x000000008f900000, 0x000000008fa00000|  0%| F|  |TAMS 0x000000008f900000, 0x000000008f900000| Untracked 
| 250|0x000000008fa00000, 0x000000008fa00000, 0x000000008fb00000|  0%| F|  |TAMS 0x000000008fa00000, 0x000000008fa00000| Untracked 
| 251|0x000000008fb00000, 0x000000008fb00000, 0x000000008fc00000|  0%| F|  |TAMS 0x000000008fb00000, 0x000000008fb00000| Untracked 
| 252|0x000000008fc00000, 0x000000008fc00000, 0x000000008fd00000|  0%| F|  |TAMS 0x000000008fc00000, 0x000000008fc00000| Untracked 
| 253|0x000000008fd00000, 0x000000008fd227f0, 0x000000008fe00000| 13%| S|CS|TAMS 0x000000008fd00000, 0x000000008fd00000| Complete 
| 254|0x000000008fe00000, 0x000000008ff00000, 0x000000008ff00000|100%| S|CS|TAMS 0x000000008fe00000, 0x000000008fe00000| Complete 
| 255|0x000000008ff00000, 0x0000000090000000, 0x0000000090000000|100%| S|CS|TAMS 0x000000008ff00000, 0x000000008ff00000| Complete 
| 256|0x0000000090000000, 0x0000000090100000, 0x0000000090100000|100%| S|CS|TAMS 0x0000000090000000, 0x0000000090000000| Complete 
| 257|0x0000000090100000, 0x0000000090200000, 0x0000000090200000|100%| S|CS|TAMS 0x0000000090100000, 0x0000000090100000| Complete 
| 258|0x0000000090200000, 0x0000000090300000, 0x0000000090300000|100%| S|CS|TAMS 0x0000000090200000, 0x0000000090200000| Complete 
| 259|0x0000000090300000, 0x0000000090400000, 0x0000000090400000|100%| S|CS|TAMS 0x0000000090300000, 0x0000000090300000| Complete 
| 260|0x0000000090400000, 0x0000000090500000, 0x0000000090500000|100%| S|CS|TAMS 0x0000000090400000, 0x0000000090400000| Complete 
| 261|0x0000000090500000, 0x0000000090600000, 0x0000000090600000|100%| S|CS|TAMS 0x0000000090500000, 0x0000000090500000| Complete 
| 262|0x0000000090600000, 0x0000000090700000, 0x0000000090700000|100%| S|CS|TAMS 0x0000000090600000, 0x0000000090600000| Complete 
| 263|0x0000000090700000, 0x0000000090800000, 0x0000000090800000|100%| S|CS|TAMS 0x0000000090700000, 0x0000000090700000| Complete 
| 264|0x0000000090800000, 0x0000000090900000, 0x0000000090900000|100%| S|CS|TAMS 0x0000000090800000, 0x0000000090800000| Complete 
| 265|0x0000000090900000, 0x0000000090a00000, 0x0000000090a00000|100%| S|CS|TAMS 0x0000000090900000, 0x0000000090900000| Complete 
| 266|0x0000000090a00000, 0x0000000090b00000, 0x0000000090b00000|100%| S|CS|TAMS 0x0000000090a00000, 0x0000000090a00000| Complete 
| 267|0x0000000090b00000, 0x0000000090c00000, 0x0000000090c00000|100%| S|CS|TAMS 0x0000000090b00000, 0x0000000090b00000| Complete 
| 268|0x0000000090c00000, 0x0000000090d00000, 0x0000000090d00000|100%| S|CS|TAMS 0x0000000090c00000, 0x0000000090c00000| Complete 
| 269|0x0000000090d00000, 0x0000000090e00000, 0x0000000090e00000|100%| S|CS|TAMS 0x0000000090d00000, 0x0000000090d00000| Complete 
| 270|0x0000000090e00000, 0x0000000090f00000, 0x0000000090f00000|100%| S|CS|TAMS 0x0000000090e00000, 0x0000000090e00000| Complete 
| 271|0x0000000090f00000, 0x0000000091000000, 0x0000000091000000|100%| S|CS|TAMS 0x0000000090f00000, 0x0000000090f00000| Complete 
| 272|0x0000000091000000, 0x0000000091100000, 0x0000000091100000|100%| S|CS|TAMS 0x0000000091000000, 0x0000000091000000| Complete 
| 273|0x0000000091100000, 0x0000000091200000, 0x0000000091200000|100%| S|CS|TAMS 0x0000000091100000, 0x0000000091100000| Complete 
| 274|0x0000000091200000, 0x0000000091300000, 0x0000000091300000|100%| S|CS|TAMS 0x0000000091200000, 0x0000000091200000| Complete 
| 275|0x0000000091300000, 0x0000000091400000, 0x0000000091400000|100%| S|CS|TAMS 0x0000000091300000, 0x0000000091300000| Complete 
| 276|0x0000000091400000, 0x0000000091500000, 0x0000000091500000|100%| S|CS|TAMS 0x0000000091400000, 0x0000000091400000| Complete 
| 277|0x0000000091500000, 0x0000000091500000, 0x0000000091600000|  0%| F|  |TAMS 0x0000000091500000, 0x0000000091500000| Untracked 
| 278|0x0000000091600000, 0x0000000091600000, 0x0000000091700000|  0%| F|  |TAMS 0x0000000091600000, 0x0000000091600000| Untracked 
| 279|0x0000000091700000, 0x0000000091700000, 0x0000000091800000|  0%| F|  |TAMS 0x0000000091700000, 0x0000000091700000| Untracked 
| 280|0x0000000091800000, 0x0000000091800000, 0x0000000091900000|  0%| F|  |TAMS 0x0000000091800000, 0x0000000091800000| Untracked 
| 281|0x0000000091900000, 0x0000000091900000, 0x0000000091a00000|  0%| F|  |TAMS 0x0000000091900000, 0x0000000091900000| Untracked 
| 282|0x0000000091a00000, 0x0000000091a00000, 0x0000000091b00000|  0%| F|  |TAMS 0x0000000091a00000, 0x0000000091a00000| Untracked 
| 283|0x0000000091b00000, 0x0000000091b00000, 0x0000000091c00000|  0%| F|  |TAMS 0x0000000091b00000, 0x0000000091b00000| Untracked 
| 284|0x0000000091c00000, 0x0000000091c00000, 0x0000000091d00000|  0%| F|  |TAMS 0x0000000091c00000, 0x0000000091c00000| Untracked 
| 285|0x0000000091d00000, 0x0000000091d00000, 0x0000000091e00000|  0%| F|  |TAMS 0x0000000091d00000, 0x0000000091d00000| Untracked 
| 286|0x0000000091e00000, 0x0000000091e00000, 0x0000000091f00000|  0%| F|  |TAMS 0x0000000091e00000, 0x0000000091e00000| Untracked 
| 287|0x0000000091f00000, 0x0000000091f00000, 0x0000000092000000|  0%| F|  |TAMS 0x0000000091f00000, 0x0000000091f00000| Untracked 
| 288|0x0000000092000000, 0x0000000092000000, 0x0000000092100000|  0%| F|  |TAMS 0x0000000092000000, 0x0000000092000000| Untracked 
| 289|0x0000000092100000, 0x0000000092100000, 0x0000000092200000|  0%| F|  |TAMS 0x0000000092100000, 0x0000000092100000| Untracked 
| 290|0x0000000092200000, 0x0000000092200000, 0x0000000092300000|  0%| F|  |TAMS 0x0000000092200000, 0x0000000092200000| Untracked 
| 291|0x0000000092300000, 0x0000000092300000, 0x0000000092400000|  0%| F|  |TAMS 0x0000000092300000, 0x0000000092300000| Untracked 
| 292|0x0000000092400000, 0x0000000092400000, 0x0000000092500000|  0%| F|  |TAMS 0x0000000092400000, 0x0000000092400000| Untracked 
| 293|0x0000000092500000, 0x0000000092500000, 0x0000000092600000|  0%| F|  |TAMS 0x0000000092500000, 0x0000000092500000| Untracked 
| 294|0x0000000092600000, 0x0000000092600000, 0x0000000092700000|  0%| F|  |TAMS 0x0000000092600000, 0x0000000092600000| Untracked 
| 295|0x0000000092700000, 0x0000000092700000, 0x0000000092800000|  0%| F|  |TAMS 0x0000000092700000, 0x0000000092700000| Untracked 
| 296|0x0000000092800000, 0x0000000092800000, 0x0000000092900000|  0%| F|  |TAMS 0x0000000092800000, 0x0000000092800000| Untracked 
| 297|0x0000000092900000, 0x0000000092900000, 0x0000000092a00000|  0%| F|  |TAMS 0x0000000092900000, 0x0000000092900000| Untracked 
| 298|0x0000000092a00000, 0x0000000092a00000, 0x0000000092b00000|  0%| F|  |TAMS 0x0000000092a00000, 0x0000000092a00000| Untracked 
| 299|0x0000000092b00000, 0x0000000092b00000, 0x0000000092c00000|  0%| F|  |TAMS 0x0000000092b00000, 0x0000000092b00000| Untracked 
| 300|0x0000000092c00000, 0x0000000092c00000, 0x0000000092d00000|  0%| F|  |TAMS 0x0000000092c00000, 0x0000000092c00000| Untracked 
| 301|0x0000000092d00000, 0x0000000092d00000, 0x0000000092e00000|  0%| F|  |TAMS 0x0000000092d00000, 0x0000000092d00000| Untracked 
| 302|0x0000000092e00000, 0x0000000092e00000, 0x0000000092f00000|  0%| F|  |TAMS 0x0000000092e00000, 0x0000000092e00000| Untracked 
| 303|0x0000000092f00000, 0x0000000092f00000, 0x0000000093000000|  0%| F|  |TAMS 0x0000000092f00000, 0x0000000092f00000| Untracked 
| 304|0x0000000093000000, 0x0000000093000000, 0x0000000093100000|  0%| F|  |TAMS 0x0000000093000000, 0x0000000093000000| Untracked 
| 305|0x0000000093100000, 0x0000000093100000, 0x0000000093200000|  0%| F|  |TAMS 0x0000000093100000, 0x0000000093100000| Untracked 
| 306|0x0000000093200000, 0x0000000093200000, 0x0000000093300000|  0%| F|  |TAMS 0x0000000093200000, 0x0000000093200000| Untracked 
| 307|0x0000000093300000, 0x0000000093300000, 0x0000000093400000|  0%| F|  |TAMS 0x0000000093300000, 0x0000000093300000| Untracked 
| 308|0x0000000093400000, 0x0000000093400000, 0x0000000093500000|  0%| F|  |TAMS 0x0000000093400000, 0x0000000093400000| Untracked 
| 309|0x0000000093500000, 0x0000000093500000, 0x0000000093600000|  0%| F|  |TAMS 0x0000000093500000, 0x0000000093500000| Untracked 
| 310|0x0000000093600000, 0x0000000093600000, 0x0000000093700000|  0%| F|  |TAMS 0x0000000093600000, 0x0000000093600000| Untracked 
| 311|0x0000000093700000, 0x0000000093700000, 0x0000000093800000|  0%| F|  |TAMS 0x0000000093700000, 0x0000000093700000| Untracked 
| 312|0x0000000093800000, 0x0000000093800000, 0x0000000093900000|  0%| F|  |TAMS 0x0000000093800000, 0x0000000093800000| Untracked 
| 313|0x0000000093900000, 0x0000000093900000, 0x0000000093a00000|  0%| F|  |TAMS 0x0000000093900000, 0x0000000093900000| Untracked 
| 314|0x0000000093a00000, 0x0000000093a00000, 0x0000000093b00000|  0%| F|  |TAMS 0x0000000093a00000, 0x0000000093a00000| Untracked 
| 315|0x0000000093b00000, 0x0000000093b00000, 0x0000000093c00000|  0%| F|  |TAMS 0x0000000093b00000, 0x0000000093b00000| Untracked 
| 316|0x0000000093c00000, 0x0000000093c00000, 0x0000000093d00000|  0%| F|  |TAMS 0x0000000093c00000, 0x0000000093c00000| Untracked 
| 317|0x0000000093d00000, 0x0000000093d00000, 0x0000000093e00000|  0%| F|  |TAMS 0x0000000093d00000, 0x0000000093d00000| Untracked 
| 318|0x0000000093e00000, 0x0000000093e00000, 0x0000000093f00000|  0%| F|  |TAMS 0x0000000093e00000, 0x0000000093e00000| Untracked 
| 319|0x0000000093f00000, 0x0000000093f00000, 0x0000000094000000|  0%| F|  |TAMS 0x0000000093f00000, 0x0000000093f00000| Untracked 
| 320|0x0000000094000000, 0x0000000094000000, 0x0000000094100000|  0%| F|  |TAMS 0x0000000094000000, 0x0000000094000000| Untracked 
| 321|0x0000000094100000, 0x0000000094100000, 0x0000000094200000|  0%| F|  |TAMS 0x0000000094100000, 0x0000000094100000| Untracked 
| 322|0x0000000094200000, 0x0000000094200000, 0x0000000094300000|  0%| F|  |TAMS 0x0000000094200000, 0x0000000094200000| Untracked 
| 323|0x0000000094300000, 0x0000000094300000, 0x0000000094400000|  0%| F|  |TAMS 0x0000000094300000, 0x0000000094300000| Untracked 
| 324|0x0000000094400000, 0x0000000094400000, 0x0000000094500000|  0%| F|  |TAMS 0x0000000094400000, 0x0000000094400000| Untracked 
| 325|0x0000000094500000, 0x0000000094500000, 0x0000000094600000|  0%| F|  |TAMS 0x0000000094500000, 0x0000000094500000| Untracked 
| 326|0x0000000094600000, 0x0000000094600000, 0x0000000094700000|  0%| F|  |TAMS 0x0000000094600000, 0x0000000094600000| Untracked 
| 327|0x0000000094700000, 0x0000000094700000, 0x0000000094800000|  0%| F|  |TAMS 0x0000000094700000, 0x0000000094700000| Untracked 
| 328|0x0000000094800000, 0x0000000094800000, 0x0000000094900000|  0%| F|  |TAMS 0x0000000094800000, 0x0000000094800000| Untracked 
| 329|0x0000000094900000, 0x0000000094900000, 0x0000000094a00000|  0%| F|  |TAMS 0x0000000094900000, 0x0000000094900000| Untracked 
| 330|0x0000000094a00000, 0x0000000094a00000, 0x0000000094b00000|  0%| F|  |TAMS 0x0000000094a00000, 0x0000000094a00000| Untracked 
| 331|0x0000000094b00000, 0x0000000094b00000, 0x0000000094c00000|  0%| F|  |TAMS 0x0000000094b00000, 0x0000000094b00000| Untracked 
| 332|0x0000000094c00000, 0x0000000094c00000, 0x0000000094d00000|  0%| F|  |TAMS 0x0000000094c00000, 0x0000000094c00000| Untracked 
| 333|0x0000000094d00000, 0x0000000094d00000, 0x0000000094e00000|  0%| F|  |TAMS 0x0000000094d00000, 0x0000000094d00000| Untracked 
| 334|0x0000000094e00000, 0x0000000094e00000, 0x0000000094f00000|  0%| F|  |TAMS 0x0000000094e00000, 0x0000000094e00000| Untracked 
| 335|0x0000000094f00000, 0x0000000094f00000, 0x0000000095000000|  0%| F|  |TAMS 0x0000000094f00000, 0x0000000094f00000| Untracked 
| 336|0x0000000095000000, 0x0000000095000000, 0x0000000095100000|  0%| F|  |TAMS 0x0000000095000000, 0x0000000095000000| Untracked 
| 337|0x0000000095100000, 0x0000000095100000, 0x0000000095200000|  0%| F|  |TAMS 0x0000000095100000, 0x0000000095100000| Untracked 
| 338|0x0000000095200000, 0x0000000095200000, 0x0000000095300000|  0%| F|  |TAMS 0x0000000095200000, 0x0000000095200000| Untracked 
| 339|0x0000000095300000, 0x0000000095300000, 0x0000000095400000|  0%| F|  |TAMS 0x0000000095300000, 0x0000000095300000| Untracked 
| 340|0x0000000095400000, 0x0000000095400000, 0x0000000095500000|  0%| F|  |TAMS 0x0000000095400000, 0x0000000095400000| Untracked 
| 341|0x0000000095500000, 0x0000000095500000, 0x0000000095600000|  0%| F|  |TAMS 0x0000000095500000, 0x0000000095500000| Untracked 
| 342|0x0000000095600000, 0x0000000095600000, 0x0000000095700000|  0%| F|  |TAMS 0x0000000095600000, 0x0000000095600000| Untracked 
| 343|0x0000000095700000, 0x0000000095700000, 0x0000000095800000|  0%| F|  |TAMS 0x0000000095700000, 0x0000000095700000| Untracked 
| 344|0x0000000095800000, 0x0000000095800000, 0x0000000095900000|  0%| F|  |TAMS 0x0000000095800000, 0x0000000095800000| Untracked 
| 345|0x0000000095900000, 0x0000000095900000, 0x0000000095a00000|  0%| F|  |TAMS 0x0000000095900000, 0x0000000095900000| Untracked 
| 346|0x0000000095a00000, 0x0000000095a00000, 0x0000000095b00000|  0%| F|  |TAMS 0x0000000095a00000, 0x0000000095a00000| Untracked 
| 347|0x0000000095b00000, 0x0000000095b00000, 0x0000000095c00000|  0%| F|  |TAMS 0x0000000095b00000, 0x0000000095b00000| Untracked 
| 348|0x0000000095c00000, 0x0000000095c00000, 0x0000000095d00000|  0%| F|  |TAMS 0x0000000095c00000, 0x0000000095c00000| Untracked 
| 349|0x0000000095d00000, 0x0000000095d00000, 0x0000000095e00000|  0%| F|  |TAMS 0x0000000095d00000, 0x0000000095d00000| Untracked 
| 350|0x0000000095e00000, 0x0000000095e00000, 0x0000000095f00000|  0%| F|  |TAMS 0x0000000095e00000, 0x0000000095e00000| Untracked 
| 351|0x0000000095f00000, 0x0000000095f00000, 0x0000000096000000|  0%| F|  |TAMS 0x0000000095f00000, 0x0000000095f00000| Untracked 
| 352|0x0000000096000000, 0x0000000096000000, 0x0000000096100000|  0%| F|  |TAMS 0x0000000096000000, 0x0000000096000000| Untracked 
| 353|0x0000000096100000, 0x0000000096100000, 0x0000000096200000|  0%| F|  |TAMS 0x0000000096100000, 0x0000000096100000| Untracked 
| 354|0x0000000096200000, 0x0000000096200000, 0x0000000096300000|  0%| F|  |TAMS 0x0000000096200000, 0x0000000096200000| Untracked 
| 355|0x0000000096300000, 0x0000000096300000, 0x0000000096400000|  0%| F|  |TAMS 0x0000000096300000, 0x0000000096300000| Untracked 
| 356|0x0000000096400000, 0x0000000096400000, 0x0000000096500000|  0%| F|  |TAMS 0x0000000096400000, 0x0000000096400000| Untracked 
| 357|0x0000000096500000, 0x0000000096500000, 0x0000000096600000|  0%| F|  |TAMS 0x0000000096500000, 0x0000000096500000| Untracked 
| 358|0x0000000096600000, 0x0000000096600000, 0x0000000096700000|  0%| F|  |TAMS 0x0000000096600000, 0x0000000096600000| Untracked 
| 359|0x0000000096700000, 0x0000000096700000, 0x0000000096800000|  0%| F|  |TAMS 0x0000000096700000, 0x0000000096700000| Untracked 
| 360|0x0000000096800000, 0x0000000096800000, 0x0000000096900000|  0%| F|  |TAMS 0x0000000096800000, 0x0000000096800000| Untracked 
| 361|0x0000000096900000, 0x0000000096900000, 0x0000000096a00000|  0%| F|  |TAMS 0x0000000096900000, 0x0000000096900000| Untracked 
| 362|0x0000000096a00000, 0x0000000096a00000, 0x0000000096b00000|  0%| F|  |TAMS 0x0000000096a00000, 0x0000000096a00000| Untracked 
| 363|0x0000000096b00000, 0x0000000096b00000, 0x0000000096c00000|  0%| F|  |TAMS 0x0000000096b00000, 0x0000000096b00000| Untracked 
| 364|0x0000000096c00000, 0x0000000096c00000, 0x0000000096d00000|  0%| F|  |TAMS 0x0000000096c00000, 0x0000000096c00000| Untracked 
| 365|0x0000000096d00000, 0x0000000096d00000, 0x0000000096e00000|  0%| F|  |TAMS 0x0000000096d00000, 0x0000000096d00000| Untracked 
| 366|0x0000000096e00000, 0x0000000096e00000, 0x0000000096f00000|  0%| F|  |TAMS 0x0000000096e00000, 0x0000000096e00000| Untracked 
| 367|0x0000000096f00000, 0x0000000096f00000, 0x0000000097000000|  0%| F|  |TAMS 0x0000000096f00000, 0x0000000096f00000| Untracked 
| 368|0x0000000097000000, 0x0000000097000000, 0x0000000097100000|  0%| F|  |TAMS 0x0000000097000000, 0x0000000097000000| Untracked 
| 369|0x0000000097100000, 0x0000000097100000, 0x0000000097200000|  0%| F|  |TAMS 0x0000000097100000, 0x0000000097100000| Untracked 
| 370|0x0000000097200000, 0x0000000097200000, 0x0000000097300000|  0%| F|  |TAMS 0x0000000097200000, 0x0000000097200000| Untracked 
| 371|0x0000000097300000, 0x0000000097300000, 0x0000000097400000|  0%| F|  |TAMS 0x0000000097300000, 0x0000000097300000| Untracked 
| 372|0x0000000097400000, 0x0000000097400000, 0x0000000097500000|  0%| F|  |TAMS 0x0000000097400000, 0x0000000097400000| Untracked 
| 373|0x0000000097500000, 0x0000000097500000, 0x0000000097600000|  0%| F|  |TAMS 0x0000000097500000, 0x0000000097500000| Untracked 
| 374|0x0000000097600000, 0x0000000097600000, 0x0000000097700000|  0%| F|  |TAMS 0x0000000097600000, 0x0000000097600000| Untracked 
| 375|0x0000000097700000, 0x0000000097700000, 0x0000000097800000|  0%| F|  |TAMS 0x0000000097700000, 0x0000000097700000| Untracked 
| 376|0x0000000097800000, 0x0000000097800000, 0x0000000097900000|  0%| F|  |TAMS 0x0000000097800000, 0x0000000097800000| Untracked 
| 377|0x0000000097900000, 0x0000000097900000, 0x0000000097a00000|  0%| F|  |TAMS 0x0000000097900000, 0x0000000097900000| Untracked 
| 378|0x0000000097a00000, 0x0000000097a00000, 0x0000000097b00000|  0%| F|  |TAMS 0x0000000097a00000, 0x0000000097a00000| Untracked 
| 379|0x0000000097b00000, 0x0000000097b00000, 0x0000000097c00000|  0%| F|  |TAMS 0x0000000097b00000, 0x0000000097b00000| Untracked 
| 380|0x0000000097c00000, 0x0000000097c00000, 0x0000000097d00000|  0%| F|  |TAMS 0x0000000097c00000, 0x0000000097c00000| Untracked 
| 381|0x0000000097d00000, 0x0000000097d00000, 0x0000000097e00000|  0%| F|  |TAMS 0x0000000097d00000, 0x0000000097d00000| Untracked 
| 382|0x0000000097e00000, 0x0000000097e00000, 0x0000000097f00000|  0%| F|  |TAMS 0x0000000097e00000, 0x0000000097e00000| Untracked 
| 383|0x0000000097f00000, 0x0000000097f00000, 0x0000000098000000|  0%| F|  |TAMS 0x0000000097f00000, 0x0000000097f00000| Untracked 
| 384|0x0000000098000000, 0x0000000098000000, 0x0000000098100000|  0%| F|  |TAMS 0x0000000098000000, 0x0000000098000000| Untracked 
| 385|0x0000000098100000, 0x0000000098100000, 0x0000000098200000|  0%| F|  |TAMS 0x0000000098100000, 0x0000000098100000| Untracked 
| 386|0x0000000098200000, 0x0000000098200000, 0x0000000098300000|  0%| F|  |TAMS 0x0000000098200000, 0x0000000098200000| Untracked 
| 387|0x0000000098300000, 0x0000000098300000, 0x0000000098400000|  0%| F|  |TAMS 0x0000000098300000, 0x0000000098300000| Untracked 
| 388|0x0000000098400000, 0x0000000098400000, 0x0000000098500000|  0%| F|  |TAMS 0x0000000098400000, 0x0000000098400000| Untracked 
| 389|0x0000000098500000, 0x0000000098500000, 0x0000000098600000|  0%| F|  |TAMS 0x0000000098500000, 0x0000000098500000| Untracked 
| 390|0x0000000098600000, 0x0000000098600000, 0x0000000098700000|  0%| F|  |TAMS 0x0000000098600000, 0x0000000098600000| Untracked 
| 391|0x0000000098700000, 0x0000000098700000, 0x0000000098800000|  0%| F|  |TAMS 0x0000000098700000, 0x0000000098700000| Untracked 
| 392|0x0000000098800000, 0x0000000098800000, 0x0000000098900000|  0%| F|  |TAMS 0x0000000098800000, 0x0000000098800000| Untracked 
| 393|0x0000000098900000, 0x0000000098900000, 0x0000000098a00000|  0%| F|  |TAMS 0x0000000098900000, 0x0000000098900000| Untracked 
| 394|0x0000000098a00000, 0x0000000098a00000, 0x0000000098b00000|  0%| F|  |TAMS 0x0000000098a00000, 0x0000000098a00000| Untracked 
| 395|0x0000000098b00000, 0x0000000098b00000, 0x0000000098c00000|  0%| F|  |TAMS 0x0000000098b00000, 0x0000000098b00000| Untracked 
| 396|0x0000000098c00000, 0x0000000098c00000, 0x0000000098d00000|  0%| F|  |TAMS 0x0000000098c00000, 0x0000000098c00000| Untracked 
| 397|0x0000000098d00000, 0x0000000098d00000, 0x0000000098e00000|  0%| F|  |TAMS 0x0000000098d00000, 0x0000000098d00000| Untracked 
| 398|0x0000000098e00000, 0x0000000098e00000, 0x0000000098f00000|  0%| F|  |TAMS 0x0000000098e00000, 0x0000000098e00000| Untracked 
| 399|0x0000000098f00000, 0x0000000098f00000, 0x0000000099000000|  0%| F|  |TAMS 0x0000000098f00000, 0x0000000098f00000| Untracked 
| 400|0x0000000099000000, 0x0000000099000000, 0x0000000099100000|  0%| F|  |TAMS 0x0000000099000000, 0x0000000099000000| Untracked 
| 401|0x0000000099100000, 0x0000000099100000, 0x0000000099200000|  0%| F|  |TAMS 0x0000000099100000, 0x0000000099100000| Untracked 
| 402|0x0000000099200000, 0x0000000099200000, 0x0000000099300000|  0%| F|  |TAMS 0x0000000099200000, 0x0000000099200000| Untracked 
| 403|0x0000000099300000, 0x0000000099300000, 0x0000000099400000|  0%| F|  |TAMS 0x0000000099300000, 0x0000000099300000| Untracked 
| 404|0x0000000099400000, 0x0000000099400000, 0x0000000099500000|  0%| F|  |TAMS 0x0000000099400000, 0x0000000099400000| Untracked 
| 405|0x0000000099500000, 0x0000000099500000, 0x0000000099600000|  0%| F|  |TAMS 0x0000000099500000, 0x0000000099500000| Untracked 
| 406|0x0000000099600000, 0x0000000099600000, 0x0000000099700000|  0%| F|  |TAMS 0x0000000099600000, 0x0000000099600000| Untracked 
| 407|0x0000000099700000, 0x0000000099700000, 0x0000000099800000|  0%| F|  |TAMS 0x0000000099700000, 0x0000000099700000| Untracked 
| 408|0x0000000099800000, 0x0000000099800000, 0x0000000099900000|  0%| F|  |TAMS 0x0000000099800000, 0x0000000099800000| Untracked 
| 409|0x0000000099900000, 0x0000000099900000, 0x0000000099a00000|  0%| F|  |TAMS 0x0000000099900000, 0x0000000099900000| Untracked 
| 410|0x0000000099a00000, 0x0000000099a00000, 0x0000000099b00000|  0%| F|  |TAMS 0x0000000099a00000, 0x0000000099a00000| Untracked 
| 411|0x0000000099b00000, 0x0000000099b00000, 0x0000000099c00000|  0%| F|  |TAMS 0x0000000099b00000, 0x0000000099b00000| Untracked 
| 412|0x0000000099c00000, 0x0000000099c00000, 0x0000000099d00000|  0%| F|  |TAMS 0x0000000099c00000, 0x0000000099c00000| Untracked 
| 413|0x0000000099d00000, 0x0000000099d00000, 0x0000000099e00000|  0%| F|  |TAMS 0x0000000099d00000, 0x0000000099d00000| Untracked 
| 414|0x0000000099e00000, 0x0000000099e00000, 0x0000000099f00000|  0%| F|  |TAMS 0x0000000099e00000, 0x0000000099e00000| Untracked 
| 415|0x0000000099f00000, 0x0000000099f00000, 0x000000009a000000|  0%| F|  |TAMS 0x0000000099f00000, 0x0000000099f00000| Untracked 
| 416|0x000000009a000000, 0x000000009a000000, 0x000000009a100000|  0%| F|  |TAMS 0x000000009a000000, 0x000000009a000000| Untracked 
| 417|0x000000009a100000, 0x000000009a100000, 0x000000009a200000|  0%| F|  |TAMS 0x000000009a100000, 0x000000009a100000| Untracked 
| 418|0x000000009a200000, 0x000000009a200000, 0x000000009a300000|  0%| F|  |TAMS 0x000000009a200000, 0x000000009a200000| Untracked 
| 419|0x000000009a300000, 0x000000009a300000, 0x000000009a400000|  0%| F|  |TAMS 0x000000009a300000, 0x000000009a300000| Untracked 
| 420|0x000000009a400000, 0x000000009a400000, 0x000000009a500000|  0%| F|  |TAMS 0x000000009a400000, 0x000000009a400000| Untracked 
| 421|0x000000009a500000, 0x000000009a500000, 0x000000009a600000|  0%| F|  |TAMS 0x000000009a500000, 0x000000009a500000| Untracked 
| 422|0x000000009a600000, 0x000000009a600000, 0x000000009a700000|  0%| F|  |TAMS 0x000000009a600000, 0x000000009a600000| Untracked 
| 423|0x000000009a700000, 0x000000009a700000, 0x000000009a800000|  0%| F|  |TAMS 0x000000009a700000, 0x000000009a700000| Untracked 
| 424|0x000000009a800000, 0x000000009a800000, 0x000000009a900000|  0%| F|  |TAMS 0x000000009a800000, 0x000000009a800000| Untracked 
| 425|0x000000009a900000, 0x000000009a900000, 0x000000009aa00000|  0%| F|  |TAMS 0x000000009a900000, 0x000000009a900000| Untracked 
| 426|0x000000009aa00000, 0x000000009aa00000, 0x000000009ab00000|  0%| F|  |TAMS 0x000000009aa00000, 0x000000009aa00000| Untracked 
| 427|0x000000009ab00000, 0x000000009ab00000, 0x000000009ac00000|  0%| F|  |TAMS 0x000000009ab00000, 0x000000009ab00000| Untracked 
| 428|0x000000009ac00000, 0x000000009ac00000, 0x000000009ad00000|  0%| F|  |TAMS 0x000000009ac00000, 0x000000009ac00000| Untracked 
| 429|0x000000009ad00000, 0x000000009ad00000, 0x000000009ae00000|  0%| F|  |TAMS 0x000000009ad00000, 0x000000009ad00000| Untracked 
| 430|0x000000009ae00000, 0x000000009ae00000, 0x000000009af00000|  0%| F|  |TAMS 0x000000009ae00000, 0x000000009ae00000| Untracked 
| 431|0x000000009af00000, 0x000000009af00000, 0x000000009b000000|  0%| F|  |TAMS 0x000000009af00000, 0x000000009af00000| Untracked 
| 432|0x000000009b000000, 0x000000009b000000, 0x000000009b100000|  0%| F|  |TAMS 0x000000009b000000, 0x000000009b000000| Untracked 
| 433|0x000000009b100000, 0x000000009b100000, 0x000000009b200000|  0%| F|  |TAMS 0x000000009b100000, 0x000000009b100000| Untracked 
| 434|0x000000009b200000, 0x000000009b200000, 0x000000009b300000|  0%| F|  |TAMS 0x000000009b200000, 0x000000009b200000| Untracked 
| 435|0x000000009b300000, 0x000000009b300000, 0x000000009b400000|  0%| F|  |TAMS 0x000000009b300000, 0x000000009b300000| Untracked 
| 436|0x000000009b400000, 0x000000009b400000, 0x000000009b500000|  0%| F|  |TAMS 0x000000009b400000, 0x000000009b400000| Untracked 
| 437|0x000000009b500000, 0x000000009b500000, 0x000000009b600000|  0%| F|  |TAMS 0x000000009b500000, 0x000000009b500000| Untracked 
| 438|0x000000009b600000, 0x000000009b600000, 0x000000009b700000|  0%| F|  |TAMS 0x000000009b600000, 0x000000009b600000| Untracked 
| 439|0x000000009b700000, 0x000000009b700000, 0x000000009b800000|  0%| F|  |TAMS 0x000000009b700000, 0x000000009b700000| Untracked 
| 440|0x000000009b800000, 0x000000009b800000, 0x000000009b900000|  0%| F|  |TAMS 0x000000009b800000, 0x000000009b800000| Untracked 
| 441|0x000000009b900000, 0x000000009b900000, 0x000000009ba00000|  0%| F|  |TAMS 0x000000009b900000, 0x000000009b900000| Untracked 
| 442|0x000000009ba00000, 0x000000009ba00000, 0x000000009bb00000|  0%| F|  |TAMS 0x000000009ba00000, 0x000000009ba00000| Untracked 
| 443|0x000000009bb00000, 0x000000009bb00000, 0x000000009bc00000|  0%| F|  |TAMS 0x000000009bb00000, 0x000000009bb00000| Untracked 
| 444|0x000000009bc00000, 0x000000009bc00000, 0x000000009bd00000|  0%| F|  |TAMS 0x000000009bc00000, 0x000000009bc00000| Untracked 
| 445|0x000000009bd00000, 0x000000009bd00000, 0x000000009be00000|  0%| F|  |TAMS 0x000000009bd00000, 0x000000009bd00000| Untracked 
| 446|0x000000009be00000, 0x000000009be00000, 0x000000009bf00000|  0%| F|  |TAMS 0x000000009be00000, 0x000000009be00000| Untracked 
| 447|0x000000009bf00000, 0x000000009bf00000, 0x000000009c000000|  0%| F|  |TAMS 0x000000009bf00000, 0x000000009bf00000| Untracked 
| 448|0x000000009c000000, 0x000000009c000000, 0x000000009c100000|  0%| F|  |TAMS 0x000000009c000000, 0x000000009c000000| Untracked 
| 449|0x000000009c100000, 0x000000009c100000, 0x000000009c200000|  0%| F|  |TAMS 0x000000009c100000, 0x000000009c100000| Untracked 
| 450|0x000000009c200000, 0x000000009c200000, 0x000000009c300000|  0%| F|  |TAMS 0x000000009c200000, 0x000000009c200000| Untracked 
| 451|0x000000009c300000, 0x000000009c300000, 0x000000009c400000|  0%| F|  |TAMS 0x000000009c300000, 0x000000009c300000| Untracked 
| 452|0x000000009c400000, 0x000000009c400000, 0x000000009c500000|  0%| F|  |TAMS 0x000000009c400000, 0x000000009c400000| Untracked 
| 453|0x000000009c500000, 0x000000009c500000, 0x000000009c600000|  0%| F|  |TAMS 0x000000009c500000, 0x000000009c500000| Untracked 
| 454|0x000000009c600000, 0x000000009c600000, 0x000000009c700000|  0%| F|  |TAMS 0x000000009c600000, 0x000000009c600000| Untracked 
| 455|0x000000009c700000, 0x000000009c700000, 0x000000009c800000|  0%| F|  |TAMS 0x000000009c700000, 0x000000009c700000| Untracked 
| 456|0x000000009c800000, 0x000000009c800000, 0x000000009c900000|  0%| F|  |TAMS 0x000000009c800000, 0x000000009c800000| Untracked 
| 457|0x000000009c900000, 0x000000009c900000, 0x000000009ca00000|  0%| F|  |TAMS 0x000000009c900000, 0x000000009c900000| Untracked 
| 458|0x000000009ca00000, 0x000000009ca00000, 0x000000009cb00000|  0%| F|  |TAMS 0x000000009ca00000, 0x000000009ca00000| Untracked 
| 459|0x000000009cb00000, 0x000000009cb00000, 0x000000009cc00000|  0%| F|  |TAMS 0x000000009cb00000, 0x000000009cb00000| Untracked 
| 460|0x000000009cc00000, 0x000000009cc00000, 0x000000009cd00000|  0%| F|  |TAMS 0x000000009cc00000, 0x000000009cc00000| Untracked 
| 461|0x000000009cd00000, 0x000000009cd00000, 0x000000009ce00000|  0%| F|  |TAMS 0x000000009cd00000, 0x000000009cd00000| Untracked 
| 462|0x000000009ce00000, 0x000000009ce00000, 0x000000009cf00000|  0%| F|  |TAMS 0x000000009ce00000, 0x000000009ce00000| Untracked 
| 463|0x000000009cf00000, 0x000000009cf00000, 0x000000009d000000|  0%| F|  |TAMS 0x000000009cf00000, 0x000000009cf00000| Untracked 
| 464|0x000000009d000000, 0x000000009d000000, 0x000000009d100000|  0%| F|  |TAMS 0x000000009d000000, 0x000000009d000000| Untracked 
| 465|0x000000009d100000, 0x000000009d100000, 0x000000009d200000|  0%| F|  |TAMS 0x000000009d100000, 0x000000009d100000| Untracked 
| 466|0x000000009d200000, 0x000000009d200000, 0x000000009d300000|  0%| F|  |TAMS 0x000000009d200000, 0x000000009d200000| Untracked 
| 467|0x000000009d300000, 0x000000009d300000, 0x000000009d400000|  0%| F|  |TAMS 0x000000009d300000, 0x000000009d300000| Untracked 
| 468|0x000000009d400000, 0x000000009d400000, 0x000000009d500000|  0%| F|  |TAMS 0x000000009d400000, 0x000000009d400000| Untracked 
| 469|0x000000009d500000, 0x000000009d500000, 0x000000009d600000|  0%| F|  |TAMS 0x000000009d500000, 0x000000009d500000| Untracked 
| 470|0x000000009d600000, 0x000000009d600000, 0x000000009d700000|  0%| F|  |TAMS 0x000000009d600000, 0x000000009d600000| Untracked 
| 471|0x000000009d700000, 0x000000009d700000, 0x000000009d800000|  0%| F|  |TAMS 0x000000009d700000, 0x000000009d700000| Untracked 
| 472|0x000000009d800000, 0x000000009d800000, 0x000000009d900000|  0%| F|  |TAMS 0x000000009d800000, 0x000000009d800000| Untracked 
| 473|0x000000009d900000, 0x000000009d900000, 0x000000009da00000|  0%| F|  |TAMS 0x000000009d900000, 0x000000009d900000| Untracked 
| 474|0x000000009da00000, 0x000000009da00000, 0x000000009db00000|  0%| F|  |TAMS 0x000000009da00000, 0x000000009da00000| Untracked 
| 475|0x000000009db00000, 0x000000009db00000, 0x000000009dc00000|  0%| F|  |TAMS 0x000000009db00000, 0x000000009db00000| Untracked 
| 476|0x000000009dc00000, 0x000000009dc00000, 0x000000009dd00000|  0%| F|  |TAMS 0x000000009dc00000, 0x000000009dc00000| Untracked 
| 477|0x000000009dd00000, 0x000000009dd00000, 0x000000009de00000|  0%| F|  |TAMS 0x000000009dd00000, 0x000000009dd00000| Untracked 
| 478|0x000000009de00000, 0x000000009de00000, 0x000000009df00000|  0%| F|  |TAMS 0x000000009de00000, 0x000000009de00000| Untracked 
| 479|0x000000009df00000, 0x000000009df00000, 0x000000009e000000|  0%| F|  |TAMS 0x000000009df00000, 0x000000009df00000| Untracked 
| 480|0x000000009e000000, 0x000000009e000000, 0x000000009e100000|  0%| F|  |TAMS 0x000000009e000000, 0x000000009e000000| Untracked 
| 481|0x000000009e100000, 0x000000009e100000, 0x000000009e200000|  0%| F|  |TAMS 0x000000009e100000, 0x000000009e100000| Untracked 
| 482|0x000000009e200000, 0x000000009e200000, 0x000000009e300000|  0%| F|  |TAMS 0x000000009e200000, 0x000000009e200000| Untracked 
| 483|0x000000009e300000, 0x000000009e300000, 0x000000009e400000|  0%| F|  |TAMS 0x000000009e300000, 0x000000009e300000| Untracked 
| 484|0x000000009e400000, 0x000000009e400000, 0x000000009e500000|  0%| F|  |TAMS 0x000000009e400000, 0x000000009e400000| Untracked 
| 485|0x000000009e500000, 0x000000009e500000, 0x000000009e600000|  0%| F|  |TAMS 0x000000009e500000, 0x000000009e500000| Untracked 
| 486|0x000000009e600000, 0x000000009e600000, 0x000000009e700000|  0%| F|  |TAMS 0x000000009e600000, 0x000000009e600000| Untracked 
| 487|0x000000009e700000, 0x000000009e700000, 0x000000009e800000|  0%| F|  |TAMS 0x000000009e700000, 0x000000009e700000| Untracked 
| 488|0x000000009e800000, 0x000000009e800000, 0x000000009e900000|  0%| F|  |TAMS 0x000000009e800000, 0x000000009e800000| Untracked 
| 489|0x000000009e900000, 0x000000009e900000, 0x000000009ea00000|  0%| F|  |TAMS 0x000000009e900000, 0x000000009e900000| Untracked 
| 490|0x000000009ea00000, 0x000000009ea00000, 0x000000009eb00000|  0%| F|  |TAMS 0x000000009ea00000, 0x000000009ea00000| Untracked 
| 491|0x000000009eb00000, 0x000000009eb00000, 0x000000009ec00000|  0%| F|  |TAMS 0x000000009eb00000, 0x000000009eb00000| Untracked 
| 492|0x000000009ec00000, 0x000000009ec00000, 0x000000009ed00000|  0%| F|  |TAMS 0x000000009ec00000, 0x000000009ec00000| Untracked 
| 493|0x000000009ed00000, 0x000000009ed00000, 0x000000009ee00000|  0%| F|  |TAMS 0x000000009ed00000, 0x000000009ed00000| Untracked 

Card table byte_map: [0x000001ccee1b0000,0x000001ccee5b0000] _byte_map_base: 0x000001cceddb0000

Marking Bits (Prev, Next): (CMBitMap*) 0x000001ccd6f3cf80, (CMBitMap*) 0x000001ccd6f3cfc0
 Prev Bits: [0x000001ccee9b0000, 0x000001ccf09b0000)
 Next Bits: [0x000001ccf09b0000, 0x000001ccf29b0000)

Polling page: 0x000001ccd6690000

Metaspace:

Usage:
  Non-class:     99.77 MB used.
      Class:     15.35 MB used.
       Both:    115.12 MB used.

Virtual space:
  Non-class space:      128.00 MB reserved,     100.75 MB ( 79%) committed,  2 nodes.
      Class space:        1.00 GB reserved,      16.38 MB (  2%) committed,  1 nodes.
             Both:        1.12 GB reserved,     117.12 MB ( 10%) committed. 

Chunk freelists:
   Non-Class:  3.28 MB
       Class:  3.44 MB
        Both:  6.73 MB

MaxMetaspaceSize: unlimited
CompressedClassSpaceSize: 1.00 GB
Initial GC threshold: 21.00 MB
Current GC threshold: 118.12 MB
CDS: on
MetaspaceReclaimPolicy: balanced
 - commit_granule_bytes: 65536.
 - commit_granule_words: 8192.
 - virtual_space_node_default_size: 8388608.
 - enlarge_chunks_in_place: 1.
 - new_chunks_are_fully_committed: 0.
 - uncommit_free_chunks: 1.
 - use_allocation_guard: 0.


Internal statistics:

num_allocs_failed_limit: 6.
num_arena_births: 3826.
num_arena_deaths: 0.
num_vsnodes_births: 3.
num_vsnodes_deaths: 0.
num_space_committed: 1874.
num_space_uncommitted: 0.
num_chunks_returned_to_freelist: 6.
num_chunks_taken_from_freelist: 9173.
num_chunk_merges: 6.
num_chunk_splits: 6019.
num_chunks_enlarged: 3857.
num_inconsistent_stats: 0.

CodeHeap 'non-profiled nmethods': size=120000Kb used=12372Kb max_used=12372Kb free=107627Kb
 bounds [0x000001cce6550000, 0x000001cce7170000, 0x000001cceda80000]
CodeHeap 'profiled nmethods': size=120000Kb used=34120Kb max_used=34120Kb free=85879Kb
 bounds [0x000001ccdf020000, 0x000001cce1180000, 0x000001cce6550000]
CodeHeap 'non-nmethods': size=5760Kb used=2489Kb max_used=2539Kb free=3270Kb
 bounds [0x000001ccdea80000, 0x000001ccded20000, 0x000001ccdf020000]
 total_blobs=19112 nmethods=18098 adapters=925
 compilation: enabled
              stopped_count=0, restarted_count=0
 full_count=0

Compilation events (20 events):
Event: 504.223 Thread 0x000001ccf53ab080 nmethod 21944 0x000001cce7164290 code [0x000001cce7164420, 0x000001cce7164528]
Event: 504.237 Thread 0x000001ccf53ab080 21945 %     4       org.gradle.api.internal.artifacts.ivyservice.resolveengine.artifact.ParallelResolveArtifactSet$VisitingSet$StartVisitAction::visitResults @ 10 (43 bytes)
Event: 504.240 Thread 0x000001ccf53ab080 nmethod 21945% 0x000001cce7164690 code [0x000001cce7164840, 0x000001cce7164b38]
Event: 504.248 Thread 0x000001ccf53ab080 21946       4       org.gradle.api.internal.file.AbstractFileResolver::validate (184 bytes)
Event: 504.249 Thread 0x000001ccf53ab080 nmethod 21946 0x000001cce7164e10 code [0x000001cce7164f80, 0x000001cce7165058]
Event: 504.254 Thread 0x000001ccf53c06f0 21947       3       org.gradle.api.internal.provider.AbstractCollectionProperty$FixedSupplier::calculateValue (8 bytes)
Event: 504.254 Thread 0x000001ccf53c06f0 nmethod 21947 0x000001cce116b810 code [0x000001cce116b9e0, 0x000001cce116be28]
Event: 504.255 Thread 0x000001ccf53c06f0 21948       3       sun.rmi.runtime.Log$LoggerLog::log (45 bytes)
Event: 504.258 Thread 0x000001ccf53c06f0 nmethod 21948 0x000001cce116c010 code [0x000001cce116c540, 0x000001cce116f648]
Event: 504.259 Thread 0x000001ccf53c06f0 21949       3       kotlin.ranges.IntRange::<init> (8 bytes)
Event: 504.259 Thread 0x000001ccf53c06f0 nmethod 21949 0x000001cce1170790 code [0x000001cce1170920, 0x000001cce1170a68]
Event: 504.259 Thread 0x000001ccf53c06f0 21950       3       kotlin.ranges.IntProgression::<init> (57 bytes)
Event: 504.259 Thread 0x000001ccf53c06f0 nmethod 21950 0x000001cce1170b10 code [0x000001cce1170ce0, 0x000001cce11710a8]
Event: 504.269 Thread 0x000001ccf53c06f0 21951       3       sun.nio.ch.NioSocketImpl::ensureOpenAndConnected (36 bytes)
Event: 504.269 Thread 0x000001ccf53c06f0 nmethod 21951 0x000001cce1171210 code [0x000001cce11713e0, 0x000001cce11716f8]
Event: 504.270 Thread 0x000001ccf53c06f0 21952       3       sun.nio.ch.IOStatus::okayToRetry (22 bytes)
Event: 504.270 Thread 0x000001ccf53c06f0 nmethod 21952 0x000001cce1171810 code [0x000001cce11719a0, 0x000001cce1171b38]
Event: 504.287 Thread 0x000001ccf53c06f0 21953       3       org.gradle.internal.snapshot.impl.IntegerValueSnapshot::hashCode (5 bytes)
Event: 504.287 Thread 0x000001ccf53c06f0 nmethod 21953 0x000001cce1171c10 code [0x000001cce1171dc0, 0x000001cce1171fe8]
Event: 504.296 Thread 0x000001ccf53ab080 21954       4       org.gradle.api.internal.artifacts.transform.ConsumerProvidedVariantFinder$$Lambda$1051/0x00000008018c6260::apply (20 bytes)

GC Heap History (20 events):
Event: 20.619 GC heap after
{Heap after GC invocations=35 (full 0):
 garbage-first heap   total 505856K, used 125137K [0x0000000080000000, 0x0000000100000000)
  region size 1024K, 8 young (8192K), 8 survivors (8192K)
 Metaspace       used 89412K, committed 91328K, reserved 1179648K
  class space    used 12145K, committed 13120K, reserved 1048576K
}
Event: 23.450 GC heap before
{Heap before GC invocations=35 (full 0):
 garbage-first heap   total 505856K, used 398545K [0x0000000080000000, 0x0000000100000000)
  region size 1024K, 276 young (282624K), 8 survivors (8192K)
 Metaspace       used 89793K, committed 91648K, reserved 1179648K
  class space    used 12172K, committed 13120K, reserved 1048576K
}
Event: 23.490 GC heap after
{Heap after GC invocations=36 (full 0):
 garbage-first heap   total 505856K, used 136207K [0x0000000080000000, 0x0000000100000000)
  region size 1024K, 18 young (18432K), 18 survivors (18432K)
 Metaspace       used 89793K, committed 91648K, reserved 1179648K
  class space    used 12172K, committed 13120K, reserved 1048576K
}
Event: 25.239 GC heap before
{Heap before GC invocations=36 (full 0):
 garbage-first heap   total 505856K, used 400399K [0x0000000080000000, 0x0000000100000000)
  region size 1024K, 277 young (283648K), 18 survivors (18432K)
 Metaspace       used 89829K, committed 91648K, reserved 1179648K
  class space    used 12172K, committed 13120K, reserved 1048576K
}
Event: 25.261 GC heap after
{Heap after GC invocations=37 (full 0):
 garbage-first heap   total 505856K, used 145423K [0x0000000080000000, 0x0000000100000000)
  region size 1024K, 27 young (27648K), 27 survivors (27648K)
 Metaspace       used 89829K, committed 91648K, reserved 1179648K
  class space    used 12172K, committed 13120K, reserved 1048576K
}
Event: 235.688 GC heap before
{Heap before GC invocations=37 (full 0):
 garbage-first heap   total 505856K, used 404495K [0x0000000080000000, 0x0000000100000000)
  region size 1024K, 281 young (287744K), 27 survivors (27648K)
 Metaspace       used 94574K, committed 96448K, reserved 1179648K
  class space    used 12535K, committed 13504K, reserved 1048576K
}
Event: 236.285 GC heap after
{Heap after GC invocations=38 (full 0):
 garbage-first heap   total 505856K, used 162578K [0x0000000080000000, 0x0000000100000000)
  region size 1024K, 31 young (31744K), 31 survivors (31744K)
 Metaspace       used 94574K, committed 96448K, reserved 1179648K
  class space    used 12535K, committed 13504K, reserved 1048576K
}
Event: 237.671 GC heap before
{Heap before GC invocations=38 (full 0):
 garbage-first heap   total 505856K, used 189202K [0x0000000080000000, 0x0000000100000000)
  region size 1024K, 58 young (59392K), 31 survivors (31744K)
 Metaspace       used 94596K, committed 96512K, reserved 1179648K
  class space    used 12535K, committed 13504K, reserved 1048576K
}
Event: 237.768 GC heap after
{Heap after GC invocations=39 (full 0):
 garbage-first heap   total 505856K, used 166370K [0x0000000080000000, 0x0000000100000000)
  region size 1024K, 5 young (5120K), 5 survivors (5120K)
 Metaspace       used 94596K, committed 96512K, reserved 1179648K
  class space    used 12535K, committed 13504K, reserved 1048576K
}
Event: 276.664 GC heap before
{Heap before GC invocations=39 (full 0):
 garbage-first heap   total 505856K, used 409057K [0x0000000080000000, 0x0000000100000000)
  region size 1024K, 240 young (245760K), 5 survivors (5120K)
 Metaspace       used 101141K, committed 103104K, reserved 1179648K
  class space    used 13400K, committed 14400K, reserved 1048576K
}
Event: 277.052 GC heap after
{Heap after GC invocations=40 (full 0):
 garbage-first heap   total 505856K, used 183875K [0x0000000080000000, 0x0000000100000000)
  region size 1024K, 19 young (19456K), 19 survivors (19456K)
 Metaspace       used 101141K, committed 103104K, reserved 1179648K
  class space    used 13400K, committed 14400K, reserved 1048576K
}
Event: 277.153 GC heap before
{Heap before GC invocations=40 (full 0):
 garbage-first heap   total 505856K, used 188995K [0x0000000080000000, 0x0000000100000000)
  region size 1024K, 24 young (24576K), 19 survivors (19456K)
 Metaspace       used 101157K, committed 103104K, reserved 1179648K
  class space    used 13402K, committed 14400K, reserved 1048576K
}
Event: 277.238 GC heap after
{Heap after GC invocations=41 (full 0):
 garbage-first heap   total 505856K, used 185559K [0x0000000080000000, 0x0000000100000000)
  region size 1024K, 2 young (2048K), 2 survivors (2048K)
 Metaspace       used 101157K, committed 103104K, reserved 1179648K
  class space    used 13402K, committed 14400K, reserved 1048576K
}
Event: 288.371 GC heap before
{Heap before GC invocations=41 (full 0):
 garbage-first heap   total 505856K, used 381143K [0x0000000080000000, 0x0000000100000000)
  region size 1024K, 141 young (144384K), 2 survivors (2048K)
 Metaspace       used 116945K, committed 119040K, reserved 1179648K
  class space    used 15675K, committed 16768K, reserved 1048576K
}
Event: 288.398 GC heap after
{Heap after GC invocations=42 (full 0):
 garbage-first heap   total 505856K, used 214543K [0x0000000080000000, 0x0000000100000000)
  region size 1024K, 6 young (6144K), 6 survivors (6144K)
 Metaspace       used 116945K, committed 119040K, reserved 1179648K
  class space    used 15675K, committed 16768K, reserved 1048576K
}
Event: 288.716 GC heap before
{Heap before GC invocations=42 (full 0):
 garbage-first heap   total 505856K, used 245263K [0x0000000080000000, 0x0000000100000000)
  region size 1024K, 7 young (7168K), 6 survivors (6144K)
 Metaspace       used 116945K, committed 119040K, reserved 1179648K
  class space    used 15675K, committed 16768K, reserved 1048576K
}
Event: 288.729 GC heap after
{Heap after GC invocations=43 (full 0):
 garbage-first heap   total 505856K, used 216846K [0x0000000080000000, 0x0000000100000000)
  region size 1024K, 7 young (7168K), 7 survivors (7168K)
 Metaspace       used 116945K, committed 119040K, reserved 1179648K
  class space    used 15675K, committed 16768K, reserved 1048576K
}
Event: 288.753 GC heap before
{Heap before GC invocations=43 (full 0):
 garbage-first heap   total 505856K, used 241422K [0x0000000080000000, 0x0000000100000000)
  region size 1024K, 8 young (8192K), 7 survivors (7168K)
 Metaspace       used 116945K, committed 119040K, reserved 1179648K
  class space    used 15675K, committed 16768K, reserved 1048576K
}
Event: 288.763 GC heap after
{Heap after GC invocations=44 (full 0):
 garbage-first heap   total 505856K, used 216591K [0x0000000080000000, 0x0000000100000000)
  region size 1024K, 6 young (6144K), 6 survivors (6144K)
 Metaspace       used 116945K, committed 119040K, reserved 1179648K
  class space    used 15675K, committed 16768K, reserved 1048576K
}
Event: 504.298 GC heap before
{Heap before GC invocations=44 (full 0):
 garbage-first heap   total 505856K, used 449039K [0x0000000080000000, 0x0000000100000000)
  region size 1024K, 217 young (222208K), 6 survivors (6144K)
 Metaspace       used 117879K, committed 119936K, reserved 1179648K
  class space    used 15717K, committed 16768K, reserved 1048576K
}

Deoptimization events (20 events):
Event: 504.010 Thread 0x000001ccfcc6f570 Uncommon trap: trap_request=0xffffffc6 fr.pc=0x000001cce6cee304 relative=0x00000000000003e4
Event: 504.010 Thread 0x000001ccfcc6f570 Uncommon trap: reason=bimorphic_or_optimized_type_check action=maybe_recompile pc=0x000001cce6cee304 method=kotlin.reflect.jvm.internal.impl.storage.LockBasedStorageManager$LockBasedLazyValue.invoke()Ljava/lang/Object; @ 164 c2
Event: 504.010 Thread 0x000001ccfcc6f570 DEOPT PACKING pc=0x000001cce6cee304 sp=0x0000005086ffa2d0
Event: 504.010 Thread 0x000001ccfcc6f570 DEOPT UNPACKING pc=0x000001ccdead5c23 sp=0x0000005086ffa288 mode 2
Event: 504.011 Thread 0x000001ccfcc6f570 Uncommon trap: trap_request=0xffffffc6 fr.pc=0x000001cce6cee304 relative=0x00000000000003e4
Event: 504.011 Thread 0x000001ccfcc6f570 Uncommon trap: reason=bimorphic_or_optimized_type_check action=maybe_recompile pc=0x000001cce6cee304 method=kotlin.reflect.jvm.internal.impl.storage.LockBasedStorageManager$LockBasedLazyValue.invoke()Ljava/lang/Object; @ 164 c2
Event: 504.011 Thread 0x000001ccfcc6f570 DEOPT PACKING pc=0x000001cce6cee304 sp=0x0000005086ff9f80
Event: 504.011 Thread 0x000001ccfcc6f570 DEOPT UNPACKING pc=0x000001ccdead5c23 sp=0x0000005086ff9f38 mode 2
Event: 504.013 Thread 0x000001ccfcc6f570 Uncommon trap: trap_request=0xffffffc6 fr.pc=0x000001cce6cee304 relative=0x00000000000003e4
Event: 504.013 Thread 0x000001ccfcc6f570 Uncommon trap: reason=bimorphic_or_optimized_type_check action=maybe_recompile pc=0x000001cce6cee304 method=kotlin.reflect.jvm.internal.impl.storage.LockBasedStorageManager$LockBasedLazyValue.invoke()Ljava/lang/Object; @ 164 c2
Event: 504.013 Thread 0x000001ccfcc6f570 DEOPT PACKING pc=0x000001cce6cee304 sp=0x0000005086ff9c30
Event: 504.013 Thread 0x000001ccfcc6f570 DEOPT UNPACKING pc=0x000001ccdead5c23 sp=0x0000005086ff9be8 mode 2
Event: 504.023 Thread 0x000001ccfcc6f570 Uncommon trap: trap_request=0xffffffc6 fr.pc=0x000001cce6cee304 relative=0x00000000000003e4
Event: 504.023 Thread 0x000001ccfcc6f570 Uncommon trap: reason=bimorphic_or_optimized_type_check action=maybe_recompile pc=0x000001cce6cee304 method=kotlin.reflect.jvm.internal.impl.storage.LockBasedStorageManager$LockBasedLazyValue.invoke()Ljava/lang/Object; @ 164 c2
Event: 504.023 Thread 0x000001ccfcc6f570 DEOPT PACKING pc=0x000001cce6cee304 sp=0x0000005086ff98e0
Event: 504.023 Thread 0x000001ccfcc6f570 DEOPT UNPACKING pc=0x000001ccdead5c23 sp=0x0000005086ff9898 mode 2
Event: 504.167 Thread 0x000001ccfcc703e0 Uncommon trap: trap_request=0xffffff76 fr.pc=0x000001cce71609d8 relative=0x0000000000000138
Event: 504.167 Thread 0x000001ccfcc703e0 Uncommon trap: reason=predicate action=maybe_recompile pc=0x000001cce71609d8 method=com.google.common.collect.ImmutableList.copyIntoArray([Ljava/lang/Object;I)I @ 11 c2
Event: 504.167 Thread 0x000001ccfcc703e0 DEOPT PACKING pc=0x000001cce71609d8 sp=0x00000050870fc050
Event: 504.167 Thread 0x000001ccfcc703e0 DEOPT UNPACKING pc=0x000001ccdead5c23 sp=0x00000050870fbff0 mode 2

Classes loaded (20 events):
Event: 288.821 Loading class sun/security/jca/JCAUtil$CachedSecureRandomHolder
Event: 288.821 Loading class sun/security/jca/JCAUtil$CachedSecureRandomHolder done
Event: 288.825 Loading class sun/security/rsa/RSACore$BlindingRandomPair
Event: 288.825 Loading class sun/security/rsa/RSACore$BlindingRandomPair done
Event: 290.707 Loading class java/lang/StackStreamFactory
Event: 290.713 Loading class java/lang/StackStreamFactory done
Event: 290.714 Loading class java/lang/StackWalker$ExtendedOption
Event: 290.715 Loading class java/lang/StackWalker$ExtendedOption done
Event: 290.715 Loading class java/lang/StackStreamFactory$StackFrameTraverser
Event: 290.715 Loading class java/lang/StackStreamFactory$StackFrameTraverser done
Event: 290.715 Loading class java/lang/StackStreamFactory$WalkerState
Event: 290.715 Loading class java/lang/StackStreamFactory$WalkerState done
Event: 290.716 Loading class java/lang/StackStreamFactory$1
Event: 290.716 Loading class java/lang/StackStreamFactory$1 done
Event: 290.716 Loading class java/lang/StackStreamFactory$StackFrameTraverser$StackFrameBuffer
Event: 290.717 Loading class java/lang/StackStreamFactory$FrameBuffer
Event: 290.718 Loading class java/lang/StackStreamFactory$FrameBuffer done
Event: 290.718 Loading class java/lang/StackStreamFactory$StackFrameTraverser$StackFrameBuffer done
Event: 290.720 Loading class java/util/logging/LogRecord
Event: 290.722 Loading class java/util/logging/LogRecord done

Classes unloaded (0 events):
No events

Classes redefined (0 events):
No events

Internal exceptions (20 events):
Event: 287.940 Thread 0x000001ccfcc69060 Exception <a 'java/lang/NoSuchMethodError'{0x0000000096cf4cd0}: 'java.lang.Object java.lang.invoke.DirectMethodHandle$Holder.newInvokeSpecial(java.lang.Object, java.lang.Object, java.lang.Object, java.lang.Object, java.lang.Object, int, java.lang.Object)'> (0x0000000096cf4cd0) 
thrown [s\src\hotspot\share\interpreter\linkResolver.cpp, line 759]
Event: 287.941 Thread 0x000001ccfcc69060 Exception <a 'java/lang/NoSuchMethodError'{0x0000000096cffa20}: 'java.lang.Object java.lang.invoke.Invokers$Holder.linkToTargetMethod(java.lang.Object, java.lang.Object, java.lang.Object, java.lang.Object, int, java.lang.Object, java.lang.Object)'> (0x0000000096cffa20) 
thrown [s\src\hotspot\share\interpreter\linkResolver.cpp, line 759]
Event: 288.005 Thread 0x000001ccfcc69060 Implicit null exception at 0x000001cce6d53d6a to 0x000001cce6d53ddc
Event: 288.012 Thread 0x000001ccfcc69060 Exception <a 'java/lang/NoSuchMethodError'{0x00000000967cd9d8}: 'java.lang.Object java.lang.invoke.DirectMethodHandle$Holder.newInvokeSpecial(java.lang.Object, java.lang.Object, java.lang.Object, java.lang.Object, java.lang.Object, java.lang.Object, java.lang.Object, int)'> (0x00000000967cd9d8) 
thrown [s\src\hotspot\share\interpreter\linkResolver.cpp, line 759]
Event: 288.012 Thread 0x000001ccfcc69060 Exception <a 'java/lang/NoSuchMethodError'{0x00000000967d4170}: 'java.lang.Object java.lang.invoke.DirectMethodHandle$Holder.invokeSpecial(java.lang.Object, java.lang.Object, java.lang.Object, java.lang.Object, java.lang.Object, java.lang.Object, java.lang.Object, java.lang.Object, int)'> (0x00000000967d4170) 
thrown [s\src\hotspot\share\interpreter\linkResolver.cpp, line 759]
Event: 288.013 Thread 0x000001ccfcc69060 Exception <a 'java/lang/NoSuchMethodError'{0x00000000967d9c50}: 'java.lang.Object java.lang.invoke.Invokers$Holder.linkToTargetMethod(java.lang.Object, java.lang.Object, java.lang.Object, java.lang.Object, java.lang.Object, java.lang.Object, int, java.lang.Object)'> (0x00000000967d9c50) 
thrown [s\src\hotspot\share\interpreter\linkResolver.cpp, line 759]
Event: 288.840 Thread 0x000001ccfcc69060 Exception <a 'java/lang/NoSuchMethodError'{0x000000009ec8a0d0}: 'java.lang.Object java.lang.invoke.DirectMethodHandle$Holder.invokeVirtual(java.lang.Object, java.lang.Object, int)'> (0x000000009ec8a0d0) 
thrown [s\src\hotspot\share\interpreter\linkResolver.cpp, line 759]
Event: 289.176 Thread 0x000001cc85694410 Implicit null exception at 0x000001cce6b74974 to 0x000001cce6b74b30
Event: 289.176 Thread 0x000001cc85694410 Exception <a 'sun/nio/fs/WindowsException'{0x000000009eac2798}> (0x000000009eac2798) 
thrown [s\src\hotspot\share\prims\jni.cpp, line 516]
Event: 289.183 Thread 0x000001cc80dd56e0 Exception <a 'sun/nio/fs/WindowsException'{0x000000009ea88c78}> (0x000000009ea88c78) 
thrown [s\src\hotspot\share\prims\jni.cpp, line 516]
Event: 289.183 Thread 0x000001cc80dd56e0 Exception <a 'sun/nio/fs/WindowsException'{0x000000009ea88ed8}> (0x000000009ea88ed8) 
thrown [s\src\hotspot\share\prims\jni.cpp, line 516]
Event: 289.184 Thread 0x000001cc80dd56e0 Exception <a 'sun/nio/fs/WindowsException'{0x000000009ea8a8e0}> (0x000000009ea8a8e0) 
thrown [s\src\hotspot\share\prims\jni.cpp, line 516]
Event: 499.360 Thread 0x000001cc85694410 Exception <a 'sun/nio/fs/WindowsException'{0x000000009ad30980}> (0x000000009ad30980) 
thrown [s\src\hotspot\share\prims\jni.cpp, line 516]
Event: 500.113 Thread 0x000001cc85694410 Exception <a 'sun/nio/fs/WindowsException'{0x0000000099c4f248}> (0x0000000099c4f248) 
thrown [s\src\hotspot\share\prims\jni.cpp, line 516]
Event: 500.216 Thread 0x000001cc85694410 Exception <a 'sun/nio/fs/WindowsException'{0x0000000099ceb768}> (0x0000000099ceb768) 
thrown [s\src\hotspot\share\prims\jni.cpp, line 516]
Event: 500.216 Thread 0x000001cc85694410 Exception <a 'sun/nio/fs/WindowsException'{0x0000000099cec9d0}> (0x0000000099cec9d0) 
thrown [s\src\hotspot\share\prims\jni.cpp, line 516]
Event: 500.216 Thread 0x000001cc85694410 Exception <a 'sun/nio/fs/WindowsException'{0x0000000099cedc88}> (0x0000000099cedc88) 
thrown [s\src\hotspot\share\prims\jni.cpp, line 516]
Event: 500.218 Thread 0x000001cc85694410 Exception <a 'sun/nio/fs/WindowsException'{0x0000000099ceef40}> (0x0000000099ceef40) 
thrown [s\src\hotspot\share\prims\jni.cpp, line 516]
Event: 500.708 Thread 0x000001cc85694410 Exception <a 'sun/nio/fs/WindowsException'{0x00000000994dd638}> (0x00000000994dd638) 
thrown [s\src\hotspot\share\prims\jni.cpp, line 516]
Event: 504.201 Thread 0x000001ccfbc85580 Exception <a 'java/lang/InterruptedException'{0x0000000092380938}> (0x0000000092380938) 
thrown [s\src\hotspot\share\runtime\objectMonitor.cpp, line 1661]

VM Operations (20 events):
Event: 448.996 Executing VM operation: Cleanup done
Event: 494.104 Executing VM operation: Cleanup
Event: 494.242 Executing VM operation: Cleanup done
Event: 496.246 Executing VM operation: Cleanup
Event: 496.250 Executing VM operation: Cleanup done
Event: 498.251 Executing VM operation: Cleanup
Event: 498.260 Executing VM operation: Cleanup done
Event: 499.261 Executing VM operation: Cleanup
Event: 499.261 Executing VM operation: Cleanup done
Event: 500.129 Executing VM operation: ICBufferFull
Event: 500.129 Executing VM operation: ICBufferFull done
Event: 500.536 Executing VM operation: HandshakeAllThreads
Event: 500.542 Executing VM operation: HandshakeAllThreads done
Event: 500.927 Executing VM operation: ICBufferFull
Event: 500.927 Executing VM operation: ICBufferFull done
Event: 502.215 Executing VM operation: ICBufferFull
Event: 502.215 Executing VM operation: ICBufferFull done
Event: 504.009 Executing VM operation: ICBufferFull
Event: 504.009 Executing VM operation: ICBufferFull done
Event: 504.297 Executing VM operation: G1CollectForAllocation

Events (20 events):
Event: 500.712 Thread 0x000001ccfe48e810 Thread added: 0x000001ccfe48e810
Event: 500.714 Thread 0x000001ccfe48ece0 Thread added: 0x000001ccfe48ece0
Event: 500.739 Thread 0x000001ccfe48f680 Thread added: 0x000001ccfe48f680
Event: 500.741 Thread 0x000001ccfe490020 Thread added: 0x000001ccfe490020
Event: 500.741 Thread 0x000001ccfe489640 Thread added: 0x000001ccfe489640
Event: 500.741 Thread 0x000001ccfe490e90 Thread added: 0x000001ccfe490e90
Event: 500.741 Thread 0x000001ccfcc6f570 Thread added: 0x000001ccfcc6f570
Event: 500.741 Thread 0x000001ccfcc703e0 Thread added: 0x000001ccfcc703e0
Event: 500.741 Thread 0x000001ccfcc708b0 Thread added: 0x000001ccfcc708b0
Event: 500.741 Thread 0x000001ccfcc69ed0 Thread added: 0x000001ccfcc69ed0
Event: 500.746 Thread 0x000001ccfcc6d890 Thread added: 0x000001ccfcc6d890
Event: 500.872 Thread 0x000001ccf53e3000 flushing nmethod 0x000001ccdf569190
Event: 501.032 Thread 0x000001ccf53e3000 flushing nmethod 0x000001cce0a01890
Event: 501.032 Thread 0x000001ccf53e3000 flushing nmethod 0x000001cce0a03390
Event: 501.362 Thread 0x000001ccfb68dab0 Thread added: 0x000001ccfb68dab0
Event: 501.839 Thread 0x000001ccfb68dab0 Thread exited: 0x000001ccfb68dab0
Event: 502.003 Thread 0x000001ccfb68dab0 Thread added: 0x000001ccfb68dab0
Event: 503.028 Thread 0x000001ccfb68dab0 Thread exited: 0x000001ccfb68dab0
Event: 504.112 Thread 0x000001ccfbc84240 Thread added: 0x000001ccfbc84240
Event: 504.185 Thread 0x000001ccfbc85580 Thread added: 0x000001ccfbc85580


Dynamic libraries:
0x00007ff60fe30000 - 0x00007ff60fe3e000 	C:\Users\amrhi\.jdks\azul-18.0.2.1\bin\java.exe
0x00007ffe7b2b0000 - 0x00007ffe7b4c7000 	C:\WINDOWS\SYSTEM32\ntdll.dll
0x00007ffe7a260000 - 0x00007ffe7a324000 	C:\WINDOWS\System32\KERNEL32.DLL
0x00007ffe78a30000 - 0x00007ffe78ddd000 	C:\WINDOWS\System32\KERNELBASE.dll
0x00007ffe78850000 - 0x00007ffe78961000 	C:\WINDOWS\System32\ucrtbase.dll
0x00007ffe12c00000 - 0x00007ffe12c1b000 	C:\Users\amrhi\.jdks\azul-18.0.2.1\bin\VCRUNTIME140.dll
0x00007ffe0b8d0000 - 0x00007ffe0b8e7000 	C:\Users\amrhi\.jdks\azul-18.0.2.1\bin\jli.dll
0x00007ffe7a4b0000 - 0x00007ffe7a65e000 	C:\WINDOWS\System32\USER32.dll
0x00007ffe5bf70000 - 0x00007ffe5c203000 	C:\WINDOWS\WinSxS\amd64_microsoft.windows.common-controls_6595b64144ccf1df_6.0.22621.3672_none_2713b9d173822955\COMCTL32.dll
0x00007ffe78820000 - 0x00007ffe78846000 	C:\WINDOWS\System32\win32u.dll
0x00007ffe7a100000 - 0x00007ffe7a1a7000 	C:\WINDOWS\System32\msvcrt.dll
0x00007ffe794e0000 - 0x00007ffe79509000 	C:\WINDOWS\System32\GDI32.dll
0x00007ffe78700000 - 0x00007ffe78819000 	C:\WINDOWS\System32\gdi32full.dll
0x00007ffe785e0000 - 0x00007ffe7867a000 	C:\WINDOWS\System32\msvcp_win.dll
0x00007ffe79610000 - 0x00007ffe79641000 	C:\WINDOWS\System32\IMM32.DLL
0x00007ffe3f030000 - 0x00007ffe3f03c000 	C:\Users\amrhi\.jdks\azul-18.0.2.1\bin\vcruntime140_1.dll
0x00007ffdf3b70000 - 0x00007ffdf3bfd000 	C:\Users\amrhi\.jdks\azul-18.0.2.1\bin\msvcp140.dll
0x00007ffdf2ed0000 - 0x00007ffdf3b70000 	C:\Users\amrhi\.jdks\azul-18.0.2.1\bin\server\jvm.dll
0x00007ffe7b070000 - 0x00007ffe7b122000 	C:\WINDOWS\System32\ADVAPI32.dll
0x00007ffe7a1b0000 - 0x00007ffe7a259000 	C:\WINDOWS\System32\sechost.dll
0x00007ffe78de0000 - 0x00007ffe78e08000 	C:\WINDOWS\System32\bcrypt.dll
0x00007ffe7b150000 - 0x00007ffe7b264000 	C:\WINDOWS\System32\RPCRT4.dll
0x00007ffe79eb0000 - 0x00007ffe79eb8000 	C:\WINDOWS\System32\PSAPI.DLL
0x00007ffe55c40000 - 0x00007ffe55c49000 	C:\WINDOWS\SYSTEM32\WSOCK32.dll
0x00007ffe6d6e0000 - 0x00007ffe6d6ea000 	C:\WINDOWS\SYSTEM32\VERSION.dll
0x00007ffe6fe10000 - 0x00007ffe6fe44000 	C:\WINDOWS\SYSTEM32\WINMM.dll
0x00007ffe79200000 - 0x00007ffe79271000 	C:\WINDOWS\System32\WS2_32.dll
0x00007ffe77700000 - 0x00007ffe77718000 	C:\WINDOWS\SYSTEM32\kernel.appcore.dll
0x00007ffe3cad0000 - 0x00007ffe3cada000 	C:\Users\amrhi\.jdks\azul-18.0.2.1\bin\jimage.dll
0x00007ffe75f00000 - 0x00007ffe76132000 	C:\WINDOWS\SYSTEM32\DBGHELP.DLL
0x00007ffe7a660000 - 0x00007ffe7a9e8000 	C:\WINDOWS\System32\combase.dll
0x00007ffe7a9f0000 - 0x00007ffe7aac7000 	C:\WINDOWS\System32\OLEAUT32.dll
0x00007ffe6c000000 - 0x00007ffe6c032000 	C:\WINDOWS\SYSTEM32\dbgcore.DLL
0x00007ffe78680000 - 0x00007ffe786fb000 	C:\WINDOWS\System32\bcryptPrimitives.dll
0x00007ffe0b020000 - 0x00007ffe0b045000 	C:\Users\amrhi\.jdks\azul-18.0.2.1\bin\java.dll
0x00007ffdf2df0000 - 0x00007ffdf2ec7000 	C:\Users\amrhi\.jdks\azul-18.0.2.1\bin\jsvml.dll
0x00007ffe79650000 - 0x00007ffe79eaf000 	C:\WINDOWS\System32\SHELL32.dll
0x00007ffe76530000 - 0x00007ffe76e2c000 	C:\WINDOWS\SYSTEM32\windows.storage.dll
0x00007ffe763f0000 - 0x00007ffe7652f000 	C:\WINDOWS\SYSTEM32\wintypes.dll
0x00007ffe79510000 - 0x00007ffe79604000 	C:\WINDOWS\System32\SHCORE.dll
0x00007ffe79ec0000 - 0x00007ffe79f1e000 	C:\WINDOWS\System32\shlwapi.dll
0x00007ffe78510000 - 0x00007ffe78531000 	C:\WINDOWS\SYSTEM32\profapi.dll
0x00007ffe0a6c0000 - 0x00007ffe0a6d3000 	C:\Users\amrhi\.jdks\azul-18.0.2.1\bin\net.dll
0x00007ffe71720000 - 0x00007ffe71856000 	C:\WINDOWS\SYSTEM32\WINHTTP.dll
0x00007ffe77b70000 - 0x00007ffe77bd9000 	C:\WINDOWS\system32\mswsock.dll
0x00007ffe0a130000 - 0x00007ffe0a146000 	C:\Users\amrhi\.jdks\azul-18.0.2.1\bin\nio.dll
0x00007ffe0b000000 - 0x00007ffe0b018000 	C:\Users\amrhi\.jdks\azul-18.0.2.1\bin\zip.dll
0x00007ffe0b0f0000 - 0x00007ffe0b100000 	C:\Users\amrhi\.jdks\azul-18.0.2.1\bin\verify.dll
0x00007ffe5ba10000 - 0x00007ffe5ba37000 	C:\Users\amrhi\.gradle\native\e1d6ef7f7dcc3fd88c89a11ec53ec762bb8ba0a96d01ffa2cd45eb1d1d8dd5c5\windows-amd64\native-platform.dll
0x00007ffe2f920000 - 0x00007ffe2fa64000 	C:\Users\amrhi\.gradle\native\0d407fdbe67a94daf76414ababcb853783967236a71b16ec16e742cd7a986fd3\windows-amd64\native-platform-file-events.dll
0x00007ffe09eb0000 - 0x00007ffe09eb9000 	C:\Users\amrhi\.jdks\azul-18.0.2.1\bin\management.dll
0x00007ffdf2c90000 - 0x00007ffdf2c9b000 	C:\Users\amrhi\.jdks\azul-18.0.2.1\bin\management_ext.dll
0x00007ffe77dd0000 - 0x00007ffe77deb000 	C:\WINDOWS\SYSTEM32\CRYPTSP.dll
0x00007ffe77660000 - 0x00007ffe77695000 	C:\WINDOWS\system32\rsaenh.dll
0x00007ffe77c70000 - 0x00007ffe77c98000 	C:\WINDOWS\SYSTEM32\USERENV.dll
0x00007ffe77df0000 - 0x00007ffe77dfc000 	C:\WINDOWS\SYSTEM32\CRYPTBASE.dll
0x00007ffe77110000 - 0x00007ffe7713d000 	C:\WINDOWS\SYSTEM32\IPHLPAPI.DLL
0x00007ffe79470000 - 0x00007ffe79479000 	C:\WINDOWS\System32\NSI.dll
0x00007ffe71650000 - 0x00007ffe71669000 	C:\WINDOWS\SYSTEM32\dhcpcsvc6.DLL
0x00007ffe71630000 - 0x00007ffe7164f000 	C:\WINDOWS\SYSTEM32\dhcpcsvc.DLL
0x00007ffe77180000 - 0x00007ffe77278000 	C:\WINDOWS\SYSTEM32\DNSAPI.dll
0x00007ffe49c30000 - 0x00007ffe49c47000 	C:\WINDOWS\system32\napinsp.dll
0x00007ffe49c00000 - 0x00007ffe49c1b000 	C:\WINDOWS\system32\pnrpnsp.dll
0x00007ffe49be0000 - 0x00007ffe49bf1000 	C:\WINDOWS\System32\winrnr.dll
0x00007ffe6fb40000 - 0x00007ffe6fb55000 	C:\WINDOWS\system32\wshbth.dll
0x00007ffe49bb0000 - 0x00007ffe49bd7000 	C:\WINDOWS\system32\nlansp_c.dll
0x00007ffe71570000 - 0x00007ffe7157a000 	C:\Windows\System32\rasadhlp.dll
0x00007ffe6fb60000 - 0x00007ffe6fbe3000 	C:\WINDOWS\System32\fwpuclnt.dll
0x00007ffe47600000 - 0x00007ffe4761e000 	C:\Users\amrhi\AppData\Local\Temp\native-platform12369879232945169205dir\native-platform.dll
0x00007ffe49660000 - 0x00007ffe49667000 	C:\Users\amrhi\.jdks\azul-18.0.2.1\bin\rmi.dll
0x00007ffdecf90000 - 0x00007ffdecf9e000 	C:\Users\amrhi\.jdks\azul-18.0.2.1\bin\sunmscapi.dll
0x00007ffe78e10000 - 0x00007ffe78f77000 	C:\WINDOWS\System32\CRYPT32.dll
0x00007ffe77f90000 - 0x00007ffe77fbe000 	C:\WINDOWS\SYSTEM32\ncrypt.dll
0x00007ffe77f50000 - 0x00007ffe77f87000 	C:\WINDOWS\SYSTEM32\NTASN1.dll

dbghelp: loaded successfully - version: 4.0.5 - missing functions: none
symbol engine: initialized successfully - sym options: 0x614 - pdb path: .;C:\Users\amrhi\.jdks\azul-18.0.2.1\bin;C:\WINDOWS\SYSTEM32;C:\WINDOWS\WinSxS\amd64_microsoft.windows.common-controls_6595b64144ccf1df_6.0.22621.3672_none_2713b9d173822955;C:\Users\amrhi\.jdks\azul-18.0.2.1\bin\server;C:\Users\amrhi\.gradle\native\e1d6ef7f7dcc3fd88c89a11ec53ec762bb8ba0a96d01ffa2cd45eb1d1d8dd5c5\windows-amd64;C:\Users\amrhi\.gradle\native\0d407fdbe67a94daf76414ababcb853783967236a71b16ec16e742cd7a986fd3\windows-amd64;C:\Users\amrhi\AppData\Local\Temp\native-platform12369879232945169205dir

VM Arguments:
jvm_args: --add-opens=java.base/java.util=ALL-UNNAMED --add-opens=java.base/java.lang=ALL-UNNAMED --add-opens=java.base/java.lang.invoke=ALL-UNNAMED --add-opens=java.base/java.util=ALL-UNNAMED --add-opens=java.prefs/java.util.prefs=ALL-UNNAMED --add-opens=java.prefs/java.util.prefs=ALL-UNNAMED --add-opens=java.base/java.nio.charset=ALL-UNNAMED --add-opens=java.base/java.net=ALL-UNNAMED --add-opens=java.base/java.util.concurrent.atomic=ALL-UNNAMED -Xmx2048m -Dfile.encoding=UTF-8 -Duser.country=US -Duser.language=en -Duser.variant 
java_command: org.gradle.launcher.daemon.bootstrap.GradleDaemon 7.5
java_class_path (initial): C:\Users\amrhi\.gradle\wrapper\dists\gradle-7.5-bin\f1w0cc9nuo0eivz97x2xlu9sv\gradle-7.5\lib\gradle-launcher-7.5.jar
Launcher Type: SUN_STANDARD

[Global flags]
     intx CICompilerCount                          = 4                                         {product} {ergonomic}
     uint ConcGCThreads                            = 2                                         {product} {ergonomic}
     uint G1ConcRefinementThreads                  = 8                                         {product} {ergonomic}
   size_t G1HeapRegionSize                         = 1048576                                   {product} {ergonomic}
    uintx GCDrainStackTargetSize                   = 64                                        {product} {ergonomic}
   size_t InitialHeapSize                          = 130023424                                 {product} {ergonomic}
   size_t MarkStackSize                            = 4194304                                   {product} {ergonomic}
   size_t MaxHeapSize                              = 2147483648                                {product} {command line}
   size_t MaxNewSize                               = 1287651328                                {product} {ergonomic}
   size_t MinHeapDeltaBytes                        = 1048576                                   {product} {ergonomic}
   size_t MinHeapSize                              = 8388608                                   {product} {ergonomic}
    uintx NonNMethodCodeHeapSize                   = 5839372                                {pd product} {ergonomic}
    uintx NonProfiledCodeHeapSize                  = 122909434                              {pd product} {ergonomic}
    uintx ProfiledCodeHeapSize                     = 122909434                              {pd product} {ergonomic}
    uintx ReservedCodeCacheSize                    = 251658240                              {pd product} {ergonomic}
     bool SegmentedCodeCache                       = true                                      {product} {ergonomic}
   size_t SoftMaxHeapSize                          = 2147483648                             {manageable} {ergonomic}
     bool UseCompressedClassPointers               = true                           {product lp64_product} {ergonomic}
     bool UseCompressedOops                        = true                           {product lp64_product} {ergonomic}
     bool UseG1GC                                  = true                                      {product} {ergonomic}
     bool UseLargePagesIndividualAllocation        = false                                  {pd product} {ergonomic}

Logging:
Log output configuration:
 #0: stdout all=warning uptime,level,tags foldmultilines=false
 #1: stderr all=off uptime,level,tags foldmultilines=false

Environment Variables:
PATH=C:\Program Files (x86)\Common Files\Intel\Shared Files\fortran\bin\Intel64;C:\Program Files (x86)\Common Files\Intel\Shared Libraries\redist\intel64_win\mpirt;C:\Program Files (x86)\Common Files\Intel\Shared Libraries\redist\intel64_win\compiler;C:\Program Files (x86)\Common Files\Oracle\Java\javapath;C:\Windows\system32;C:\Windows;C:\Windows\System32\Wbem;C:\Windows\System32\WindowsPowerShell\v1.0\;C:\Windows\System32\OpenSSH\;C:\Program Files (x86)\NVIDIA Corporation\PhysX\Common;C:\Program Files\NVIDIA Corporation\NVIDIA NvDLISR;C:\WINDOWS\system32;C:\WINDOWS;C:\WINDOWS\System32\Wbem;C:\WINDOWS\System32\WindowsPowerShell\v1.0\;C:\WINDOWS\System32\OpenSSH\;C:\Program Files\Microsoft SQL Server\110\Tools\Binn\;C:\Program Files\Git\cmd;C:\Program Files\MySQL\MySQL Shell 8.0\bin\;C:\Users\amrhi\AppData\Local\Microsoft\WindowsApps;
USERNAME=amrhi
OS=Windows_NT
PROCESSOR_IDENTIFIER=Intel64 Family 6 Model 140 Stepping 1, GenuineIntel



---------------  S Y S T E M  ---------------

OS:
 Windows 11 , 64 bit Build 22621 (10.0.22621.3672)
OS uptime: 0 days 0:12 hours

CPU: total 8 (initial active 8) (4 cores per cpu, 2 threads per core) family 6 model 140 stepping 1 microcode 0x86, cx8, cmov, fxsr, ht, mmx, 3dnowpref, sse, sse2, sse3, ssse3, sse4.1, sse4.2, popcnt, lzcnt, tsc, tscinvbit, avx, avx2, aes, erms, clmul, bmi1, bmi2, adx, avx512f, avx512dq, avx512cd, avx512bw, avx512vl, sha, fma, vzeroupper, avx512_vpopcntdq, avx512_vpclmulqdq, avx512_vaes, avx512_vnni, clflush, clflushopt, clwb, avx512_vbmi2, avx512_vbmi

Memory: 4k page, system-wide physical 7886M (382M free)
TotalPageFile size 22172M (AvailPageFile size 400M)
current process WorkingSet (physical memory assigned to process): 489M, peak: 585M
current process commit charge ("private bytes"): 874M, peak: 1294M

vm_info: OpenJDK 64-Bit Server VM (18.0.2.1+1) for windows-amd64 JRE (18.0.2.1+1) (Zulu18.32+13-CA), built on Aug 23 2022 15:53:35 by "zulu_re" with MS VC++ 16.10 / 16.11 (VS2019)

END.
