#
# There is insufficient memory for the Java Runtime Environment to continue.
# Native memory allocation (mmap) failed to map 16777216 bytes for G1 virtual space
# Possible reasons:
#   The system is out of physical RAM or swap space
#   The process is running with CompressedOops enabled, and the Java Heap may be blocking the growth of the native heap
# Possible solutions:
#   Reduce memory load on the system
#   Increase physical memory or swap space
#   Check if swap backing store is full
#   Decrease Java heap size (-Xmx/-Xms)
#   Decrease number of Java threads
#   Decrease Java thread stack sizes (-Xss)
#   Set larger code cache with -XX:ReservedCodeCacheSize=
#   JVM is running with Unscaled Compressed Oops mode in which the Java heap is
#     placed in the first 4GB address space. The Java Heap base address is the
#     maximum limit for the native heap growth. Please use -XX:HeapBaseMinAddress
#     to set the Java Heap base and to place the Java Heap above 4GB virtual address.
# This output file may be truncated or incomplete.
#
#  Out of Memory Error (os_windows.cpp:3530), pid=18336, tid=1220
#
# JRE version: OpenJDK Runtime Environment Zulu18.32+13-CA (18.0.2.1+1) (build 18.0.2.1+1)
# Java VM: OpenJDK 64-Bit Server VM Zulu18.32+13-CA (18.0.2.1+1, mixed mode, sharing, tiered, compressed oops, compressed class ptrs, g1 gc, windows-amd64)
# No core dump will be written. Minidumps are not enabled by default on client versions of Windows
#

---------------  S U M M A R Y ------------

Command Line: --add-opens=java.base/java.util=ALL-UNNAMED --add-opens=java.base/java.lang=ALL-UNNAMED --add-opens=java.base/java.lang.invoke=ALL-UNNAMED --add-opens=java.base/java.util=ALL-UNNAMED --add-opens=java.prefs/java.util.prefs=ALL-UNNAMED --add-opens=java.prefs/java.util.prefs=ALL-UNNAMED --add-opens=java.base/java.nio.charset=ALL-UNNAMED --add-opens=java.base/java.net=ALL-UNNAMED --add-opens=java.base/java.util.concurrent.atomic=ALL-UNNAMED -Xmx2048m -Dfile.encoding=UTF-8 -Duser.country=US -Duser.language=en -Duser.variant org.gradle.launcher.daemon.bootstrap.GradleDaemon 7.5

Host: 11th Gen Intel(R) Core(TM) i5-1135G7 @ 2.40GHz, 8 cores, 7G,  Windows 11 , 64 bit Build 22621 (10.0.22621.3672)
Time: Fri Jul 12 11:36:08 2024 Egypt Daylight Time elapsed time: 17.963880 seconds (0d 0h 0m 17s)

---------------  T H R E A D  ---------------

Current thread (0x0000017dd4c3df70):  VMThread "VM Thread" [stack: 0x0000006508e00000,0x0000006508f00000] [id=1220]

Stack: [0x0000006508e00000,0x0000006508f00000]
Native frames: (J=compiled Java code, j=interpreted, Vv=VM code, C=native code)
V  [jvm.dll+0x69ea0a]
V  [jvm.dll+0x84dfbd]
V  [jvm.dll+0x84f8ce]
V  [jvm.dll+0x84ff83]
V  [jvm.dll+0x25fa1f]
V  [jvm.dll+0x69b959]
V  [jvm.dll+0x69048a]
V  [jvm.dll+0x32579b]
V  [jvm.dll+0x32d0e6]
V  [jvm.dll+0x381cae]
V  [jvm.dll+0x381edf]
V  [jvm.dll+0x2fd48a]
V  [jvm.dll+0x300286]
V  [jvm.dll+0x30a785]
V  [jvm.dll+0x33f8f0]
V  [jvm.dll+0x854d6b]
V  [jvm.dll+0x855b04]
V  [jvm.dll+0x85603d]
V  [jvm.dll+0x856494]
V  [jvm.dll+0x856557]
V  [jvm.dll+0x7fa6da]
V  [jvm.dll+0x69d8b5]
C  [ucrtbase.dll+0x29333]
C  [KERNEL32.DLL+0x1257d]
C  [ntdll.dll+0x5af28]

VM_Operation (0x0000006508aff490): G1Concurrent, mode: safepoint, requested by thread 0x0000017db48593e0


---------------  P R O C E S S  ---------------

Threads class SMR info:
_java_thread_list=0x0000017ddfa13e60, length=139, elements={
0x0000017db47ea960, 0x0000017dd4c445a0, 0x0000017dd4c44f40, 0x0000017dd4c65930,
0x0000017dd4c662d0, 0x0000017dd4c66c70, 0x0000017dd4c67610, 0x0000017dd4c69200,
0x0000017dd4c69af0, 0x0000017dd4c6e400, 0x0000017dd90bcb90, 0x0000017dd90c0cb0,
0x0000017dda55fab0, 0x0000017ddabf8330, 0x0000017dda5eeeb0, 0x0000017dda8f7d20,
0x0000017dda8f81e0, 0x0000017dd9d349c0, 0x0000017dd9d34e80, 0x0000017dda42e340,
0x0000017dda368ae0, 0x0000017dda3672d0, 0x0000017dda3655f0, 0x0000017dda365ac0,
0x0000017dda365f90, 0x0000017dda366460, 0x0000017dda368140, 0x0000017dda366930,
0x0000017dda366e00, 0x0000017dda3677a0, 0x0000017dda367c70, 0x0000017ddc63fc40,
0x0000017ddc641df0, 0x0000017ddc63d5c0, 0x0000017ddc63c750, 0x0000017ddc63da90,
0x0000017ddc6405e0, 0x0000017ddc642c60, 0x0000017ddc63f2a0, 0x0000017ddc63df60,
0x0000017ddc640ab0, 0x0000017ddc640f80, 0x0000017ddc63f770, 0x0000017ddc641920,
0x0000017ddc643130, 0x0000017ddc641450, 0x0000017ddc6422c0, 0x0000017ddc63bdb0,
0x0000017ddc63c280, 0x0000017ddc63cc20, 0x0000017ddc63d0f0, 0x0000017ddd43d3b0,
0x0000017ddd43c540, 0x0000017ddd43cee0, 0x0000017ddd441be0, 0x0000017ddd43ca10,
0x0000017ddd43ebc0, 0x0000017ddd4420b0, 0x0000017ddd43d880, 0x0000017ddd442580,
0x0000017ddd442a50, 0x0000017ddd43dd50, 0x0000017ddd43f090, 0x0000017ddd43e220,
0x0000017ddd441240, 0x0000017ddd442f20, 0x0000017ddd4408a0, 0x0000017ddd43e6f0,
0x0000017ddd440d70, 0x0000017ddd43f560, 0x0000017ddd43fa30, 0x0000017ddd441710,
0x0000017ddd4438c0, 0x0000017ddd43ff00, 0x0000017ddd4403d0, 0x0000017ddd4433f0,
0x0000017ddd43c070, 0x0000017ddd7dbd60, 0x0000017ddd7df720, 0x0000017ddd7dcbd0,
0x0000017ddd7db890, 0x0000017ddd7de3e0, 0x0000017ddd7ddf10, 0x0000017ddd7dda40,
0x0000017ddd7e00c0, 0x0000017ddd7da550, 0x0000017ddd7da080, 0x0000017ddd7e0a60,
0x0000017ddd7e0590, 0x0000017ddd7daa20, 0x0000017ddd7e1400, 0x0000017ddd7e18d0,
0x0000017ddd7de8b0, 0x0000017ddd7dfbf0, 0x0000017ddd7e0f30, 0x0000017ddd7daef0,
0x0000017ddd7dc230, 0x0000017ddd7db3c0, 0x0000017ddd7ded80, 0x0000017ddd7dc700,
0x0000017ddd7df250, 0x0000017ddd7dd0a0, 0x0000017ddd7dd570, 0x0000017dddcece80,
0x0000017dddcea800, 0x0000017dddce9990, 0x0000017dddcebb40, 0x0000017dddced350,
0x0000017dddcec4e0, 0x0000017dddcec9b0, 0x0000017dddceacd0, 0x0000017dddce9e60,
0x0000017dddcea330, 0x0000017dddceb1a0, 0x0000017dddceb670, 0x0000017dddcec010,
0x0000017dddcdb7a0, 0x0000017dddcdc140, 0x0000017dddcdcae0, 0x0000017dddcdc610,
0x0000017dddcdcfb0, 0x0000017dddcda930, 0x0000017dddcdd480, 0x0000017dddcdbc70,
0x0000017dddcdde20, 0x0000017dddcdb2d0, 0x0000017ddd86bc60, 0x0000017ddd866a90,
0x0000017ddd86b790, 0x0000017ddd867430, 0x0000017ddd869ab0, 0x0000017ddd869f80,
0x0000017ddd866f60, 0x0000017ddd86a920, 0x0000017ddd86b2c0, 0x0000017ddd867dd0,
0x0000017ddd8682a0, 0x0000017ddd869110, 0x0000017ddfb41fb0
}

Java Threads: ( => current thread )
  0x0000017db47ea960 JavaThread "main" [_thread_blocked, id=1708, stack(0x0000006508800000,0x0000006508900000)]
  0x0000017dd4c445a0 JavaThread "Reference Handler" daemon [_thread_blocked, id=12080, stack(0x0000006508f00000,0x0000006509000000)]
  0x0000017dd4c44f40 JavaThread "Finalizer" daemon [_thread_blocked, id=6868, stack(0x0000006509000000,0x0000006509100000)]
  0x0000017dd4c65930 JavaThread "Signal Dispatcher" daemon [_thread_blocked, id=12920, stack(0x0000006509100000,0x0000006509200000)]
  0x0000017dd4c662d0 JavaThread "Attach Listener" daemon [_thread_blocked, id=2012, stack(0x0000006509200000,0x0000006509300000)]
  0x0000017dd4c66c70 JavaThread "Service Thread" daemon [_thread_blocked, id=8956, stack(0x0000006509300000,0x0000006509400000)]
  0x0000017dd4c67610 JavaThread "Monitor Deflation Thread" daemon [_thread_blocked, id=1632, stack(0x0000006509400000,0x0000006509500000)]
  0x0000017dd4c69200 JavaThread "C2 CompilerThread0" daemon [_thread_blocked, id=16024, stack(0x0000006509500000,0x0000006509600000)]
  0x0000017dd4c69af0 JavaThread "C1 CompilerThread0" daemon [_thread_blocked, id=11632, stack(0x0000006509600000,0x0000006509700000)]
  0x0000017dd4c6e400 JavaThread "Sweeper thread" daemon [_thread_blocked, id=16104, stack(0x0000006509700000,0x0000006509800000)]
  0x0000017dd90bcb90 JavaThread "Common-Cleaner" daemon [_thread_blocked, id=10264, stack(0x0000006509800000,0x0000006509900000)]
  0x0000017dd90c0cb0 JavaThread "Notification Thread" daemon [_thread_blocked, id=5652, stack(0x0000006509900000,0x0000006509a00000)]
  0x0000017dda55fab0 JavaThread "Daemon health stats" [_thread_blocked, id=10976, stack(0x000000650a000000,0x000000650a100000)]
  0x0000017ddabf8330 JavaThread "Incoming local TCP Connector on port 59771" [_thread_in_native, id=10636, stack(0x000000650a100000,0x000000650a200000)]
  0x0000017dda5eeeb0 JavaThread "Daemon periodic checks" [_thread_blocked, id=5404, stack(0x000000650a200000,0x000000650a300000)]
  0x0000017dda8f7d20 JavaThread "Daemon" [_thread_blocked, id=12284, stack(0x000000650a300000,0x000000650a400000)]
  0x0000017dda8f81e0 JavaThread "Handler for socket connection from /127.0.0.1:59771 to /127.0.0.1:59772" [_thread_in_native, id=12732, stack(0x000000650a400000,0x000000650a500000)]
  0x0000017dd9d349c0 JavaThread "Cancel handler" [_thread_blocked, id=16988, stack(0x000000650a500000,0x000000650a600000)]
  0x0000017dd9d34e80 JavaThread "Daemon worker" [_thread_blocked, id=12400, stack(0x000000650a600000,0x000000650a700000)]
  0x0000017dda42e340 JavaThread "Asynchronous log dispatcher for DefaultDaemonConnection: socket connection from /127.0.0.1:59771 to /127.0.0.1:59772" [_thread_blocked, id=15904, stack(0x000000650a700000,0x000000650a800000)]
  0x0000017dda368ae0 JavaThread "Stdin handler" [_thread_blocked, id=8848, stack(0x000000650a800000,0x000000650a900000)]
  0x0000017dda3672d0 JavaThread "Daemon client event forwarder" [_thread_blocked, id=18316, stack(0x000000650a900000,0x000000650aa00000)]
  0x0000017dda3655f0 JavaThread "Cache worker for journal cache (C:\Users\amrhi\.gradle\caches\journal-1)" [_thread_blocked, id=284, stack(0x000000650aa00000,0x000000650ab00000)]
  0x0000017dda365ac0 JavaThread "File lock request listener" [_thread_in_native, id=2028, stack(0x000000650ab00000,0x000000650ac00000)]
  0x0000017dda365f90 JavaThread "Cache worker for file hash cache (C:\Users\amrhi\.gradle\caches\7.5\fileHashes)" [_thread_blocked, id=10752, stack(0x000000650ac00000,0x000000650ad00000)]
  0x0000017dda366460 JavaThread "File watcher server" daemon [_thread_blocked, id=13076, stack(0x000000650b100000,0x000000650b200000)]
  0x0000017dda368140 JavaThread "File watcher consumer" daemon [_thread_blocked, id=14900, stack(0x000000650b200000,0x000000650b300000)]
  0x0000017dda366930 JavaThread "Cache worker for checksums cache (C:\Users\amrhi\AndroidStudioProjects\Important Projects\UncleJacks\.gradle\7.5\checksums)" [_thread_blocked, id=1216, stack(0x000000650b300000,0x000000650b400000)]
  0x0000017dda366e00 JavaThread "Cache worker for cache directory md-rule (C:\Users\amrhi\.gradle\caches\7.5\md-rule)" [_thread_blocked, id=15328, stack(0x000000650b400000,0x000000650b500000)]
  0x0000017dda3677a0 JavaThread "Cache worker for file content cache (C:\Users\amrhi\.gradle\caches\7.5\fileContent)" [_thread_blocked, id=12396, stack(0x000000650b500000,0x000000650b600000)]
  0x0000017dda367c70 JavaThread "Cache worker for file hash cache (C:\Users\amrhi\AndroidStudioProjects\Important Projects\UncleJacks\.gradle\7.5\fileHashes)" [_thread_blocked, id=18060, stack(0x000000650b700000,0x000000650b800000)]
  0x0000017ddc63fc40 JavaThread "Cache worker for cache directory md-supplier (C:\Users\amrhi\.gradle\caches\7.5\md-supplier)" [_thread_blocked, id=11532, stack(0x000000650b800000,0x000000650b900000)]
  0x0000017ddc641df0 JavaThread "Cache worker for execution history cache (C:\Users\amrhi\.gradle\caches\7.5\executionHistory)" [_thread_blocked, id=9076, stack(0x000000650b900000,0x000000650ba00000)]
  0x0000017ddc63d5c0 JavaThread "jar transforms" [_thread_blocked, id=12496, stack(0x000000650ba00000,0x000000650bb00000)]
  0x0000017ddc63c750 JavaThread "jar transforms Thread 2" [_thread_blocked, id=16084, stack(0x000000650bb00000,0x000000650bc00000)]
  0x0000017ddc63da90 JavaThread "Cache worker for dependencies-accessors (C:\Users\amrhi\AndroidStudioProjects\Important Projects\UncleJacks\.gradle\7.5\dependencies-accessors)" [_thread_blocked, id=6020, stack(0x000000650bc00000,0x000000650bd00000)]
  0x0000017ddc6405e0 JavaThread "jar transforms Thread 3" [_thread_blocked, id=8876, stack(0x000000650bd00000,0x000000650be00000)]
  0x0000017ddc642c60 JavaThread "Cache worker for Build Output Cleanup Cache (C:\Users\amrhi\AndroidStudioProjects\Important Projects\UncleJacks\.gradle\buildOutputCleanup)" [_thread_blocked, id=9672, stack(0x000000650be00000,0x000000650bf00000)]
  0x0000017ddc63f2a0 JavaThread "Unconstrained build operations" [_thread_blocked, id=1248, stack(0x000000650bf00000,0x000000650c000000)]
  0x0000017ddc63df60 JavaThread "Unconstrained build operations Thread 2" [_thread_blocked, id=10892, stack(0x000000650c000000,0x000000650c100000)]
  0x0000017ddc640ab0 JavaThread "Unconstrained build operations Thread 3" [_thread_blocked, id=10716, stack(0x000000650c100000,0x000000650c200000)]
  0x0000017ddc640f80 JavaThread "Unconstrained build operations Thread 4" [_thread_blocked, id=9588, stack(0x000000650c200000,0x000000650c300000)]
  0x0000017ddc63f770 JavaThread "Unconstrained build operations Thread 5" [_thread_blocked, id=160, stack(0x000000650c300000,0x000000650c400000)]
  0x0000017ddc641920 JavaThread "Unconstrained build operations Thread 6" [_thread_blocked, id=17512, stack(0x000000650c400000,0x000000650c500000)]
  0x0000017ddc643130 JavaThread "Unconstrained build operations Thread 7" [_thread_blocked, id=6256, stack(0x000000650c500000,0x000000650c600000)]
  0x0000017ddc641450 JavaThread "Unconstrained build operations Thread 8" [_thread_blocked, id=15120, stack(0x000000650c600000,0x000000650c700000)]
  0x0000017ddc6422c0 JavaThread "Unconstrained build operations Thread 9" [_thread_blocked, id=9956, stack(0x000000650c700000,0x000000650c800000)]
  0x0000017ddc63bdb0 JavaThread "Unconstrained build operations Thread 10" [_thread_blocked, id=14860, stack(0x000000650c800000,0x000000650c900000)]
  0x0000017ddc63c280 JavaThread "Unconstrained build operations Thread 11" [_thread_blocked, id=9484, stack(0x000000650c900000,0x000000650ca00000)]
  0x0000017ddc63cc20 JavaThread "Unconstrained build operations Thread 12" [_thread_blocked, id=17184, stack(0x000000650ca00000,0x000000650cb00000)]
  0x0000017ddc63d0f0 JavaThread "Unconstrained build operations Thread 13" [_thread_blocked, id=16372, stack(0x000000650cb00000,0x000000650cc00000)]
  0x0000017ddd43d3b0 JavaThread "Unconstrained build operations Thread 14" [_thread_blocked, id=11788, stack(0x000000650cc00000,0x000000650cd00000)]
  0x0000017ddd43c540 JavaThread "Unconstrained build operations Thread 15" [_thread_blocked, id=10088, stack(0x000000650cd00000,0x000000650ce00000)]
  0x0000017ddd43cee0 JavaThread "Unconstrained build operations Thread 16" [_thread_blocked, id=3736, stack(0x000000650ce00000,0x000000650cf00000)]
  0x0000017ddd441be0 JavaThread "Unconstrained build operations Thread 17" [_thread_blocked, id=3712, stack(0x000000650cf00000,0x000000650d000000)]
  0x0000017ddd43ca10 JavaThread "Unconstrained build operations Thread 18" [_thread_blocked, id=9728, stack(0x000000650d000000,0x000000650d100000)]
  0x0000017ddd43ebc0 JavaThread "Unconstrained build operations Thread 19" [_thread_blocked, id=4720, stack(0x000000650d100000,0x000000650d200000)]
  0x0000017ddd4420b0 JavaThread "Unconstrained build operations Thread 20" [_thread_blocked, id=9540, stack(0x000000650d200000,0x000000650d300000)]
  0x0000017ddd43d880 JavaThread "Unconstrained build operations Thread 21" [_thread_blocked, id=14468, stack(0x000000650d300000,0x000000650d400000)]
  0x0000017ddd442580 JavaThread "Unconstrained build operations Thread 22" [_thread_blocked, id=15112, stack(0x000000650d400000,0x000000650d500000)]
  0x0000017ddd442a50 JavaThread "Unconstrained build operations Thread 23" [_thread_blocked, id=11400, stack(0x000000650d500000,0x000000650d600000)]
  0x0000017ddd43dd50 JavaThread "Unconstrained build operations Thread 24" [_thread_blocked, id=8584, stack(0x000000650d600000,0x000000650d700000)]
  0x0000017ddd43f090 JavaThread "Unconstrained build operations Thread 25" [_thread_blocked, id=14600, stack(0x000000650d700000,0x000000650d800000)]
  0x0000017ddd43e220 JavaThread "Unconstrained build operations Thread 26" [_thread_blocked, id=3976, stack(0x000000650d800000,0x000000650d900000)]
  0x0000017ddd441240 JavaThread "Unconstrained build operations Thread 27" [_thread_blocked, id=16356, stack(0x000000650d900000,0x000000650da00000)]
  0x0000017ddd442f20 JavaThread "Unconstrained build operations Thread 28" [_thread_blocked, id=9428, stack(0x000000650da00000,0x000000650db00000)]
  0x0000017ddd4408a0 JavaThread "Unconstrained build operations Thread 29" [_thread_blocked, id=5360, stack(0x000000650db00000,0x000000650dc00000)]
  0x0000017ddd43e6f0 JavaThread "Unconstrained build operations Thread 30" [_thread_blocked, id=13576, stack(0x000000650dc00000,0x000000650dd00000)]
  0x0000017ddd440d70 JavaThread "Unconstrained build operations Thread 31" [_thread_blocked, id=11420, stack(0x000000650dd00000,0x000000650de00000)]
  0x0000017ddd43f560 JavaThread "Unconstrained build operations Thread 32" [_thread_blocked, id=1652, stack(0x000000650de00000,0x000000650df00000)]
  0x0000017ddd43fa30 JavaThread "Unconstrained build operations Thread 33" [_thread_blocked, id=17936, stack(0x000000650df00000,0x000000650e000000)]
  0x0000017ddd441710 JavaThread "Unconstrained build operations Thread 34" [_thread_blocked, id=15828, stack(0x000000650e000000,0x000000650e100000)]
  0x0000017ddd4438c0 JavaThread "Unconstrained build operations Thread 35" [_thread_blocked, id=8120, stack(0x000000650e100000,0x000000650e200000)]
  0x0000017ddd43ff00 JavaThread "Unconstrained build operations Thread 36" [_thread_blocked, id=5904, stack(0x000000650e200000,0x000000650e300000)]
  0x0000017ddd4403d0 JavaThread "Unconstrained build operations Thread 37" [_thread_blocked, id=13932, stack(0x000000650e300000,0x000000650e400000)]
  0x0000017ddd4433f0 JavaThread "Unconstrained build operations Thread 38" [_thread_blocked, id=11952, stack(0x000000650e400000,0x000000650e500000)]
  0x0000017ddd43c070 JavaThread "Unconstrained build operations Thread 39" [_thread_blocked, id=9708, stack(0x000000650e500000,0x000000650e600000)]
  0x0000017ddd7dbd60 JavaThread "Unconstrained build operations Thread 40" [_thread_blocked, id=9220, stack(0x000000650e600000,0x000000650e700000)]
  0x0000017ddd7df720 JavaThread "Unconstrained build operations Thread 41" [_thread_blocked, id=10496, stack(0x000000650e700000,0x000000650e800000)]
  0x0000017ddd7dcbd0 JavaThread "Unconstrained build operations Thread 42" [_thread_blocked, id=11600, stack(0x000000650e800000,0x000000650e900000)]
  0x0000017ddd7db890 JavaThread "Unconstrained build operations Thread 43" [_thread_blocked, id=18272, stack(0x000000650e900000,0x000000650ea00000)]
  0x0000017ddd7de3e0 JavaThread "Unconstrained build operations Thread 44" [_thread_blocked, id=156, stack(0x000000650ea00000,0x000000650eb00000)]
  0x0000017ddd7ddf10 JavaThread "Unconstrained build operations Thread 45" [_thread_blocked, id=7308, stack(0x000000650eb00000,0x000000650ec00000)]
  0x0000017ddd7dda40 JavaThread "Unconstrained build operations Thread 46" [_thread_blocked, id=11212, stack(0x000000650ec00000,0x000000650ed00000)]
  0x0000017ddd7e00c0 JavaThread "Unconstrained build operations Thread 47" [_thread_blocked, id=7284, stack(0x000000650ed00000,0x000000650ee00000)]
  0x0000017ddd7da550 JavaThread "Unconstrained build operations Thread 48" [_thread_blocked, id=14472, stack(0x000000650ee00000,0x000000650ef00000)]
  0x0000017ddd7da080 JavaThread "Unconstrained build operations Thread 49" [_thread_blocked, id=9968, stack(0x000000650ef00000,0x000000650f000000)]
  0x0000017ddd7e0a60 JavaThread "Unconstrained build operations Thread 50" [_thread_blocked, id=4252, stack(0x000000650f000000,0x000000650f100000)]
  0x0000017ddd7e0590 JavaThread "Unconstrained build operations Thread 51" [_thread_blocked, id=8612, stack(0x000000650f100000,0x000000650f200000)]
  0x0000017ddd7daa20 JavaThread "Unconstrained build operations Thread 52" [_thread_blocked, id=2884, stack(0x000000650f200000,0x000000650f300000)]
  0x0000017ddd7e1400 JavaThread "Unconstrained build operations Thread 53" [_thread_blocked, id=15804, stack(0x000000650f300000,0x000000650f400000)]
  0x0000017ddd7e18d0 JavaThread "Unconstrained build operations Thread 54" [_thread_blocked, id=8640, stack(0x000000650f400000,0x000000650f500000)]
  0x0000017ddd7de8b0 JavaThread "Unconstrained build operations Thread 55" [_thread_blocked, id=8036, stack(0x000000650f500000,0x000000650f600000)]
  0x0000017ddd7dfbf0 JavaThread "Unconstrained build operations Thread 56" [_thread_blocked, id=2828, stack(0x000000650f600000,0x000000650f700000)]
  0x0000017ddd7e0f30 JavaThread "Unconstrained build operations Thread 57" [_thread_blocked, id=16360, stack(0x000000650f700000,0x000000650f800000)]
  0x0000017ddd7daef0 JavaThread "Unconstrained build operations Thread 58" [_thread_blocked, id=12600, stack(0x000000650f800000,0x000000650f900000)]
  0x0000017ddd7dc230 JavaThread "Unconstrained build operations Thread 59" [_thread_blocked, id=13420, stack(0x000000650f900000,0x000000650fa00000)]
  0x0000017ddd7db3c0 JavaThread "Unconstrained build operations Thread 60" [_thread_blocked, id=8404, stack(0x000000650fa00000,0x000000650fb00000)]
  0x0000017ddd7ded80 JavaThread "Unconstrained build operations Thread 61" [_thread_blocked, id=7844, stack(0x000000650fb00000,0x000000650fc00000)]
  0x0000017ddd7dc700 JavaThread "Unconstrained build operations Thread 62" [_thread_blocked, id=15676, stack(0x000000650fc00000,0x000000650fd00000)]
  0x0000017ddd7df250 JavaThread "Unconstrained build operations Thread 63" [_thread_blocked, id=17280, stack(0x000000650fd00000,0x000000650fe00000)]
  0x0000017ddd7dd0a0 JavaThread "Unconstrained build operations Thread 64" [_thread_blocked, id=15600, stack(0x000000650fe00000,0x000000650ff00000)]
  0x0000017ddd7dd570 JavaThread "Unconstrained build operations Thread 65" [_thread_blocked, id=3316, stack(0x000000650ff00000,0x0000006510000000)]
  0x0000017dddcece80 JavaThread "Unconstrained build operations Thread 66" [_thread_blocked, id=8360, stack(0x0000006510000000,0x0000006510100000)]
  0x0000017dddcea800 JavaThread "Unconstrained build operations Thread 67" [_thread_blocked, id=13372, stack(0x0000006510100000,0x0000006510200000)]
  0x0000017dddce9990 JavaThread "Unconstrained build operations Thread 68" [_thread_blocked, id=8824, stack(0x0000006510200000,0x0000006510300000)]
  0x0000017dddcebb40 JavaThread "Unconstrained build operations Thread 69" [_thread_blocked, id=2600, stack(0x0000006510300000,0x0000006510400000)]
  0x0000017dddced350 JavaThread "Unconstrained build operations Thread 70" [_thread_blocked, id=11572, stack(0x0000006510400000,0x0000006510500000)]
  0x0000017dddcec4e0 JavaThread "Unconstrained build operations Thread 71" [_thread_blocked, id=15412, stack(0x0000006510500000,0x0000006510600000)]
  0x0000017dddcec9b0 JavaThread "Unconstrained build operations Thread 72" [_thread_blocked, id=14260, stack(0x0000006510600000,0x0000006510700000)]
  0x0000017dddceacd0 JavaThread "Unconstrained build operations Thread 73" [_thread_blocked, id=11356, stack(0x0000006510700000,0x0000006510800000)]
  0x0000017dddce9e60 JavaThread "Unconstrained build operations Thread 74" [_thread_blocked, id=8484, stack(0x0000006510800000,0x0000006510900000)]
  0x0000017dddcea330 JavaThread "Unconstrained build operations Thread 75" [_thread_blocked, id=5836, stack(0x0000006510900000,0x0000006510a00000)]
  0x0000017dddceb1a0 JavaThread "Unconstrained build operations Thread 76" [_thread_blocked, id=14744, stack(0x0000006510a00000,0x0000006510b00000)]
  0x0000017dddceb670 JavaThread "Unconstrained build operations Thread 77" [_thread_blocked, id=11360, stack(0x0000006510b00000,0x0000006510c00000)]
  0x0000017dddcec010 JavaThread "Unconstrained build operations Thread 78" [_thread_blocked, id=12456, stack(0x0000006510c00000,0x0000006510d00000)]
  0x0000017dddcdb7a0 JavaThread "Unconstrained build operations Thread 79" [_thread_blocked, id=16540, stack(0x0000006510d00000,0x0000006510e00000)]
  0x0000017dddcdc140 JavaThread "Unconstrained build operations Thread 80" [_thread_blocked, id=14672, stack(0x0000006510e00000,0x0000006510f00000)]
  0x0000017dddcdcae0 JavaThread "jar transforms Thread 4" [_thread_blocked, id=14240, stack(0x0000006510f00000,0x0000006511000000)]
  0x0000017dddcdc610 JavaThread "jar transforms Thread 5" [_thread_blocked, id=18344, stack(0x0000006511000000,0x0000006511100000)]
  0x0000017dddcdcfb0 JavaThread "jar transforms Thread 6" [_thread_blocked, id=8492, stack(0x0000006511100000,0x0000006511200000)]
  0x0000017dddcda930 JavaThread "jar transforms Thread 7" [_thread_blocked, id=8324, stack(0x0000006511200000,0x0000006511300000)]
  0x0000017dddcdd480 JavaThread "jar transforms Thread 8" [_thread_blocked, id=4296, stack(0x0000006511300000,0x0000006511400000)]
  0x0000017dddcdbc70 JavaThread "build event listener" [_thread_blocked, id=11548, stack(0x0000006511400000,0x0000006511500000)]
  0x0000017dddcdde20 JavaThread "Memory manager" [_thread_blocked, id=18416, stack(0x0000006511500000,0x0000006511600000)]
  0x0000017dddcdb2d0 JavaThread "build event listener" [_thread_blocked, id=8392, stack(0x0000006511600000,0x0000006511700000)]
  0x0000017ddd86bc60 JavaThread "pool-3-thread-1" [_thread_blocked, id=13152, stack(0x0000006511800000,0x0000006511900000)]
  0x0000017ddd866a90 JavaThread "build event listener" [_thread_blocked, id=9336, stack(0x0000006511900000,0x0000006511a00000)]
  0x0000017ddd86b790 JavaThread "included builds" [_thread_blocked, id=8380, stack(0x0000006511a00000,0x0000006511b00000)]
  0x0000017ddd867430 JavaThread "Execution worker" [_thread_blocked, id=8048, stack(0x0000006511b00000,0x0000006511c00000)]
  0x0000017ddd869ab0 JavaThread "Execution worker Thread 2" [_thread_blocked, id=6024, stack(0x0000006511c00000,0x0000006511d00000)]
  0x0000017ddd869f80 JavaThread "Execution worker Thread 3" [_thread_blocked, id=14108, stack(0x0000006511d00000,0x0000006511e00000)]
  0x0000017ddd866f60 JavaThread "Execution worker Thread 4" [_thread_blocked, id=3756, stack(0x0000006511e00000,0x0000006511f00000)]
  0x0000017ddd86a920 JavaThread "Execution worker Thread 5" [_thread_blocked, id=7136, stack(0x0000006511f00000,0x0000006512000000)]
  0x0000017ddd86b2c0 JavaThread "Execution worker Thread 6" [_thread_blocked, id=1724, stack(0x0000006512000000,0x0000006512100000)]
  0x0000017ddd867dd0 JavaThread "Execution worker Thread 7" [_thread_blocked, id=7696, stack(0x0000006512100000,0x0000006512200000)]
  0x0000017ddd8682a0 JavaThread "Cache worker for execution history cache (C:\Users\amrhi\AndroidStudioProjects\Important Projects\UncleJacks\.gradle\7.5\executionHistory)" [_thread_blocked, id=292, stack(0x0000006512200000,0x0000006512300000)]
  0x0000017ddd869110 JavaThread "WorkerExecutor Queue" [_thread_blocked, id=2408, stack(0x0000006512300000,0x0000006512400000)]
  0x0000017ddfb41fb0 JavaThread "C2 CompilerThread1" daemon [_thread_blocked, id=13068, stack(0x0000006509b00000,0x0000006509c00000)]

Other Threads:
=>0x0000017dd4c3df70 VMThread "VM Thread" [stack: 0x0000006508e00000,0x0000006508f00000] [id=1220]
  0x0000017dd90c1580 WatcherThread "VM Periodic Task Thread" [stack: 0x0000006509a00000,0x0000006509b00000] [id=17952]
  0x0000017db4848610 WorkerThread "GC Thread#0" [stack: 0x0000006508900000,0x0000006508a00000] [id=12740]
  0x0000017dd9a9da30 WorkerThread "GC Thread#1" [stack: 0x0000006509c00000,0x0000006509d00000] [id=4172]
  0x0000017dd9c95450 WorkerThread "GC Thread#2" [stack: 0x0000006509d00000,0x0000006509e00000] [id=7368]
  0x0000017dd9c956f0 WorkerThread "GC Thread#3" [stack: 0x0000006509e00000,0x0000006509f00000] [id=6000]
  0x0000017dda5891b0 WorkerThread "GC Thread#4" [stack: 0x0000006509f00000,0x000000650a000000] [id=18160]
  0x0000017ddb5e2010 WorkerThread "GC Thread#5" [stack: 0x000000650ae00000,0x000000650af00000] [id=13632]
  0x0000017dda5d38b0 WorkerThread "GC Thread#6" [stack: 0x000000650af00000,0x000000650b000000] [id=2480]
  0x0000017ddc51b6e0 WorkerThread "GC Thread#7" [stack: 0x000000650b000000,0x000000650b100000] [id=16696]
  0x0000017db48593e0 ConcurrentGCThread "G1 Main Marker" [stack: 0x0000006508a00000,0x0000006508b00000] [id=11764]
  0x0000017db485a410 WorkerThread "G1 Conc#0" [stack: 0x0000006508b00000,0x0000006508c00000] [id=10196]
  0x0000017ddd983b70 WorkerThread "G1 Conc#1" [stack: 0x000000650b600000,0x000000650b700000] [id=15248]
  0x0000017db489e710 ConcurrentGCThread "G1 Refine#0" [stack: 0x0000006508c00000,0x0000006508d00000] [id=2040]
  0x0000017dd93deb50 ConcurrentGCThread "G1 Refine#1" [stack: 0x0000006511700000,0x0000006511800000] [id=13268]
  0x0000017ddbf1a350 ConcurrentGCThread "G1 Refine#2" [stack: 0x000000650ad00000,0x000000650ae00000] [id=112]
  0x0000017ddbf1c240 ConcurrentGCThread "G1 Refine#3" [stack: 0x0000006512400000,0x0000006512500000] [id=8388]
  0x0000017ddbf1a620 ConcurrentGCThread "G1 Refine#4" [stack: 0x0000006512500000,0x0000006512600000] [id=15452]
  0x0000017ddbf1c510 ConcurrentGCThread "G1 Refine#5" [stack: 0x0000006512600000,0x0000006512700000] [id=12512]
  0x0000017dd4afa0c0 ConcurrentGCThread "G1 Service" [stack: 0x0000006508d00000,0x0000006508e00000] [id=11536]

Threads with active compile tasks:
C2 CompilerThread0    17982 17493       4       com.squareup.javapoet.CodeWriter::emitIndentation (28 bytes)
C2 CompilerThread1    17982 17512       4       com.sun.tools.javac.code.Symbol$MethodSymbol::params (138 bytes)

VM state: at safepoint (normal execution)

VM Mutex/Monitor currently owned by a thread:  ([mutex/lock_event])
[0x0000017db479cd70] Threads_lock - owner thread: 0x0000017dd4c3df70
[0x0000017db479ce00] Heap_lock - owner thread: 0x0000017db48593e0

Heap address: 0x0000000080000000, size: 2048 MB, Compressed Oops mode: 32-bit

CDS archive(s) mapped at: [0x0000000800000000-0x0000000800ba0000-0x0000000800ba0000), size 12189696, SharedBaseAddress: 0x0000000800000000, ArchiveRelocationMode: 0.
Compressed class space mapped at: 0x0000000800c00000-0x0000000840c00000, reserved size: 1073741824
Narrow klass base: 0x0000000800000000, Narrow klass shift: 0, Narrow klass range: 0x100000000

GC Precious Log:
 CardTable entry size: 512
 Card Set container configuration: InlinePtr #cards 5 size 8 Array Of Cards #cards 12 size 40 Howl #buckets 4 coarsen threshold 1843 Howl Bitmap #cards 512 size 80 coarsen threshold 460 Card regions per heap region 1 cards per card region 2048
 CPUs: 8 total, 8 available
 Memory: 7886M
 Large Page Support: Disabled
 NUMA Support: Disabled
 Compressed Oops: Enabled (32-bit)
 Heap Region Size: 1M
 Heap Min Capacity: 8M
 Heap Initial Capacity: 124M
 Heap Max Capacity: 2G
 Pre-touch: Disabled
 Parallel Workers: 8
 Concurrent Workers: 2
 Concurrent Refinement Workers: 8
 Periodic GC: Disabled

Heap:
 garbage-first heap   total 335872K, used 208568K [0x0000000080000000, 0x0000000100000000)
  region size 1024K, 11 young (11264K), 2 survivors (2048K)
 Metaspace       used 115273K, committed 117312K, reserved 1179648K
  class space    used 14857K, committed 15936K, reserved 1048576K

Heap Regions: E=young(eden), S=young(survivor), O=old, HS=humongous(starts), HC=humongous(continues), CS=collection set, F=free, OA=open archive, CA=closed archive, TAMS=top-at-mark-start (previous, next)
|   0|0x0000000080000000, 0x0000000080100000, 0x0000000080100000|100%| O|  |TAMS 0x0000000080100000, 0x0000000080000000| Untracked 
|   1|0x0000000080100000, 0x0000000080200000, 0x0000000080200000|100%| O|  |TAMS 0x0000000080200000, 0x0000000080100000| Untracked 
|   2|0x0000000080200000, 0x0000000080300000, 0x0000000080300000|100%| O|  |TAMS 0x0000000080300000, 0x0000000080200000| Untracked 
|   3|0x0000000080300000, 0x0000000080400000, 0x0000000080400000|100%|HS|  |TAMS 0x0000000080400000, 0x0000000080300000| Complete 
|   4|0x0000000080400000, 0x0000000080500000, 0x0000000080500000|100%|HC|  |TAMS 0x0000000080500000, 0x0000000080400000| Complete 
|   5|0x0000000080500000, 0x0000000080600000, 0x0000000080600000|100%|HC|  |TAMS 0x0000000080600000, 0x0000000080500000| Complete 
|   6|0x0000000080600000, 0x0000000080700000, 0x0000000080700000|100%| O|  |TAMS 0x0000000080700000, 0x0000000080600000| Untracked 
|   7|0x0000000080700000, 0x0000000080800000, 0x0000000080800000|100%| O|  |TAMS 0x0000000080800000, 0x0000000080700000| Untracked 
|   8|0x0000000080800000, 0x0000000080900000, 0x0000000080900000|100%| O|  |TAMS 0x0000000080900000, 0x0000000080800000| Untracked 
|   9|0x0000000080900000, 0x0000000080a00000, 0x0000000080a00000|100%| O|  |TAMS 0x0000000080a00000, 0x0000000080900000| Updating 
|  10|0x0000000080a00000, 0x0000000080b00000, 0x0000000080b00000|100%| O|  |TAMS 0x0000000080b00000, 0x0000000080a00000| Untracked 
|  11|0x0000000080b00000, 0x0000000080c00000, 0x0000000080c00000|100%| O|  |TAMS 0x0000000080c00000, 0x0000000080b00000| Untracked 
|  12|0x0000000080c00000, 0x0000000080d00000, 0x0000000080d00000|100%| O|  |TAMS 0x0000000080d00000, 0x0000000080c00000| Untracked 
|  13|0x0000000080d00000, 0x0000000080e00000, 0x0000000080e00000|100%| O|  |TAMS 0x0000000080e00000, 0x0000000080d00000| Updating 
|  14|0x0000000080e00000, 0x0000000080f00000, 0x0000000080f00000|100%| O|  |TAMS 0x0000000080f00000, 0x0000000080e00000| Untracked 
|  15|0x0000000080f00000, 0x0000000081000000, 0x0000000081000000|100%| O|  |TAMS 0x0000000081000000, 0x0000000080f00000| Untracked 
|  16|0x0000000081000000, 0x0000000081100000, 0x0000000081100000|100%| O|  |TAMS 0x0000000081100000, 0x0000000081000000| Untracked 
|  17|0x0000000081100000, 0x0000000081200000, 0x0000000081200000|100%| O|  |TAMS 0x0000000081200000, 0x0000000081100000| Untracked 
|  18|0x0000000081200000, 0x00000000812fc800, 0x0000000081300000| 98%| O|  |TAMS 0x00000000812fc800, 0x0000000081200000| Updating 
|  19|0x0000000081300000, 0x0000000081400000, 0x0000000081400000|100%| O|  |TAMS 0x0000000081400000, 0x0000000081300000| Untracked 
|  20|0x0000000081400000, 0x0000000081500000, 0x0000000081500000|100%| O|  |TAMS 0x0000000081500000, 0x0000000081400000| Untracked 
|  21|0x0000000081500000, 0x0000000081600000, 0x0000000081600000|100%| O|  |TAMS 0x0000000081600000, 0x0000000081500000| Untracked 
|  22|0x0000000081600000, 0x0000000081700000, 0x0000000081700000|100%| O|  |TAMS 0x0000000081700000, 0x0000000081600000| Untracked 
|  23|0x0000000081700000, 0x0000000081800000, 0x0000000081800000|100%| O|  |TAMS 0x0000000081800000, 0x0000000081700000| Untracked 
|  24|0x0000000081800000, 0x0000000081900000, 0x0000000081900000|100%| O|  |TAMS 0x0000000081900000, 0x0000000081800000| Untracked 
|  25|0x0000000081900000, 0x0000000081a00000, 0x0000000081a00000|100%| O|  |TAMS 0x0000000081a00000, 0x0000000081900000| Updating 
|  26|0x0000000081a00000, 0x0000000081b00000, 0x0000000081b00000|100%| O|  |TAMS 0x0000000081b00000, 0x0000000081a00000| Untracked 
|  27|0x0000000081b00000, 0x0000000081c00000, 0x0000000081c00000|100%|HS|  |TAMS 0x0000000081c00000, 0x0000000081b00000| Complete 
|  28|0x0000000081c00000, 0x0000000081d00000, 0x0000000081d00000|100%|HC|  |TAMS 0x0000000081d00000, 0x0000000081c00000| Complete 
|  29|0x0000000081d00000, 0x0000000081e00000, 0x0000000081e00000|100%|HS|  |TAMS 0x0000000081e00000, 0x0000000081d00000| Complete 
|  30|0x0000000081e00000, 0x0000000081f00000, 0x0000000081f00000|100%| O|  |TAMS 0x0000000081f00000, 0x0000000081e00000| Untracked 
|  31|0x0000000081f00000, 0x0000000082000000, 0x0000000082000000|100%| O|  |TAMS 0x0000000082000000, 0x0000000081f00000| Updating 
|  32|0x0000000082000000, 0x0000000082100000, 0x0000000082100000|100%|HS|  |TAMS 0x0000000082100000, 0x0000000082000000| Complete 
|  33|0x0000000082100000, 0x0000000082200000, 0x0000000082200000|100%|HS|  |TAMS 0x0000000082200000, 0x0000000082100000| Complete 
|  34|0x0000000082200000, 0x0000000082300000, 0x0000000082300000|100%|HC|  |TAMS 0x0000000082300000, 0x0000000082200000| Complete 
|  35|0x0000000082300000, 0x0000000082400000, 0x0000000082400000|100%|HC|  |TAMS 0x0000000082400000, 0x0000000082300000| Complete 
|  36|0x0000000082400000, 0x0000000082500000, 0x0000000082500000|100%| O|  |TAMS 0x0000000082500000, 0x0000000082400000| Updating 
|  37|0x0000000082500000, 0x0000000082600000, 0x0000000082600000|100%| O|  |TAMS 0x0000000082600000, 0x0000000082500000| Untracked 
|  38|0x0000000082600000, 0x0000000082700000, 0x0000000082700000|100%| O|  |TAMS 0x0000000082700000, 0x0000000082600000| Untracked 
|  39|0x0000000082700000, 0x0000000082800000, 0x0000000082800000|100%| O|  |TAMS 0x0000000082800000, 0x0000000082700000| Untracked 
|  40|0x0000000082800000, 0x0000000082900000, 0x0000000082900000|100%| O|  |TAMS 0x0000000082900000, 0x0000000082800000| Updating 
|  41|0x0000000082900000, 0x0000000082a00000, 0x0000000082a00000|100%| O|  |TAMS 0x0000000082a00000, 0x0000000082900000| Untracked 
|  42|0x0000000082a00000, 0x0000000082b00000, 0x0000000082b00000|100%| O|  |TAMS 0x0000000082b00000, 0x0000000082a00000| Untracked 
|  43|0x0000000082b00000, 0x0000000082c00000, 0x0000000082c00000|100%| O|  |TAMS 0x0000000082c00000, 0x0000000082b00000| Untracked 
|  44|0x0000000082c00000, 0x0000000082d00000, 0x0000000082d00000|100%| O|  |TAMS 0x0000000082d00000, 0x0000000082c00000| Untracked 
|  45|0x0000000082d00000, 0x0000000082e00000, 0x0000000082e00000|100%| O|  |TAMS 0x0000000082e00000, 0x0000000082d00000| Updating 
|  46|0x0000000082e00000, 0x0000000082f00000, 0x0000000082f00000|100%| O|  |TAMS 0x0000000082f00000, 0x0000000082e00000| Untracked 
|  47|0x0000000082f00000, 0x0000000083000000, 0x0000000083000000|100%| O|  |TAMS 0x0000000083000000, 0x0000000082f00000| Untracked 
|  48|0x0000000083000000, 0x0000000083100000, 0x0000000083100000|100%| O|  |TAMS 0x0000000083100000, 0x0000000083000000| Updating 
|  49|0x0000000083100000, 0x0000000083200000, 0x0000000083200000|100%| O|  |TAMS 0x0000000083200000, 0x0000000083100000| Untracked 
|  50|0x0000000083200000, 0x0000000083300000, 0x0000000083300000|100%| O|  |TAMS 0x0000000083300000, 0x0000000083200000| Updating 
|  51|0x0000000083300000, 0x0000000083400000, 0x0000000083400000|100%| O|  |TAMS 0x0000000083400000, 0x0000000083300000| Updating 
|  52|0x0000000083400000, 0x0000000083500000, 0x0000000083500000|100%| O|  |TAMS 0x0000000083500000, 0x0000000083400000| Updating 
|  53|0x0000000083500000, 0x0000000083600000, 0x0000000083600000|100%| O|  |TAMS 0x0000000083600000, 0x0000000083500000| Updating 
|  54|0x0000000083600000, 0x0000000083700000, 0x0000000083700000|100%| O|  |TAMS 0x0000000083700000, 0x0000000083600000| Updating 
|  55|0x0000000083700000, 0x0000000083800000, 0x0000000083800000|100%| O|  |TAMS 0x0000000083800000, 0x0000000083700000| Untracked 
|  56|0x0000000083800000, 0x0000000083900000, 0x0000000083900000|100%| O|  |TAMS 0x0000000083900000, 0x0000000083800000| Untracked 
|  57|0x0000000083900000, 0x0000000083a00000, 0x0000000083a00000|100%| O|  |TAMS 0x0000000083a00000, 0x0000000083900000| Untracked 
|  58|0x0000000083a00000, 0x0000000083b00000, 0x0000000083b00000|100%| O|  |TAMS 0x0000000083b00000, 0x0000000083a00000| Untracked 
|  59|0x0000000083b00000, 0x0000000083c00000, 0x0000000083c00000|100%| O|  |TAMS 0x0000000083c00000, 0x0000000083b00000| Untracked 
|  60|0x0000000083c00000, 0x0000000083d00000, 0x0000000083d00000|100%| O|  |TAMS 0x0000000083d00000, 0x0000000083c00000| Untracked 
|  61|0x0000000083d00000, 0x0000000083e00000, 0x0000000083e00000|100%| O|  |TAMS 0x0000000083e00000, 0x0000000083d00000| Untracked 
|  62|0x0000000083e00000, 0x0000000083f00000, 0x0000000083f00000|100%| O|  |TAMS 0x0000000083f00000, 0x0000000083e00000| Untracked 
|  63|0x0000000083f00000, 0x0000000084000000, 0x0000000084000000|100%| O|  |TAMS 0x0000000084000000, 0x0000000083f00000| Untracked 
|  64|0x0000000084000000, 0x0000000084100000, 0x0000000084100000|100%| O|  |TAMS 0x0000000084100000, 0x0000000084000000| Updating 
|  65|0x0000000084100000, 0x0000000084200000, 0x0000000084200000|100%| O|  |TAMS 0x0000000084200000, 0x0000000084100000| Updating 
|  66|0x0000000084200000, 0x0000000084300000, 0x0000000084300000|100%| O|  |TAMS 0x0000000084300000, 0x0000000084200000| Untracked 
|  67|0x0000000084300000, 0x0000000084400000, 0x0000000084400000|100%| O|  |TAMS 0x0000000084400000, 0x0000000084300000| Untracked 
|  68|0x0000000084400000, 0x0000000084500000, 0x0000000084500000|100%| O|  |TAMS 0x0000000084500000, 0x0000000084400000| Untracked 
|  69|0x0000000084500000, 0x0000000084600000, 0x0000000084600000|100%| O|  |TAMS 0x0000000084600000, 0x0000000084500000| Untracked 
|  70|0x0000000084600000, 0x0000000084700000, 0x0000000084700000|100%| O|  |TAMS 0x0000000084700000, 0x0000000084600000| Updating 
|  71|0x0000000084700000, 0x0000000084800000, 0x0000000084800000|100%| O|  |TAMS 0x0000000084800000, 0x0000000084700000| Updating 
|  72|0x0000000084800000, 0x0000000084900000, 0x0000000084900000|100%| O|  |TAMS 0x0000000084900000, 0x0000000084800000| Untracked 
|  73|0x0000000084900000, 0x0000000084a00000, 0x0000000084a00000|100%| O|  |TAMS 0x0000000084a00000, 0x0000000084900000| Untracked 
|  74|0x0000000084a00000, 0x0000000084b00000, 0x0000000084b00000|100%| O|  |TAMS 0x0000000084b00000, 0x0000000084a00000| Untracked 
|  75|0x0000000084b00000, 0x0000000084c00000, 0x0000000084c00000|100%| O|  |TAMS 0x0000000084c00000, 0x0000000084b00000| Untracked 
|  76|0x0000000084c00000, 0x0000000084d00000, 0x0000000084d00000|100%| O|  |TAMS 0x0000000084d00000, 0x0000000084c00000| Untracked 
|  77|0x0000000084d00000, 0x0000000084e00000, 0x0000000084e00000|100%| O|  |TAMS 0x0000000084e00000, 0x0000000084d00000| Untracked 
|  78|0x0000000084e00000, 0x0000000084f00000, 0x0000000084f00000|100%| O|  |TAMS 0x0000000084f00000, 0x0000000084e00000| Untracked 
|  79|0x0000000084f00000, 0x0000000085000000, 0x0000000085000000|100%| O|  |TAMS 0x0000000085000000, 0x0000000084f00000| Untracked 
|  80|0x0000000085000000, 0x0000000085100000, 0x0000000085100000|100%| O|  |TAMS 0x0000000085100000, 0x0000000085000000| Updating 
|  81|0x0000000085100000, 0x0000000085200000, 0x0000000085200000|100%| O|  |TAMS 0x0000000085200000, 0x0000000085100000| Untracked 
|  82|0x0000000085200000, 0x0000000085300000, 0x0000000085300000|100%| O|  |TAMS 0x0000000085300000, 0x0000000085200000| Untracked 
|  83|0x0000000085300000, 0x0000000085400000, 0x0000000085400000|100%| O|  |TAMS 0x0000000085400000, 0x0000000085300000| Updating 
|  84|0x0000000085400000, 0x0000000085500000, 0x0000000085500000|100%| O|  |TAMS 0x0000000085500000, 0x0000000085400000| Updating 
|  85|0x0000000085500000, 0x0000000085600000, 0x0000000085600000|100%| O|  |TAMS 0x0000000085600000, 0x0000000085500000| Untracked 
|  86|0x0000000085600000, 0x0000000085700000, 0x0000000085700000|100%| O|  |TAMS 0x0000000085700000, 0x0000000085600000| Updating 
|  87|0x0000000085700000, 0x0000000085800000, 0x0000000085800000|100%| O|  |TAMS 0x0000000085800000, 0x0000000085700000| Updating 
|  88|0x0000000085800000, 0x0000000085900000, 0x0000000085900000|100%| O|  |TAMS 0x0000000085900000, 0x0000000085800000| Updating 
|  89|0x0000000085900000, 0x0000000085a00000, 0x0000000085a00000|100%| O|  |TAMS 0x0000000085a00000, 0x0000000085900000| Updating 
|  90|0x0000000085a00000, 0x0000000085b00000, 0x0000000085b00000|100%| O|  |TAMS 0x0000000085b00000, 0x0000000085a00000| Updating 
|  91|0x0000000085b00000, 0x0000000085c00000, 0x0000000085c00000|100%| O|  |TAMS 0x0000000085c00000, 0x0000000085b00000| Updating 
|  92|0x0000000085c00000, 0x0000000085d00000, 0x0000000085d00000|100%| O|  |TAMS 0x0000000085d00000, 0x0000000085c00000| Updating 
|  93|0x0000000085d00000, 0x0000000085e00000, 0x0000000085e00000|100%| O|  |TAMS 0x0000000085e00000, 0x0000000085d00000| Updating 
|  94|0x0000000085e00000, 0x0000000085f00000, 0x0000000085f00000|100%| O|  |TAMS 0x0000000085f00000, 0x0000000085e00000| Updating 
|  95|0x0000000085f00000, 0x0000000086000000, 0x0000000086000000|100%| O|  |TAMS 0x0000000086000000, 0x0000000085f00000| Updating 
|  96|0x0000000086000000, 0x0000000086100000, 0x0000000086100000|100%| O|  |TAMS 0x0000000086100000, 0x0000000086000000| Updating 
|  97|0x0000000086100000, 0x0000000086200000, 0x0000000086200000|100%| O|  |TAMS 0x0000000086200000, 0x0000000086100000| Updating 
|  98|0x0000000086200000, 0x0000000086300000, 0x0000000086300000|100%| O|  |TAMS 0x0000000086300000, 0x0000000086200000| Updating 
|  99|0x0000000086300000, 0x0000000086400000, 0x0000000086400000|100%| O|  |TAMS 0x0000000086400000, 0x0000000086300000| Untracked 
| 100|0x0000000086400000, 0x0000000086500000, 0x0000000086500000|100%| O|  |TAMS 0x0000000086500000, 0x0000000086400000| Updating 
| 101|0x0000000086500000, 0x0000000086600000, 0x0000000086600000|100%| O|  |TAMS 0x0000000086600000, 0x0000000086500000| Untracked 
| 102|0x0000000086600000, 0x0000000086700000, 0x0000000086700000|100%| O|  |TAMS 0x0000000086700000, 0x0000000086600000| Untracked 
| 103|0x0000000086700000, 0x0000000086800000, 0x0000000086800000|100%| O|  |TAMS 0x0000000086800000, 0x0000000086700000| Untracked 
| 104|0x0000000086800000, 0x0000000086900000, 0x0000000086900000|100%| O|  |TAMS 0x0000000086900000, 0x0000000086800000| Updating 
| 105|0x0000000086900000, 0x0000000086a00000, 0x0000000086a00000|100%| O|  |TAMS 0x0000000086a00000, 0x0000000086900000| Updating 
| 106|0x0000000086a00000, 0x0000000086b00000, 0x0000000086b00000|100%| O|  |TAMS 0x0000000086b00000, 0x0000000086a00000| Updating 
| 107|0x0000000086b00000, 0x0000000086c00000, 0x0000000086c00000|100%| O|  |TAMS 0x0000000086c00000, 0x0000000086b00000| Untracked 
| 108|0x0000000086c00000, 0x0000000086d00000, 0x0000000086d00000|100%| O|  |TAMS 0x0000000086d00000, 0x0000000086c00000| Untracked 
| 109|0x0000000086d00000, 0x0000000086e00000, 0x0000000086e00000|100%| O|  |TAMS 0x0000000086e00000, 0x0000000086d00000| Updating 
| 110|0x0000000086e00000, 0x0000000086f00000, 0x0000000086f00000|100%| O|  |TAMS 0x0000000086f00000, 0x0000000086e00000| Updating 
| 111|0x0000000086f00000, 0x0000000087000000, 0x0000000087000000|100%| O|  |TAMS 0x0000000087000000, 0x0000000086f00000| Updating 
| 112|0x0000000087000000, 0x0000000087100000, 0x0000000087100000|100%| O|  |TAMS 0x0000000087100000, 0x0000000087000000| Untracked 
| 113|0x0000000087100000, 0x0000000087200000, 0x0000000087200000|100%| O|  |TAMS 0x0000000087200000, 0x0000000087100000| Updating 
| 114|0x0000000087200000, 0x0000000087300000, 0x0000000087300000|100%|HS|  |TAMS 0x0000000087300000, 0x0000000087200000| Complete 
| 115|0x0000000087300000, 0x0000000087400000, 0x0000000087400000|100%| O|  |TAMS 0x0000000087400000, 0x0000000087300000| Updating 
| 116|0x0000000087400000, 0x0000000087500000, 0x0000000087500000|100%| O|  |TAMS 0x0000000087500000, 0x0000000087400000| Updating 
| 117|0x0000000087500000, 0x0000000087600000, 0x0000000087600000|100%| O|  |TAMS 0x0000000087600000, 0x0000000087500000| Untracked 
| 118|0x0000000087600000, 0x0000000087700000, 0x0000000087700000|100%| O|  |TAMS 0x0000000087700000, 0x0000000087600000| Untracked 
| 119|0x0000000087700000, 0x0000000087800000, 0x0000000087800000|100%| O|  |TAMS 0x0000000087800000, 0x0000000087700000| Untracked 
| 120|0x0000000087800000, 0x0000000087900000, 0x0000000087900000|100%| O|  |TAMS 0x0000000087900000, 0x0000000087800000| Updating 
| 121|0x0000000087900000, 0x0000000087a00000, 0x0000000087a00000|100%| O|  |TAMS 0x0000000087a00000, 0x0000000087900000| Updating 
| 122|0x0000000087a00000, 0x0000000087b00000, 0x0000000087b00000|100%| O|  |TAMS 0x0000000087b00000, 0x0000000087a00000| Untracked 
| 123|0x0000000087b00000, 0x0000000087c00000, 0x0000000087c00000|100%| O|  |TAMS 0x0000000087c00000, 0x0000000087b00000| Untracked 
| 124|0x0000000087c00000, 0x0000000087d00000, 0x0000000087d00000|100%| O|  |TAMS 0x0000000087d00000, 0x0000000087c00000| Updating 
| 125|0x0000000087d00000, 0x0000000087e00000, 0x0000000087e00000|100%| O|  |TAMS 0x0000000087e00000, 0x0000000087d00000| Untracked 
| 126|0x0000000087e00000, 0x0000000087f00000, 0x0000000087f00000|100%| O|  |TAMS 0x0000000087f00000, 0x0000000087e00000| Updating 
| 127|0x0000000087f00000, 0x0000000088000000, 0x0000000088000000|100%| O|  |TAMS 0x0000000088000000, 0x0000000087f00000| Updating 
| 128|0x0000000088000000, 0x0000000088100000, 0x0000000088100000|100%| O|  |TAMS 0x0000000088100000, 0x0000000088000000| Untracked 
| 129|0x0000000088100000, 0x0000000088200000, 0x0000000088200000|100%|HS|  |TAMS 0x0000000088200000, 0x0000000088100000| Complete 
| 130|0x0000000088200000, 0x0000000088300000, 0x0000000088300000|100%| O|  |TAMS 0x0000000088300000, 0x0000000088200000| Untracked 
| 131|0x0000000088300000, 0x0000000088400000, 0x0000000088400000|100%| O|  |TAMS 0x0000000088400000, 0x0000000088300000| Untracked 
| 132|0x0000000088400000, 0x0000000088500000, 0x0000000088500000|100%| O|  |TAMS 0x0000000088500000, 0x0000000088400000| Updating 
| 133|0x0000000088500000, 0x0000000088600000, 0x0000000088600000|100%| O|  |TAMS 0x0000000088600000, 0x0000000088500000| Updating 
| 134|0x0000000088600000, 0x0000000088700000, 0x0000000088700000|100%| O|  |TAMS 0x0000000088700000, 0x0000000088600000| Untracked 
| 135|0x0000000088700000, 0x0000000088800000, 0x0000000088800000|100%| O|  |TAMS 0x0000000088800000, 0x0000000088700000| Untracked 
| 136|0x0000000088800000, 0x0000000088900000, 0x0000000088900000|100%| O|  |TAMS 0x0000000088900000, 0x0000000088800000| Updating 
| 137|0x0000000088900000, 0x0000000088a00000, 0x0000000088a00000|100%| O|  |TAMS 0x0000000088a00000, 0x0000000088900000| Updating 
| 138|0x0000000088a00000, 0x0000000088b00000, 0x0000000088b00000|100%|HS|  |TAMS 0x0000000088b00000, 0x0000000088a00000| Complete 
| 139|0x0000000088b00000, 0x0000000088c00000, 0x0000000088c00000|100%|HC|  |TAMS 0x0000000088c00000, 0x0000000088b00000| Complete 
| 140|0x0000000088c00000, 0x0000000088d00000, 0x0000000088d00000|100%|HS|  |TAMS 0x0000000088d00000, 0x0000000088c00000| Complete 
| 141|0x0000000088d00000, 0x0000000088e00000, 0x0000000088e00000|100%|HC|  |TAMS 0x0000000088e00000, 0x0000000088d00000| Complete 
| 142|0x0000000088e00000, 0x0000000088f00000, 0x0000000088f00000|100%| O|  |TAMS 0x0000000088f00000, 0x0000000088e00000| Untracked 
| 143|0x0000000088f00000, 0x0000000089000000, 0x0000000089000000|100%| O|  |TAMS 0x0000000089000000, 0x0000000088f00000| Untracked 
| 144|0x0000000089000000, 0x0000000089100000, 0x0000000089100000|100%| O|  |TAMS 0x0000000089100000, 0x0000000089000000| Untracked 
| 145|0x0000000089100000, 0x0000000089200000, 0x0000000089200000|100%| O|  |TAMS 0x0000000089200000, 0x0000000089100000| Untracked 
| 146|0x0000000089200000, 0x0000000089300000, 0x0000000089300000|100%| O|  |TAMS 0x0000000089300000, 0x0000000089200000| Untracked 
| 147|0x0000000089300000, 0x0000000089400000, 0x0000000089400000|100%| O|  |TAMS 0x0000000089400000, 0x0000000089300000| Untracked 
| 148|0x0000000089400000, 0x0000000089500000, 0x0000000089500000|100%| O|  |TAMS 0x0000000089500000, 0x0000000089400000| Updating 
| 149|0x0000000089500000, 0x0000000089600000, 0x0000000089600000|100%| O|  |TAMS 0x0000000089600000, 0x0000000089500000| Untracked 
| 150|0x0000000089600000, 0x0000000089700000, 0x0000000089700000|100%| O|  |TAMS 0x0000000089700000, 0x0000000089600000| Untracked 
| 151|0x0000000089700000, 0x0000000089800000, 0x0000000089800000|100%| O|  |TAMS 0x0000000089800000, 0x0000000089700000| Untracked 
| 152|0x0000000089800000, 0x0000000089900000, 0x0000000089900000|100%| O|  |TAMS 0x0000000089900000, 0x0000000089800000| Untracked 
| 153|0x0000000089900000, 0x0000000089a00000, 0x0000000089a00000|100%| O|  |TAMS 0x0000000089a00000, 0x0000000089900000| Updating 
| 154|0x0000000089a00000, 0x0000000089b00000, 0x0000000089b00000|100%| O|  |TAMS 0x0000000089b00000, 0x0000000089a00000| Untracked 
| 155|0x0000000089b00000, 0x0000000089c00000, 0x0000000089c00000|100%| O|  |TAMS 0x0000000089c00000, 0x0000000089b00000| Untracked 
| 156|0x0000000089c00000, 0x0000000089d00000, 0x0000000089d00000|100%|HS|  |TAMS 0x0000000089d00000, 0x0000000089c00000| Complete 
| 157|0x0000000089d00000, 0x0000000089e00000, 0x0000000089e00000|100%|HS|  |TAMS 0x0000000089e00000, 0x0000000089d00000| Complete 
| 158|0x0000000089e00000, 0x0000000089f00000, 0x0000000089f00000|100%|HC|  |TAMS 0x0000000089f00000, 0x0000000089e00000| Complete 
| 159|0x0000000089f00000, 0x000000008a000000, 0x000000008a000000|100%| O|  |TAMS 0x000000008a000000, 0x0000000089f00000| Untracked 
| 160|0x000000008a000000, 0x000000008a100000, 0x000000008a100000|100%| O|  |TAMS 0x000000008a100000, 0x000000008a000000| Untracked 
| 161|0x000000008a100000, 0x000000008a200000, 0x000000008a200000|100%| O|  |TAMS 0x000000008a200000, 0x000000008a100000| Untracked 
| 162|0x000000008a200000, 0x000000008a300000, 0x000000008a300000|100%| O|  |TAMS 0x000000008a300000, 0x000000008a200000| Untracked 
| 163|0x000000008a300000, 0x000000008a400000, 0x000000008a400000|100%| O|  |TAMS 0x000000008a400000, 0x000000008a300000| Untracked 
| 164|0x000000008a400000, 0x000000008a500000, 0x000000008a500000|100%| O|  |TAMS 0x000000008a500000, 0x000000008a400000| Untracked 
| 165|0x000000008a500000, 0x000000008a600000, 0x000000008a600000|100%| O|  |TAMS 0x000000008a600000, 0x000000008a500000| Untracked 
| 166|0x000000008a600000, 0x000000008a700000, 0x000000008a700000|100%| O|  |TAMS 0x000000008a700000, 0x000000008a600000| Untracked 
| 167|0x000000008a700000, 0x000000008a800000, 0x000000008a800000|100%| O|  |TAMS 0x000000008a800000, 0x000000008a700000| Untracked 
| 168|0x000000008a800000, 0x000000008a900000, 0x000000008a900000|100%| O|  |TAMS 0x000000008a900000, 0x000000008a800000| Untracked 
| 169|0x000000008a900000, 0x000000008aa00000, 0x000000008aa00000|100%| O|  |TAMS 0x000000008aa00000, 0x000000008a900000| Untracked 
| 170|0x000000008aa00000, 0x000000008ab00000, 0x000000008ab00000|100%| O|  |TAMS 0x000000008ab00000, 0x000000008aa00000| Updating 
| 171|0x000000008ab00000, 0x000000008ac00000, 0x000000008ac00000|100%| O|  |TAMS 0x000000008ac00000, 0x000000008ab00000| Untracked 
| 172|0x000000008ac00000, 0x000000008ad00000, 0x000000008ad00000|100%| O|  |TAMS 0x000000008ad00000, 0x000000008ac00000| Untracked 
| 173|0x000000008ad00000, 0x000000008ae00000, 0x000000008ae00000|100%| O|  |TAMS 0x000000008ae00000, 0x000000008ad00000| Untracked 
| 174|0x000000008ae00000, 0x000000008af00000, 0x000000008af00000|100%| O|  |TAMS 0x000000008af00000, 0x000000008ae00000| Updating 
| 175|0x000000008af00000, 0x000000008b000000, 0x000000008b000000|100%| O|  |TAMS 0x000000008b000000, 0x000000008af00000| Untracked 
| 176|0x000000008b000000, 0x000000008b100000, 0x000000008b100000|100%| O|  |TAMS 0x000000008b100000, 0x000000008b000000| Untracked 
| 177|0x000000008b100000, 0x000000008b200000, 0x000000008b200000|100%| O|  |TAMS 0x000000008b200000, 0x000000008b100000| Untracked 
| 178|0x000000008b200000, 0x000000008b300000, 0x000000008b300000|100%| O|  |TAMS 0x000000008b300000, 0x000000008b200000| Untracked 
| 179|0x000000008b300000, 0x000000008b400000, 0x000000008b400000|100%| O|  |TAMS 0x000000008b400000, 0x000000008b300000| Untracked 
| 180|0x000000008b400000, 0x000000008b500000, 0x000000008b500000|100%| O|  |TAMS 0x000000008b500000, 0x000000008b400000| Untracked 
| 181|0x000000008b500000, 0x000000008b600000, 0x000000008b600000|100%| O|  |TAMS 0x000000008b600000, 0x000000008b500000| Untracked 
| 182|0x000000008b600000, 0x000000008b700000, 0x000000008b700000|100%| O|  |TAMS 0x000000008b700000, 0x000000008b600000| Updating 
| 183|0x000000008b700000, 0x000000008b800000, 0x000000008b800000|100%| O|  |TAMS 0x000000008b800000, 0x000000008b700000| Updating 
| 184|0x000000008b800000, 0x000000008b900000, 0x000000008b900000|100%| O|  |TAMS 0x000000008b900000, 0x000000008b800000| Updating 
| 185|0x000000008b900000, 0x000000008ba00000, 0x000000008ba00000|100%| O|  |TAMS 0x000000008ba00000, 0x000000008b900000| Updating 
| 186|0x000000008ba00000, 0x000000008bb00000, 0x000000008bb00000|100%| O|  |TAMS 0x000000008baa0200, 0x000000008ba00000| Updating 
| 187|0x000000008bb00000, 0x000000008bc00000, 0x000000008bc00000|100%| O|  |TAMS 0x000000008bb00000, 0x000000008bb00000| Untracked 
| 188|0x000000008bc00000, 0x000000008bd00000, 0x000000008bd00000|100%| O|  |TAMS 0x000000008bc00000, 0x000000008bc00000| Untracked 
| 189|0x000000008bd00000, 0x000000008be00000, 0x000000008be00000|100%| O|  |TAMS 0x000000008bd00000, 0x000000008bd00000| Untracked 
| 190|0x000000008be00000, 0x000000008bf00000, 0x000000008bf00000|100%| O|  |TAMS 0x000000008be00000, 0x000000008be00000| Untracked 
| 191|0x000000008bf00000, 0x000000008c000000, 0x000000008c000000|100%| O|  |TAMS 0x000000008bf00000, 0x000000008bf00000| Untracked 
| 192|0x000000008c000000, 0x000000008c100000, 0x000000008c100000|100%| O|  |TAMS 0x000000008c000000, 0x000000008c000000| Untracked 
| 193|0x000000008c100000, 0x000000008c200000, 0x000000008c200000|100%| O|  |TAMS 0x000000008c100000, 0x000000008c100000| Untracked 
| 194|0x000000008c200000, 0x000000008c24f200, 0x000000008c300000| 30%| O|  |TAMS 0x000000008c200000, 0x000000008c200000| Updating 
| 195|0x000000008c300000, 0x000000008c300000, 0x000000008c400000|  0%| F|  |TAMS 0x000000008c300000, 0x000000008c300000| Untracked 
| 196|0x000000008c400000, 0x000000008c400000, 0x000000008c500000|  0%| F|  |TAMS 0x000000008c400000, 0x000000008c400000| Untracked 
| 197|0x000000008c500000, 0x000000008c500000, 0x000000008c600000|  0%| F|  |TAMS 0x000000008c500000, 0x000000008c500000| Untracked 
| 198|0x000000008c600000, 0x000000008c600000, 0x000000008c700000|  0%| F|  |TAMS 0x000000008c600000, 0x000000008c600000| Untracked 
| 199|0x000000008c700000, 0x000000008c700000, 0x000000008c800000|  0%| F|  |TAMS 0x000000008c700000, 0x000000008c700000| Untracked 
| 200|0x000000008c800000, 0x000000008c800000, 0x000000008c900000|  0%| F|  |TAMS 0x000000008c800000, 0x000000008c800000| Untracked 
| 201|0x000000008c900000, 0x000000008c900000, 0x000000008ca00000|  0%| F|  |TAMS 0x000000008c900000, 0x000000008c900000| Untracked 
| 202|0x000000008ca00000, 0x000000008ca00000, 0x000000008cb00000|  0%| F|  |TAMS 0x000000008ca00000, 0x000000008ca00000| Untracked 
| 203|0x000000008cb00000, 0x000000008cb00000, 0x000000008cc00000|  0%| F|  |TAMS 0x000000008cb00000, 0x000000008cb00000| Untracked 
| 204|0x000000008cc00000, 0x000000008cc00000, 0x000000008cd00000|  0%| F|  |TAMS 0x000000008cc00000, 0x000000008cc00000| Untracked 
| 205|0x000000008cd00000, 0x000000008cd00000, 0x000000008ce00000|  0%| F|  |TAMS 0x000000008cd00000, 0x000000008cd00000| Untracked 
| 206|0x000000008ce00000, 0x000000008ce00000, 0x000000008cf00000|  0%| F|  |TAMS 0x000000008ce00000, 0x000000008ce00000| Untracked 
| 207|0x000000008cf00000, 0x000000008cf00000, 0x000000008d000000|  0%| F|  |TAMS 0x000000008cf00000, 0x000000008cf00000| Untracked 
| 208|0x000000008d000000, 0x000000008d000000, 0x000000008d100000|  0%| F|  |TAMS 0x000000008d000000, 0x000000008d000000| Untracked 
| 209|0x000000008d100000, 0x000000008d100000, 0x000000008d200000|  0%| F|  |TAMS 0x000000008d100000, 0x000000008d100000| Untracked 
| 210|0x000000008d200000, 0x000000008d200000, 0x000000008d300000|  0%| F|  |TAMS 0x000000008d200000, 0x000000008d200000| Untracked 
| 211|0x000000008d300000, 0x000000008d300000, 0x000000008d400000|  0%| F|  |TAMS 0x000000008d300000, 0x000000008d300000| Untracked 
| 212|0x000000008d400000, 0x000000008d400000, 0x000000008d500000|  0%| F|  |TAMS 0x000000008d400000, 0x000000008d400000| Untracked 
| 213|0x000000008d500000, 0x000000008d500000, 0x000000008d600000|  0%| F|  |TAMS 0x000000008d500000, 0x000000008d500000| Untracked 
| 214|0x000000008d600000, 0x000000008d600000, 0x000000008d700000|  0%| F|  |TAMS 0x000000008d600000, 0x000000008d600000| Untracked 
| 215|0x000000008d700000, 0x000000008d700000, 0x000000008d800000|  0%| F|  |TAMS 0x000000008d700000, 0x000000008d700000| Untracked 
| 216|0x000000008d800000, 0x000000008d800000, 0x000000008d900000|  0%| F|  |TAMS 0x000000008d800000, 0x000000008d800000| Untracked 
| 217|0x000000008d900000, 0x000000008d900000, 0x000000008da00000|  0%| F|  |TAMS 0x000000008d900000, 0x000000008d900000| Untracked 
| 218|0x000000008da00000, 0x000000008da00000, 0x000000008db00000|  0%| F|  |TAMS 0x000000008da00000, 0x000000008da00000| Untracked 
| 219|0x000000008db00000, 0x000000008db00000, 0x000000008dc00000|  0%| F|  |TAMS 0x000000008db00000, 0x000000008db00000| Untracked 
| 220|0x000000008dc00000, 0x000000008dc00000, 0x000000008dd00000|  0%| F|  |TAMS 0x000000008dc00000, 0x000000008dc00000| Untracked 
| 221|0x000000008dd00000, 0x000000008dd00000, 0x000000008de00000|  0%| F|  |TAMS 0x000000008dd00000, 0x000000008dd00000| Untracked 
| 222|0x000000008de00000, 0x000000008de00000, 0x000000008df00000|  0%| F|  |TAMS 0x000000008de00000, 0x000000008de00000| Untracked 
| 223|0x000000008df00000, 0x000000008df00000, 0x000000008e000000|  0%| F|  |TAMS 0x000000008df00000, 0x000000008df00000| Untracked 
| 224|0x000000008e000000, 0x000000008e000000, 0x000000008e100000|  0%| F|  |TAMS 0x000000008e000000, 0x000000008e000000| Untracked 
| 225|0x000000008e100000, 0x000000008e100000, 0x000000008e200000|  0%| F|  |TAMS 0x000000008e100000, 0x000000008e100000| Untracked 
| 226|0x000000008e200000, 0x000000008e200000, 0x000000008e300000|  0%| F|  |TAMS 0x000000008e200000, 0x000000008e200000| Untracked 
| 227|0x000000008e300000, 0x000000008e300000, 0x000000008e400000|  0%| F|  |TAMS 0x000000008e300000, 0x000000008e300000| Untracked 
| 228|0x000000008e400000, 0x000000008e400000, 0x000000008e500000|  0%| F|  |TAMS 0x000000008e400000, 0x000000008e400000| Untracked 
| 229|0x000000008e500000, 0x000000008e500000, 0x000000008e600000|  0%| F|  |TAMS 0x000000008e500000, 0x000000008e500000| Untracked 
| 230|0x000000008e600000, 0x000000008e600000, 0x000000008e700000|  0%| F|  |TAMS 0x000000008e600000, 0x000000008e600000| Untracked 
| 231|0x000000008e700000, 0x000000008e700000, 0x000000008e800000|  0%| F|  |TAMS 0x000000008e700000, 0x000000008e700000| Untracked 
| 232|0x000000008e800000, 0x000000008e800000, 0x000000008e900000|  0%| F|  |TAMS 0x000000008e800000, 0x000000008e800000| Untracked 
| 233|0x000000008e900000, 0x000000008e900000, 0x000000008ea00000|  0%| F|  |TAMS 0x000000008e900000, 0x000000008e900000| Untracked 
| 234|0x000000008ea00000, 0x000000008ea00000, 0x000000008eb00000|  0%| F|  |TAMS 0x000000008ea00000, 0x000000008ea00000| Untracked 
| 235|0x000000008eb00000, 0x000000008eb00000, 0x000000008ec00000|  0%| F|  |TAMS 0x000000008eb00000, 0x000000008eb00000| Untracked 
| 236|0x000000008ec00000, 0x000000008ec00000, 0x000000008ed00000|  0%| F|  |TAMS 0x000000008ec00000, 0x000000008ec00000| Untracked 
| 237|0x000000008ed00000, 0x000000008ed00000, 0x000000008ee00000|  0%| F|  |TAMS 0x000000008ed00000, 0x000000008ed00000| Untracked 
| 238|0x000000008ee00000, 0x000000008ee00000, 0x000000008ef00000|  0%| F|  |TAMS 0x000000008ee00000, 0x000000008ee00000| Untracked 
| 239|0x000000008ef00000, 0x000000008ef00000, 0x000000008f000000|  0%| F|  |TAMS 0x000000008ef00000, 0x000000008ef00000| Untracked 
| 240|0x000000008f000000, 0x000000008f000000, 0x000000008f100000|  0%| F|  |TAMS 0x000000008f000000, 0x000000008f000000| Untracked 
| 241|0x000000008f100000, 0x000000008f100000, 0x000000008f200000|  0%| F|  |TAMS 0x000000008f100000, 0x000000008f100000| Untracked 
| 242|0x000000008f200000, 0x000000008f200000, 0x000000008f300000|  0%| F|  |TAMS 0x000000008f200000, 0x000000008f200000| Untracked 
| 243|0x000000008f300000, 0x000000008f300000, 0x000000008f400000|  0%| F|  |TAMS 0x000000008f300000, 0x000000008f300000| Untracked 
| 244|0x000000008f400000, 0x000000008f400000, 0x000000008f500000|  0%| F|  |TAMS 0x000000008f400000, 0x000000008f400000| Untracked 
| 245|0x000000008f500000, 0x000000008f500000, 0x000000008f600000|  0%| F|  |TAMS 0x000000008f500000, 0x000000008f500000| Untracked 
| 246|0x000000008f600000, 0x000000008f600000, 0x000000008f700000|  0%| F|  |TAMS 0x000000008f600000, 0x000000008f600000| Untracked 
| 247|0x000000008f700000, 0x000000008f700000, 0x000000008f800000|  0%| F|  |TAMS 0x000000008f700000, 0x000000008f700000| Untracked 
| 248|0x000000008f800000, 0x000000008f800000, 0x000000008f900000|  0%| F|  |TAMS 0x000000008f800000, 0x000000008f800000| Untracked 
| 249|0x000000008f900000, 0x000000008f900000, 0x000000008fa00000|  0%| F|  |TAMS 0x000000008f900000, 0x000000008f900000| Untracked 
| 250|0x000000008fa00000, 0x000000008fa00000, 0x000000008fb00000|  0%| F|  |TAMS 0x000000008fa00000, 0x000000008fa00000| Untracked 
| 251|0x000000008fb00000, 0x000000008fb00000, 0x000000008fc00000|  0%| F|  |TAMS 0x000000008fb00000, 0x000000008fb00000| Untracked 
| 252|0x000000008fc00000, 0x000000008fc00000, 0x000000008fd00000|  0%| F|  |TAMS 0x000000008fc00000, 0x000000008fc00000| Untracked 
| 253|0x000000008fd00000, 0x000000008fd00000, 0x000000008fe00000|  0%| F|  |TAMS 0x000000008fd00000, 0x000000008fd00000| Untracked 
| 254|0x000000008fe00000, 0x000000008fe00000, 0x000000008ff00000|  0%| F|  |TAMS 0x000000008fe00000, 0x000000008fe00000| Untracked 
| 255|0x000000008ff00000, 0x000000008ff00000, 0x0000000090000000|  0%| F|  |TAMS 0x000000008ff00000, 0x000000008ff00000| Untracked 
| 256|0x0000000090000000, 0x0000000090000000, 0x0000000090100000|  0%| F|  |TAMS 0x0000000090000000, 0x0000000090000000| Untracked 
| 257|0x0000000090100000, 0x0000000090100000, 0x0000000090200000|  0%| F|  |TAMS 0x0000000090100000, 0x0000000090100000| Untracked 
| 258|0x0000000090200000, 0x0000000090200000, 0x0000000090300000|  0%| F|  |TAMS 0x0000000090200000, 0x0000000090200000| Untracked 
| 259|0x0000000090300000, 0x0000000090300000, 0x0000000090400000|  0%| F|  |TAMS 0x0000000090300000, 0x0000000090300000| Untracked 
| 260|0x0000000090400000, 0x0000000090400000, 0x0000000090500000|  0%| F|  |TAMS 0x0000000090400000, 0x0000000090400000| Untracked 
| 261|0x0000000090500000, 0x0000000090500000, 0x0000000090600000|  0%| F|  |TAMS 0x0000000090500000, 0x0000000090500000| Untracked 
| 262|0x0000000090600000, 0x0000000090600000, 0x0000000090700000|  0%| F|  |TAMS 0x0000000090600000, 0x0000000090600000| Untracked 
| 263|0x0000000090700000, 0x0000000090700000, 0x0000000090800000|  0%| F|  |TAMS 0x0000000090700000, 0x0000000090700000| Untracked 
| 264|0x0000000090800000, 0x0000000090800000, 0x0000000090900000|  0%| F|  |TAMS 0x0000000090800000, 0x0000000090800000| Untracked 
| 265|0x0000000090900000, 0x0000000090900000, 0x0000000090a00000|  0%| F|  |TAMS 0x0000000090900000, 0x0000000090900000| Untracked 
| 266|0x0000000090a00000, 0x0000000090a00000, 0x0000000090b00000|  0%| F|  |TAMS 0x0000000090a00000, 0x0000000090a00000| Untracked 
| 267|0x0000000090b00000, 0x0000000090b00000, 0x0000000090c00000|  0%| F|  |TAMS 0x0000000090b00000, 0x0000000090b00000| Untracked 
| 268|0x0000000090c00000, 0x0000000090c00000, 0x0000000090d00000|  0%| F|  |TAMS 0x0000000090c00000, 0x0000000090c00000| Untracked 
| 269|0x0000000090d00000, 0x0000000090d00000, 0x0000000090e00000|  0%| F|  |TAMS 0x0000000090d00000, 0x0000000090d00000| Untracked 
| 270|0x0000000090e00000, 0x0000000090e00000, 0x0000000090f00000|  0%| F|  |TAMS 0x0000000090e00000, 0x0000000090e00000| Untracked 
| 271|0x0000000090f00000, 0x0000000090f00000, 0x0000000091000000|  0%| F|  |TAMS 0x0000000090f00000, 0x0000000090f00000| Untracked 
| 272|0x0000000091000000, 0x0000000091000000, 0x0000000091100000|  0%| F|  |TAMS 0x0000000091000000, 0x0000000091000000| Untracked 
| 273|0x0000000091100000, 0x0000000091100000, 0x0000000091200000|  0%| F|  |TAMS 0x0000000091100000, 0x0000000091100000| Untracked 
| 274|0x0000000091200000, 0x0000000091200000, 0x0000000091300000|  0%| F|  |TAMS 0x0000000091200000, 0x0000000091200000| Untracked 
| 275|0x0000000091300000, 0x0000000091300000, 0x0000000091400000|  0%| F|  |TAMS 0x0000000091300000, 0x0000000091300000| Untracked 
| 276|0x0000000091400000, 0x0000000091400000, 0x0000000091500000|  0%| F|  |TAMS 0x0000000091400000, 0x0000000091400000| Untracked 
| 277|0x0000000091500000, 0x0000000091500000, 0x0000000091600000|  0%| F|  |TAMS 0x0000000091500000, 0x0000000091500000| Untracked 
| 278|0x0000000091600000, 0x0000000091600000, 0x0000000091700000|  0%| F|  |TAMS 0x0000000091600000, 0x0000000091600000| Untracked 
| 279|0x0000000091700000, 0x0000000091700000, 0x0000000091800000|  0%| F|  |TAMS 0x0000000091700000, 0x0000000091700000| Untracked 
| 280|0x0000000091800000, 0x0000000091800000, 0x0000000091900000|  0%| F|  |TAMS 0x0000000091800000, 0x0000000091800000| Untracked 
| 281|0x0000000091900000, 0x0000000091900000, 0x0000000091a00000|  0%| F|  |TAMS 0x0000000091900000, 0x0000000091900000| Untracked 
| 282|0x0000000091a00000, 0x0000000091a00000, 0x0000000091b00000|  0%| F|  |TAMS 0x0000000091a00000, 0x0000000091a00000| Untracked 
| 283|0x0000000091b00000, 0x0000000091b00000, 0x0000000091c00000|  0%| F|  |TAMS 0x0000000091b00000, 0x0000000091b00000| Untracked 
| 284|0x0000000091c00000, 0x0000000091c00000, 0x0000000091d00000|  0%| F|  |TAMS 0x0000000091c00000, 0x0000000091c00000| Untracked 
| 285|0x0000000091d00000, 0x0000000091d00000, 0x0000000091e00000|  0%| F|  |TAMS 0x0000000091d00000, 0x0000000091d00000| Untracked 
| 286|0x0000000091e00000, 0x0000000091e00000, 0x0000000091f00000|  0%| F|  |TAMS 0x0000000091e00000, 0x0000000091e00000| Untracked 
| 287|0x0000000091f00000, 0x0000000091f00000, 0x0000000092000000|  0%| F|  |TAMS 0x0000000091f00000, 0x0000000091f00000| Untracked 
| 288|0x0000000092000000, 0x0000000092000000, 0x0000000092100000|  0%| F|  |TAMS 0x0000000092000000, 0x0000000092000000| Untracked 
| 289|0x0000000092100000, 0x0000000092100000, 0x0000000092200000|  0%| F|  |TAMS 0x0000000092100000, 0x0000000092100000| Untracked 
| 290|0x0000000092200000, 0x0000000092200000, 0x0000000092300000|  0%| F|  |TAMS 0x0000000092200000, 0x0000000092200000| Untracked 
| 291|0x0000000092300000, 0x0000000092300000, 0x0000000092400000|  0%| F|  |TAMS 0x0000000092300000, 0x0000000092300000| Untracked 
| 292|0x0000000092400000, 0x0000000092400000, 0x0000000092500000|  0%| F|  |TAMS 0x0000000092400000, 0x0000000092400000| Untracked 
| 293|0x0000000092500000, 0x0000000092500000, 0x0000000092600000|  0%| F|  |TAMS 0x0000000092500000, 0x0000000092500000| Untracked 
| 294|0x0000000092600000, 0x0000000092600000, 0x0000000092700000|  0%| F|  |TAMS 0x0000000092600000, 0x0000000092600000| Untracked 
| 295|0x0000000092700000, 0x0000000092700000, 0x0000000092800000|  0%| F|  |TAMS 0x0000000092700000, 0x0000000092700000| Untracked 
| 296|0x0000000092800000, 0x0000000092800000, 0x0000000092900000|  0%| F|  |TAMS 0x0000000092800000, 0x0000000092800000| Untracked 
| 297|0x0000000092900000, 0x0000000092900000, 0x0000000092a00000|  0%| F|  |TAMS 0x0000000092900000, 0x0000000092900000| Untracked 
| 298|0x0000000092a00000, 0x0000000092a00000, 0x0000000092b00000|  0%| F|  |TAMS 0x0000000092a00000, 0x0000000092a00000| Untracked 
| 299|0x0000000092b00000, 0x0000000092b00000, 0x0000000092c00000|  0%| F|  |TAMS 0x0000000092b00000, 0x0000000092b00000| Untracked 
| 300|0x0000000092c00000, 0x0000000092c00000, 0x0000000092d00000|  0%| F|  |TAMS 0x0000000092c00000, 0x0000000092c00000| Untracked 
| 301|0x0000000092d00000, 0x0000000092d00000, 0x0000000092e00000|  0%| F|  |TAMS 0x0000000092d00000, 0x0000000092d00000| Untracked 
| 302|0x0000000092e00000, 0x0000000092e00000, 0x0000000092f00000|  0%| F|  |TAMS 0x0000000092e00000, 0x0000000092e00000| Untracked 
| 303|0x0000000092f00000, 0x0000000092f00000, 0x0000000093000000|  0%| F|  |TAMS 0x0000000092f00000, 0x0000000092f00000| Untracked 
| 304|0x0000000093000000, 0x0000000093000000, 0x0000000093100000|  0%| F|  |TAMS 0x0000000093000000, 0x0000000093000000| Untracked 
| 305|0x0000000093100000, 0x0000000093100000, 0x0000000093200000|  0%| F|  |TAMS 0x0000000093100000, 0x0000000093100000| Untracked 
| 306|0x0000000093200000, 0x00000000932629e0, 0x0000000093300000| 38%| S|CS|TAMS 0x0000000093200000, 0x0000000093200000| Complete 
| 307|0x0000000093300000, 0x0000000093400000, 0x0000000093400000|100%| S|CS|TAMS 0x0000000093300000, 0x0000000093300000| Complete 
| 308|0x0000000093400000, 0x0000000093400000, 0x0000000093500000|  0%| F|  |TAMS 0x0000000093400000, 0x0000000093400000| Untracked 
| 309|0x0000000093500000, 0x0000000093500000, 0x0000000093600000|  0%| F|  |TAMS 0x0000000093500000, 0x0000000093500000| Untracked 
| 310|0x0000000093600000, 0x0000000093600000, 0x0000000093700000|  0%| F|  |TAMS 0x0000000093600000, 0x0000000093600000| Untracked 
| 311|0x0000000093700000, 0x0000000093700000, 0x0000000093800000|  0%| F|  |TAMS 0x0000000093700000, 0x0000000093700000| Untracked 
| 312|0x0000000093800000, 0x0000000093800000, 0x0000000093900000|  0%| F|  |TAMS 0x0000000093800000, 0x0000000093800000| Untracked 
| 313|0x0000000093900000, 0x0000000093900000, 0x0000000093a00000|  0%| F|  |TAMS 0x0000000093900000, 0x0000000093900000| Untracked 
| 314|0x0000000093a00000, 0x0000000093a00000, 0x0000000093b00000|  0%| F|  |TAMS 0x0000000093a00000, 0x0000000093a00000| Untracked 
| 315|0x0000000093b00000, 0x0000000093b00000, 0x0000000093c00000|  0%| F|  |TAMS 0x0000000093b00000, 0x0000000093b00000| Untracked 
| 316|0x0000000093c00000, 0x0000000093c00000, 0x0000000093d00000|  0%| F|  |TAMS 0x0000000093c00000, 0x0000000093c00000| Untracked 
| 317|0x0000000093d00000, 0x0000000093d00000, 0x0000000093e00000|  0%| F|  |TAMS 0x0000000093d00000, 0x0000000093d00000| Untracked 
| 318|0x0000000093e00000, 0x0000000093e00000, 0x0000000093f00000|  0%| F|  |TAMS 0x0000000093e00000, 0x0000000093e00000| Untracked 
| 319|0x0000000093f00000, 0x0000000094000000, 0x0000000094000000|100%| E|  |TAMS 0x0000000093f00000, 0x0000000093f00000| Complete 
| 320|0x0000000094000000, 0x0000000094100000, 0x0000000094100000|100%| E|CS|TAMS 0x0000000094000000, 0x0000000094000000| Complete 
| 321|0x0000000094100000, 0x0000000094200000, 0x0000000094200000|100%| E|CS|TAMS 0x0000000094100000, 0x0000000094100000| Complete 
| 322|0x0000000094200000, 0x0000000094300000, 0x0000000094300000|100%| E|CS|TAMS 0x0000000094200000, 0x0000000094200000| Complete 
| 323|0x0000000094300000, 0x0000000094400000, 0x0000000094400000|100%| E|CS|TAMS 0x0000000094300000, 0x0000000094300000| Complete 
| 324|0x0000000094400000, 0x0000000094500000, 0x0000000094500000|100%| E|CS|TAMS 0x0000000094400000, 0x0000000094400000| Complete 
| 325|0x0000000094500000, 0x0000000094600000, 0x0000000094600000|100%| E|CS|TAMS 0x0000000094500000, 0x0000000094500000| Complete 
| 326|0x0000000094600000, 0x0000000094700000, 0x0000000094700000|100%| E|CS|TAMS 0x0000000094600000, 0x0000000094600000| Complete 
| 327|0x0000000094700000, 0x0000000094800000, 0x0000000094800000|100%| E|CS|TAMS 0x0000000094700000, 0x0000000094700000| Complete 

Card table byte_map: [0x0000017dcd9e0000,0x0000017dcdde0000] _byte_map_base: 0x0000017dcd5e0000

Marking Bits (Prev, Next): (CMBitMap*) 0x0000017db4848af0, (CMBitMap*) 0x0000017db4848ab0
 Prev Bits: [0x0000017dd01e0000, 0x0000017dd21e0000)
 Next Bits: [0x0000017dce1e0000, 0x0000017dd01e0000)

Polling page: 0x0000017db48a0000

Metaspace:

Usage:
  Non-class:     98.06 MB used.
      Class:     14.51 MB used.
       Both:    112.57 MB used.

Virtual space:
  Non-class space:      128.00 MB reserved,      99.00 MB ( 77%) committed,  2 nodes.
      Class space:        1.00 GB reserved,      15.56 MB (  2%) committed,  1 nodes.
             Both:        1.12 GB reserved,     114.56 MB ( 10%) committed. 

Chunk freelists:
   Non-Class:  944.00 KB
       Class:  376.00 KB
        Both:  1.29 MB

MaxMetaspaceSize: unlimited
CompressedClassSpaceSize: 1.00 GB
Initial GC threshold: 21.00 MB
Current GC threshold: 114.81 MB
CDS: on
MetaspaceReclaimPolicy: balanced
 - commit_granule_bytes: 65536.
 - commit_granule_words: 8192.
 - virtual_space_node_default_size: 8388608.
 - enlarge_chunks_in_place: 1.
 - new_chunks_are_fully_committed: 0.
 - uncommit_free_chunks: 1.
 - use_allocation_guard: 0.


Internal statistics:

num_allocs_failed_limit: 32.
num_arena_births: 3600.
num_arena_deaths: 16.
num_vsnodes_births: 3.
num_vsnodes_deaths: 0.
num_space_committed: 1833.
num_space_uncommitted: 0.
num_chunks_returned_to_freelist: 53.
num_chunks_taken_from_freelist: 8631.
num_chunk_merges: 40.
num_chunk_splits: 5841.
num_chunks_enlarged: 3887.
num_inconsistent_stats: 0.

CodeHeap 'non-profiled nmethods': size=120000Kb used=9581Kb max_used=9999Kb free=110418Kb
 bounds [0x0000017dc5650000, 0x0000017dc6020000, 0x0000017dccb80000]
CodeHeap 'profiled nmethods': size=120000Kb used=27453Kb max_used=27695Kb free=92546Kb
 bounds [0x0000017dbe120000, 0x0000017dbfc40000, 0x0000017dc5650000]
CodeHeap 'non-nmethods': size=5760Kb used=2457Kb max_used=2503Kb free=3302Kb
 bounds [0x0000017dbdb80000, 0x0000017dbde00000, 0x0000017dbe120000]
 total_blobs=15186 nmethods=14217 adapters=880
 compilation: enabled
              stopped_count=0, restarted_count=0
 full_count=0

Compilation events (20 events):
Event: 17.945 Thread 0x0000017ddfb41fb0 17507       4       javax.lang.model.util.ElementScanner7::visitVariable (12 bytes)
Event: 17.945 Thread 0x0000017dd4c69af0 nmethod 17509 0x0000017dbe7ee990 code [0x0000017dbe7eeb60, 0x0000017dbe7eefc8]
Event: 17.945 Thread 0x0000017ddfb41fb0 nmethod 17507 0x0000017dc5eac610 code [0x0000017dc5eac7a0, 0x0000017dc5eac888]
Event: 17.945 Thread 0x0000017ddfb41fb0 17508       4       com.sun.tools.javac.code.Symbol$VarSymbol::getKind (105 bytes)
Event: 17.945 Thread 0x0000017dd4c69200 nmethod 17476 0x0000017dc5eac110 code [0x0000017dc5eac2a0, 0x0000017dc5eac498]
Event: 17.945 Thread 0x0000017dd4c69200 17493       4       com.squareup.javapoet.CodeWriter::emitIndentation (28 bytes)
Event: 17.946 Thread 0x0000017ddfb41fb0 nmethod 17508 0x0000017dc5eabd10 code [0x0000017dc5eabea0, 0x0000017dc5eabfd8]
Event: 17.946 Thread 0x0000017ddfb41fb0 17510       4       com.sun.tools.javac.code.Type$ClassType::getTypeArguments (30 bytes)
Event: 17.946 Thread 0x0000017ddfb41fb0 nmethod 17510 0x0000017dc5cea490 code [0x0000017dc5cea620, 0x0000017dc5cea788]
Event: 17.946 Thread 0x0000017ddfb41fb0 17511       4       com.sun.tools.javac.code.Symbol::getTypeParameters (79 bytes)
Event: 17.947 Thread 0x0000017dd4c69af0 17514       3       kotlin.collections.SetsKt__SetsKt::emptySet (7 bytes)
Event: 17.947 Thread 0x0000017dd4c69af0 nmethod 17514 0x0000017dbf3c9090 code [0x0000017dbf3c9220, 0x0000017dbf3c9318]
Event: 17.948 Thread 0x0000017dd4c69af0 17516       3       com.sun.tools.javac.code.Symbol$ClassSymbol::getSuperclass (60 bytes)
Event: 17.948 Thread 0x0000017dd4c69af0 nmethod 17516 0x0000017dbef7ff90 code [0x0000017dbef801a0, 0x0000017dbef80a88]
Event: 17.948 Thread 0x0000017dd4c69af0 17518       3       com.sun.tools.javac.code.Symbol::attribute (45 bytes)
Event: 17.949 Thread 0x0000017dd4c69af0 nmethod 17518 0x0000017dbf171710 code [0x0000017dbf171920, 0x0000017dbf172208]
Event: 17.949 Thread 0x0000017dd4c69af0 17519       3       com.google.common.collect.ImmutableCollection$Builder::expandedCapacity (45 bytes)
Event: 17.949 Thread 0x0000017ddfb41fb0 nmethod 17511 0x0000017dc5ce9e10 code [0x0000017dc5ce9fc0, 0x0000017dc5cea248]
Event: 17.949 Thread 0x0000017ddfb41fb0 17512       4       com.sun.tools.javac.code.Symbol$MethodSymbol::params (138 bytes)
Event: 17.949 Thread 0x0000017dd4c69af0 nmethod 17519 0x0000017dbeb8be10 code [0x0000017dbeb8bfe0, 0x0000017dbeb8c318]

GC Heap History (20 events):
Event: 11.651 GC heap before
{Heap before GC invocations=33 (full 0):
 garbage-first heap   total 232448K, used 185193K [0x0000000080000000, 0x0000000100000000)
  region size 1024K, 73 young (74752K), 8 survivors (8192K)
 Metaspace       used 89377K, committed 91264K, reserved 1179648K
  class space    used 12150K, committed 13120K, reserved 1048576K
}
Event: 11.660 GC heap after
{Heap after GC invocations=34 (full 0):
 garbage-first heap   total 279552K, used 123574K [0x0000000080000000, 0x0000000100000000)
  region size 1024K, 7 young (7168K), 7 survivors (7168K)
 Metaspace       used 89377K, committed 91264K, reserved 1179648K
  class space    used 12150K, committed 13120K, reserved 1048576K
}
Event: 12.140 GC heap before
{Heap before GC invocations=34 (full 0):
 garbage-first heap   total 279552K, used 224950K [0x0000000080000000, 0x0000000100000000)
  region size 1024K, 107 young (109568K), 7 survivors (7168K)
 Metaspace       used 89585K, committed 91456K, reserved 1179648K
  class space    used 12173K, committed 13120K, reserved 1048576K
}
Event: 12.152 GC heap after
{Heap after GC invocations=35 (full 0):
 garbage-first heap   total 279552K, used 128453K [0x0000000080000000, 0x0000000100000000)
  region size 1024K, 12 young (12288K), 12 survivors (12288K)
 Metaspace       used 89585K, committed 91456K, reserved 1179648K
  class space    used 12173K, committed 13120K, reserved 1048576K
}
Event: 12.750 GC heap before
{Heap before GC invocations=35 (full 0):
 garbage-first heap   total 279552K, used 224709K [0x0000000080000000, 0x0000000100000000)
  region size 1024K, 104 young (106496K), 12 survivors (12288K)
 Metaspace       used 90046K, committed 91904K, reserved 1179648K
  class space    used 12228K, committed 13184K, reserved 1048576K
}
Event: 12.763 GC heap after
{Heap after GC invocations=36 (full 0):
 garbage-first heap   total 279552K, used 138133K [0x0000000080000000, 0x0000000100000000)
  region size 1024K, 13 young (13312K), 13 survivors (13312K)
 Metaspace       used 90046K, committed 91904K, reserved 1179648K
  class space    used 12228K, committed 13184K, reserved 1048576K
}
Event: 13.249 GC heap before
{Heap before GC invocations=36 (full 0):
 garbage-first heap   total 279552K, used 222101K [0x0000000080000000, 0x0000000100000000)
  region size 1024K, 95 young (97280K), 13 survivors (13312K)
 Metaspace       used 92325K, committed 94272K, reserved 1179648K
  class space    used 12513K, committed 13504K, reserved 1048576K
}
Event: 13.256 GC heap after
{Heap after GC invocations=37 (full 0):
 garbage-first heap   total 279552K, used 138609K [0x0000000080000000, 0x0000000100000000)
  region size 1024K, 8 young (8192K), 8 survivors (8192K)
 Metaspace       used 92325K, committed 94272K, reserved 1179648K
  class space    used 12513K, committed 13504K, reserved 1048576K
}
Event: 13.490 GC heap before
{Heap before GC invocations=37 (full 0):
 garbage-first heap   total 279552K, used 224625K [0x0000000080000000, 0x0000000100000000)
  region size 1024K, 91 young (93184K), 8 survivors (8192K)
 Metaspace       used 93644K, committed 95616K, reserved 1179648K
  class space    used 12598K, committed 13632K, reserved 1048576K
}
Event: 13.500 GC heap after
{Heap after GC invocations=38 (full 0):
 garbage-first heap   total 279552K, used 141830K [0x0000000080000000, 0x0000000100000000)
  region size 1024K, 8 young (8192K), 8 survivors (8192K)
 Metaspace       used 93644K, committed 95616K, reserved 1179648K
  class space    used 12598K, committed 13632K, reserved 1048576K
}
Event: 13.734 GC heap before
{Heap before GC invocations=38 (full 0):
 garbage-first heap   total 279552K, used 225798K [0x0000000080000000, 0x0000000100000000)
  region size 1024K, 89 young (91136K), 8 survivors (8192K)
 Metaspace       used 93873K, committed 95808K, reserved 1179648K
  class space    used 12616K, committed 13632K, reserved 1048576K
}
Event: 13.747 GC heap after
{Heap after GC invocations=39 (full 0):
 garbage-first heap   total 335872K, used 145852K [0x0000000080000000, 0x0000000100000000)
  region size 1024K, 7 young (7168K), 7 survivors (7168K)
 Metaspace       used 93873K, committed 95808K, reserved 1179648K
  class space    used 12616K, committed 13632K, reserved 1048576K
}
Event: 16.115 GC heap before
{Heap before GC invocations=39 (full 0):
 garbage-first heap   total 335872K, used 278972K [0x0000000080000000, 0x0000000100000000)
  region size 1024K, 132 young (135168K), 7 survivors (7168K)
 Metaspace       used 99613K, committed 101632K, reserved 1179648K
  class space    used 13216K, committed 14272K, reserved 1048576K
}
Event: 16.133 GC heap after
{Heap after GC invocations=40 (full 0):
 garbage-first heap   total 335872K, used 172106K [0x0000000080000000, 0x0000000100000000)
  region size 1024K, 17 young (17408K), 17 survivors (17408K)
 Metaspace       used 99613K, committed 101632K, reserved 1179648K
  class space    used 13216K, committed 14272K, reserved 1048576K
}
Event: 16.895 GC heap before
{Heap before GC invocations=40 (full 0):
 garbage-first heap   total 335872K, used 270410K [0x0000000080000000, 0x0000000100000000)
  region size 1024K, 106 young (108544K), 17 survivors (17408K)
 Metaspace       used 107336K, committed 109376K, reserved 1179648K
  class space    used 13966K, committed 15040K, reserved 1048576K
}
Event: 16.915 GC heap after
{Heap after GC invocations=41 (full 0):
 garbage-first heap   total 335872K, used 191390K [0x0000000080000000, 0x0000000100000000)
  region size 1024K, 14 young (14336K), 14 survivors (14336K)
 Metaspace       used 107336K, committed 109376K, reserved 1179648K
  class space    used 13966K, committed 15040K, reserved 1048576K
}
Event: 17.713 GC heap before
{Heap before GC invocations=41 (full 0):
 garbage-first heap   total 335872K, used 267166K [0x0000000080000000, 0x0000000100000000)
  region size 1024K, 88 young (90112K), 14 survivors (14336K)
 Metaspace       used 112513K, committed 114496K, reserved 1179648K
  class space    used 14564K, committed 15616K, reserved 1048576K
}
Event: 17.724 GC heap after
{Heap after GC invocations=42 (full 0):
 garbage-first heap   total 335872K, used 198849K [0x0000000080000000, 0x0000000100000000)
  region size 1024K, 8 young (8192K), 8 survivors (8192K)
 Metaspace       used 112513K, committed 114496K, reserved 1179648K
  class space    used 14564K, committed 15616K, reserved 1048576K
}
Event: 17.835 GC heap before
{Heap before GC invocations=42 (full 0):
 garbage-first heap   total 335872K, used 218305K [0x0000000080000000, 0x0000000100000000)
  region size 1024K, 28 young (28672K), 8 survivors (8192K)
 Metaspace       used 113677K, committed 115648K, reserved 1179648K
  class space    used 14685K, committed 15744K, reserved 1048576K
}
Event: 17.839 GC heap after
{Heap after GC invocations=43 (full 0):
 garbage-first heap   total 335872K, used 200376K [0x0000000080000000, 0x0000000100000000)
  region size 1024K, 2 young (2048K), 2 survivors (2048K)
 Metaspace       used 113677K, committed 115648K, reserved 1179648K
  class space    used 14685K, committed 15744K, reserved 1048576K
}

Deoptimization events (20 events):
Event: 17.656 Thread 0x0000017ddd869110 Uncommon trap: trap_request=0xffffffc6 fr.pc=0x0000017dc60106e8 relative=0x0000000000000cc8
Event: 17.656 Thread 0x0000017ddd869110 Uncommon trap: reason=bimorphic_or_optimized_type_check action=maybe_recompile pc=0x0000017dc60106e8 method=com.sun.tools.javac.file.BaseFileManager.getKind(Ljava/nio/file/Path;)Ljavax/tools/JavaFileObject$Kind; @ 1 c2
Event: 17.656 Thread 0x0000017ddd869110 DEOPT PACKING pc=0x0000017dc60106e8 sp=0x00000065123fc8e0
Event: 17.656 Thread 0x0000017ddd869110 DEOPT UNPACKING pc=0x0000017dbdbd5c23 sp=0x00000065123fc860 mode 2
Event: 17.765 Thread 0x0000017ddd869110 Uncommon trap: trap_request=0xffffffcc fr.pc=0x0000017dc5877b84 relative=0x0000000000000164
Event: 17.765 Thread 0x0000017ddd869110 Uncommon trap: reason=intrinsic_or_type_checked_inlining action=make_not_entrant pc=0x0000017dc5877b84 method=java.util.ArrayList$SubList.toArray([Ljava/lang/Object;)[Ljava/lang/Object; @ 58 c2
Event: 17.765 Thread 0x0000017ddd869110 DEOPT PACKING pc=0x0000017dc5877b84 sp=0x00000065123fc240
Event: 17.765 Thread 0x0000017ddd869110 DEOPT UNPACKING pc=0x0000017dbdbd5c23 sp=0x00000065123fc220 mode 2
Event: 17.917 Thread 0x0000017ddd869110 Uncommon trap: trap_request=0xffffff45 fr.pc=0x0000017dc5f1ea58 relative=0x0000000000002e58
Event: 17.917 Thread 0x0000017ddd869110 Uncommon trap: reason=unstable_if action=reinterpret pc=0x0000017dc5f1ea58 method=java.util.regex.Pattern.split(Ljava/lang/CharSequence;I)[Ljava/lang/String; @ 230 c2
Event: 17.917 Thread 0x0000017ddd869110 DEOPT PACKING pc=0x0000017dc5f1ea58 sp=0x00000065123fc650
Event: 17.917 Thread 0x0000017ddd869110 DEOPT UNPACKING pc=0x0000017dbdbd5c23 sp=0x00000065123fc590 mode 2
Event: 17.917 Thread 0x0000017ddd869110 Uncommon trap: trap_request=0xffffff45 fr.pc=0x0000017dc5ef6404 relative=0x00000000000024a4
Event: 17.917 Thread 0x0000017ddd869110 Uncommon trap: reason=unstable_if action=reinterpret pc=0x0000017dc5ef6404 method=java.util.regex.Pattern.split(Ljava/lang/CharSequence;I)[Ljava/lang/String; @ 230 c2
Event: 17.917 Thread 0x0000017ddd869110 DEOPT PACKING pc=0x0000017dc5ef6404 sp=0x00000065123fc7f0
Event: 17.917 Thread 0x0000017ddd869110 DEOPT UNPACKING pc=0x0000017dbdbd5c23 sp=0x00000065123fc800 mode 2
Event: 17.935 Thread 0x0000017ddd869110 Uncommon trap: trap_request=0xffffff45 fr.pc=0x0000017dc5ebd250 relative=0x0000000000000d70
Event: 17.935 Thread 0x0000017ddd869110 Uncommon trap: reason=unstable_if action=reinterpret pc=0x0000017dc5ebd250 method=com.squareup.javapoet.CodeWriter.emitAndIndent(Ljava/lang/String;)Lcom/squareup/javapoet/CodeWriter; @ 153 c2
Event: 17.935 Thread 0x0000017ddd869110 DEOPT PACKING pc=0x0000017dc5ebd250 sp=0x00000065123fc680
Event: 17.935 Thread 0x0000017ddd869110 DEOPT UNPACKING pc=0x0000017dbdbd5c23 sp=0x00000065123fc628 mode 2

Classes loaded (20 events):
Event: 17.185 Loading class sun/util/locale/Extension done
Event: 17.185 Loading class sun/util/locale/UnicodeLocaleExtension done
Event: 17.217 Loading class java/util/EmptyStackException
Event: 17.217 Loading class java/util/EmptyStackException done
Event: 17.224 Loading class java/io/InvalidClassException
Event: 17.224 Loading class java/io/InvalidClassException done
Event: 17.574 Loading class java/lang/Override
Event: 17.574 Loading class java/lang/Override done
Event: 17.580 Loading class java/util/Collections$UnmodifiableList$1
Event: 17.581 Loading class java/util/Collections$UnmodifiableList$1 done
Event: 17.612 Loading class java/io/FilterWriter
Event: 17.612 Loading class java/io/FilterWriter done
Event: 17.613 Loading class java/nio/file/Path$1
Event: 17.613 Loading class java/nio/file/Path$1 done
Event: 17.620 Loading class java/util/AbstractList$RandomAccessSubList
Event: 17.620 Loading class java/util/AbstractList$SubList
Event: 17.621 Loading class java/util/AbstractList$SubList done
Event: 17.621 Loading class java/util/AbstractList$RandomAccessSubList done
Event: 17.621 Loading class java/util/AbstractList$SubList$1
Event: 17.621 Loading class java/util/AbstractList$SubList$1 done

Classes unloaded (8 events):
Event: 17.950 Thread 0x0000017dd4c3df70 Unloading class 0x00000008018ec400 'java/lang/invoke/LambdaForm$DMH+0x00000008018ec400'
Event: 17.950 Thread 0x0000017dd4c3df70 Unloading class 0x00000008018ddc00 'java/lang/invoke/LambdaForm$DMH+0x00000008018ddc00'
Event: 17.950 Thread 0x0000017dd4c3df70 Unloading class 0x00000008018dd800 'java/lang/invoke/LambdaForm$DMH+0x00000008018dd800'
Event: 17.950 Thread 0x0000017dd4c3df70 Unloading class 0x00000008018dd400 'java/lang/invoke/LambdaForm$DMH+0x00000008018dd400'
Event: 17.950 Thread 0x0000017dd4c3df70 Unloading class 0x00000008018dd000 'java/lang/invoke/LambdaForm$DMH+0x00000008018dd000'
Event: 17.950 Thread 0x0000017dd4c3df70 Unloading class 0x00000008018dc400 'java/lang/invoke/LambdaForm$DMH+0x00000008018dc400'
Event: 17.950 Thread 0x0000017dd4c3df70 Unloading class 0x00000008018dc800 'java/lang/invoke/LambdaForm$DMH+0x00000008018dc800'
Event: 17.950 Thread 0x0000017dd4c3df70 Unloading class 0x00000008018dcc00 'java/lang/invoke/LambdaForm$DMH+0x00000008018dcc00'

Classes redefined (0 events):
No events

Internal exceptions (20 events):
Event: 17.754 Thread 0x0000017ddd869110 Exception <a 'sun/nio/fs/WindowsException'{0x0000000093d18f40}> (0x0000000093d18f40) 
thrown [s\src\hotspot\share\prims\jni.cpp, line 516]
Event: 17.762 Thread 0x0000017ddd869110 Exception <a 'sun/nio/fs/WindowsException'{0x0000000093b69318}> (0x0000000093b69318) 
thrown [s\src\hotspot\share\prims\jni.cpp, line 516]
Event: 17.762 Thread 0x0000017ddd869110 Exception <a 'sun/nio/fs/WindowsException'{0x0000000093b69e00}> (0x0000000093b69e00) 
thrown [s\src\hotspot\share\prims\jni.cpp, line 516]
Event: 17.916 Thread 0x0000017ddd869110 Exception <a 'sun/nio/fs/WindowsException'{0x000000009411bdb8}> (0x000000009411bdb8) 
thrown [s\src\hotspot\share\prims\jni.cpp, line 516]
Event: 17.916 Thread 0x0000017ddd869110 Exception <a 'sun/nio/fs/WindowsException'{0x000000009411c8a0}> (0x000000009411c8a0) 
thrown [s\src\hotspot\share\prims\jni.cpp, line 516]
Event: 17.916 Thread 0x0000017ddd869110 Exception <a 'sun/nio/fs/WindowsException'{0x000000009411e080}> (0x000000009411e080) 
thrown [s\src\hotspot\share\prims\jni.cpp, line 516]
Event: 17.933 Thread 0x0000017ddd869110 Exception <a 'sun/nio/fs/WindowsException'{0x0000000094053e88}> (0x0000000094053e88) 
thrown [s\src\hotspot\share\prims\jni.cpp, line 516]
Event: 17.933 Thread 0x0000017ddd869110 Exception <a 'sun/nio/fs/WindowsException'{0x0000000094054988}> (0x0000000094054988) 
thrown [s\src\hotspot\share\prims\jni.cpp, line 516]
Event: 17.933 Thread 0x0000017ddd869110 Exception <a 'sun/nio/fs/WindowsException'{0x00000000940561e8}> (0x00000000940561e8) 
thrown [s\src\hotspot\share\prims\jni.cpp, line 516]
Event: 17.933 Thread 0x0000017ddd869110 Exception <a 'sun/nio/fs/WindowsException'{0x0000000094056a50}> (0x0000000094056a50) 
thrown [s\src\hotspot\share\prims\jni.cpp, line 516]
Event: 17.933 Thread 0x0000017ddd869110 Exception <a 'sun/nio/fs/WindowsException'{0x00000000940574e0}> (0x00000000940574e0) 
thrown [s\src\hotspot\share\prims\jni.cpp, line 516]
Event: 17.933 Thread 0x0000017ddd869110 Exception <a 'sun/nio/fs/WindowsException'{0x0000000094057960}> (0x0000000094057960) 
thrown [s\src\hotspot\share\prims\jni.cpp, line 516]
Event: 17.933 Thread 0x0000017ddd869110 Exception <a 'sun/nio/fs/WindowsException'{0x0000000094058bf0}> (0x0000000094058bf0) 
thrown [s\src\hotspot\share\prims\jni.cpp, line 516]
Event: 17.933 Thread 0x0000017ddd869110 Exception <a 'sun/nio/fs/WindowsException'{0x0000000094059010}> (0x0000000094059010) 
thrown [s\src\hotspot\share\prims\jni.cpp, line 516]
Event: 17.933 Thread 0x0000017ddd869110 Exception <a 'sun/nio/fs/WindowsException'{0x000000009405a280}> (0x000000009405a280) 
thrown [s\src\hotspot\share\prims\jni.cpp, line 516]
Event: 17.933 Thread 0x0000017ddd869110 Exception <a 'sun/nio/fs/WindowsException'{0x000000009405a670}> (0x000000009405a670) 
thrown [s\src\hotspot\share\prims\jni.cpp, line 516]
Event: 17.933 Thread 0x0000017ddd869110 Exception <a 'sun/nio/fs/WindowsException'{0x000000009405b8d0}> (0x000000009405b8d0) 
thrown [s\src\hotspot\share\prims\jni.cpp, line 516]
Event: 17.933 Thread 0x0000017ddd869110 Exception <a 'sun/nio/fs/WindowsException'{0x000000009405bca0}> (0x000000009405bca0) 
thrown [s\src\hotspot\share\prims\jni.cpp, line 516]
Event: 17.933 Thread 0x0000017ddd869110 Exception <a 'sun/nio/fs/WindowsException'{0x000000009405cee8}> (0x000000009405cee8) 
thrown [s\src\hotspot\share\prims\jni.cpp, line 516]
Event: 17.949 Thread 0x0000017ddd869110 Exception <a 'java/lang/IncompatibleClassChangeError'{0x0000000093fcf698}: Found class java.lang.Object, but interface was expected> (0x0000000093fcf698) 
thrown [s\src\hotspot\share\interpreter\linkResolver.cpp, line 826]

VM Operations (20 events):
Event: 17.516 Executing VM operation: HandshakeAllThreads done
Event: 17.698 Executing VM operation: HandshakeAllThreads
Event: 17.698 Executing VM operation: HandshakeAllThreads done
Event: 17.712 Executing VM operation: G1CollectForAllocation
Event: 17.724 Executing VM operation: G1CollectForAllocation done
Event: 17.834 Executing VM operation: CollectForMetadataAllocation
Event: 17.839 Executing VM operation: CollectForMetadataAllocation done
Event: 17.857 Executing VM operation: CollectForMetadataAllocation
Event: 17.858 Executing VM operation: CollectForMetadataAllocation done
Event: 17.858 Executing VM operation: CollectForMetadataAllocation
Event: 17.858 Executing VM operation: CollectForMetadataAllocation done
Event: 17.875 Executing VM operation: CollectForMetadataAllocation
Event: 17.875 Executing VM operation: CollectForMetadataAllocation done
Event: 17.890 Executing VM operation: CollectForMetadataAllocation
Event: 17.890 Executing VM operation: CollectForMetadataAllocation done
Event: 17.905 Executing VM operation: CollectForMetadataAllocation
Event: 17.905 Executing VM operation: CollectForMetadataAllocation done
Event: 17.942 Executing VM operation: CollectForMetadataAllocation
Event: 17.942 Executing VM operation: CollectForMetadataAllocation done
Event: 17.949 Executing VM operation: G1Concurrent

Events (20 events):
Event: 17.536 Thread 0x0000017dd4c6e400 flushing nmethod 0x0000017dbfac5710
Event: 17.536 Thread 0x0000017dd4c6e400 flushing nmethod 0x0000017dbfac7390
Event: 17.536 Thread 0x0000017dd4c6e400 flushing nmethod 0x0000017dbfad7e10
Event: 17.536 Thread 0x0000017dd4c6e400 flushing nmethod 0x0000017dbfb11790
Event: 17.536 Thread 0x0000017dd4c6e400 flushing nmethod 0x0000017dbfb44510
Event: 17.536 Thread 0x0000017dd4c6e400 flushing nmethod 0x0000017dbfb61b90
Event: 17.536 Thread 0x0000017dd4c6e400 flushing nmethod 0x0000017dbfb66490
Event: 17.536 Thread 0x0000017dd4c6e400 flushing nmethod 0x0000017dbfb69090
Event: 17.536 Thread 0x0000017dd4c6e400 flushing nmethod 0x0000017dbfb69b90
Event: 17.536 Thread 0x0000017dd4c6e400 flushing nmethod 0x0000017dbfb6af10
Event: 17.536 Thread 0x0000017dd4c6e400 flushing nmethod 0x0000017dbfb6ed90
Event: 17.536 Thread 0x0000017dd4c6e400 flushing nmethod 0x0000017dbfb6f110
Event: 17.536 Thread 0x0000017dd4c6e400 flushing nmethod 0x0000017dbfb72010
Event: 17.536 Thread 0x0000017dd4c6e400 flushing nmethod 0x0000017dbfb74090
Event: 17.536 Thread 0x0000017dd4c6e400 flushing nmethod 0x0000017dbfb74610
Event: 17.536 Thread 0x0000017dd4c6e400 flushing nmethod 0x0000017dbfb7ea10
Event: 17.536 Thread 0x0000017dd4c6e400 flushing nmethod 0x0000017dbfb85d10
Event: 17.536 Thread 0x0000017dd4c6e400 flushing nmethod 0x0000017dbfb8d190
Event: 17.536 Thread 0x0000017dd4c6e400 flushing nmethod 0x0000017dbfb8da10
Event: 17.536 Thread 0x0000017dd4c6e400 flushing nmethod 0x0000017dbfb99310


Dynamic libraries:
0x00007ff75b820000 - 0x00007ff75b82e000 	C:\Users\amrhi\.jdks\azul-18.0.2.1\bin\java.exe
0x00007ffefe350000 - 0x00007ffefe567000 	C:\WINDOWS\SYSTEM32\ntdll.dll
0x00007ffefd210000 - 0x00007ffefd2d4000 	C:\WINDOWS\System32\KERNEL32.DLL
0x00007ffefba40000 - 0x00007ffefbded000 	C:\WINDOWS\System32\KERNELBASE.dll
0x00007ffefb8a0000 - 0x00007ffefb9b1000 	C:\WINDOWS\System32\ucrtbase.dll
0x00007ffeee610000 - 0x00007ffeee62b000 	C:\Users\amrhi\.jdks\azul-18.0.2.1\bin\VCRUNTIME140.dll
0x00007ffeee5f0000 - 0x00007ffeee607000 	C:\Users\amrhi\.jdks\azul-18.0.2.1\bin\jli.dll
0x00007ffefd720000 - 0x00007ffefd8ce000 	C:\WINDOWS\System32\USER32.dll
0x00007ffee2b20000 - 0x00007ffee2db3000 	C:\WINDOWS\WinSxS\amd64_microsoft.windows.common-controls_6595b64144ccf1df_6.0.22621.3672_none_2713b9d173822955\COMCTL32.dll
0x00007ffefb7d0000 - 0x00007ffefb7f6000 	C:\WINDOWS\System32\win32u.dll
0x00007ffefc090000 - 0x00007ffefc137000 	C:\WINDOWS\System32\msvcrt.dll
0x00007ffefc450000 - 0x00007ffefc479000 	C:\WINDOWS\System32\GDI32.dll
0x00007ffefb6b0000 - 0x00007ffefb7c9000 	C:\WINDOWS\System32\gdi32full.dll
0x00007ffefb800000 - 0x00007ffefb89a000 	C:\WINDOWS\System32\msvcp_win.dll
0x00007ffefd050000 - 0x00007ffefd081000 	C:\WINDOWS\System32\IMM32.DLL
0x00007ffef5ce0000 - 0x00007ffef5cec000 	C:\Users\amrhi\.jdks\azul-18.0.2.1\bin\vcruntime140_1.dll
0x00007ffecfa20000 - 0x00007ffecfaad000 	C:\Users\amrhi\.jdks\azul-18.0.2.1\bin\msvcp140.dll
0x00007ffe6c220000 - 0x00007ffe6cec0000 	C:\Users\amrhi\.jdks\azul-18.0.2.1\bin\server\jvm.dll
0x00007ffefcf00000 - 0x00007ffefcfb2000 	C:\WINDOWS\System32\ADVAPI32.dll
0x00007ffefd670000 - 0x00007ffefd719000 	C:\WINDOWS\System32\sechost.dll
0x00007ffefb680000 - 0x00007ffefb6a8000 	C:\WINDOWS\System32\bcrypt.dll
0x00007ffefc480000 - 0x00007ffefc594000 	C:\WINDOWS\System32\RPCRT4.dll
0x00007ffefc360000 - 0x00007ffefc368000 	C:\WINDOWS\System32\PSAPI.DLL
0x00007ffee1e00000 - 0x00007ffee1e09000 	C:\WINDOWS\SYSTEM32\WSOCK32.dll
0x00007ffef2e80000 - 0x00007ffef2eb4000 	C:\WINDOWS\SYSTEM32\WINMM.dll
0x00007ffef0a20000 - 0x00007ffef0a2a000 	C:\WINDOWS\SYSTEM32\VERSION.dll
0x00007ffefcfc0000 - 0x00007ffefd031000 	C:\WINDOWS\System32\WS2_32.dll
0x00007ffefa740000 - 0x00007ffefa758000 	C:\WINDOWS\SYSTEM32\kernel.appcore.dll
0x00007ffee1a50000 - 0x00007ffee1a5a000 	C:\Users\amrhi\.jdks\azul-18.0.2.1\bin\jimage.dll
0x00007ffef8ff0000 - 0x00007ffef9222000 	C:\WINDOWS\SYSTEM32\DBGHELP.DLL
0x00007ffefd2e0000 - 0x00007ffefd668000 	C:\WINDOWS\System32\combase.dll
0x00007ffefc370000 - 0x00007ffefc447000 	C:\WINDOWS\System32\OLEAUT32.dll
0x00007ffeef220000 - 0x00007ffeef252000 	C:\WINDOWS\SYSTEM32\dbgcore.DLL
0x00007ffefb9c0000 - 0x00007ffefba3b000 	C:\WINDOWS\System32\bcryptPrimitives.dll
0x00007ffee1a10000 - 0x00007ffee1a35000 	C:\Users\amrhi\.jdks\azul-18.0.2.1\bin\java.dll
0x00007ffecb6e0000 - 0x00007ffecb7b7000 	C:\Users\amrhi\.jdks\azul-18.0.2.1\bin\jsvml.dll
0x00007ffefc6a0000 - 0x00007ffefceff000 	C:\WINDOWS\System32\SHELL32.dll
0x00007ffef95e0000 - 0x00007ffef9edc000 	C:\WINDOWS\SYSTEM32\windows.storage.dll
0x00007ffef94a0000 - 0x00007ffef95df000 	C:\WINDOWS\SYSTEM32\wintypes.dll
0x00007ffefe210000 - 0x00007ffefe304000 	C:\WINDOWS\System32\SHCORE.dll
0x00007ffefdd70000 - 0x00007ffefddce000 	C:\WINDOWS\System32\shlwapi.dll
0x00007ffefb5b0000 - 0x00007ffefb5d1000 	C:\WINDOWS\SYSTEM32\profapi.dll
0x00007ffee1870000 - 0x00007ffee1883000 	C:\Users\amrhi\.jdks\azul-18.0.2.1\bin\net.dll
0x00007ffef4950000 - 0x00007ffef4a86000 	C:\WINDOWS\SYSTEM32\WINHTTP.dll
0x00007ffefac10000 - 0x00007ffefac79000 	C:\WINDOWS\system32\mswsock.dll
0x00007ffee1850000 - 0x00007ffee1866000 	C:\Users\amrhi\.jdks\azul-18.0.2.1\bin\nio.dll
0x00007ffee1890000 - 0x00007ffee18a8000 	C:\Users\amrhi\.jdks\azul-18.0.2.1\bin\zip.dll
0x00007ffee14a0000 - 0x00007ffee14b0000 	C:\Users\amrhi\.jdks\azul-18.0.2.1\bin\verify.dll
0x00007ffef2720000 - 0x00007ffef2747000 	C:\Users\amrhi\.gradle\native\e1d6ef7f7dcc3fd88c89a11ec53ec762bb8ba0a96d01ffa2cd45eb1d1d8dd5c5\windows-amd64\native-platform.dll
0x00007ffea9e80000 - 0x00007ffea9fc4000 	C:\Users\amrhi\.gradle\native\0d407fdbe67a94daf76414ababcb853783967236a71b16ec16e742cd7a986fd3\windows-amd64\native-platform-file-events.dll
0x00007ffee1490000 - 0x00007ffee1499000 	C:\Users\amrhi\.jdks\azul-18.0.2.1\bin\management.dll
0x00007ffee1480000 - 0x00007ffee148b000 	C:\Users\amrhi\.jdks\azul-18.0.2.1\bin\management_ext.dll
0x00007ffefae70000 - 0x00007ffefae8b000 	C:\WINDOWS\SYSTEM32\CRYPTSP.dll
0x00007ffefa700000 - 0x00007ffefa735000 	C:\WINDOWS\system32\rsaenh.dll
0x00007ffefad10000 - 0x00007ffefad38000 	C:\WINDOWS\SYSTEM32\USERENV.dll
0x00007ffefae90000 - 0x00007ffefae9c000 	C:\WINDOWS\SYSTEM32\CRYPTBASE.dll
0x00007ffefa1b0000 - 0x00007ffefa1dd000 	C:\WINDOWS\SYSTEM32\IPHLPAPI.DLL
0x00007ffefd200000 - 0x00007ffefd209000 	C:\WINDOWS\System32\NSI.dll
0x00007ffef4770000 - 0x00007ffef4789000 	C:\WINDOWS\SYSTEM32\dhcpcsvc6.DLL
0x00007ffef4750000 - 0x00007ffef476f000 	C:\WINDOWS\SYSTEM32\dhcpcsvc.DLL
0x00007ffefa220000 - 0x00007ffefa318000 	C:\WINDOWS\SYSTEM32\DNSAPI.dll
0x00007ffed63b0000 - 0x00007ffed63c7000 	C:\WINDOWS\system32\napinsp.dll
0x00007ffed4480000 - 0x00007ffed449b000 	C:\WINDOWS\system32\pnrpnsp.dll
0x00007ffed2d10000 - 0x00007ffed2d21000 	C:\WINDOWS\System32\winrnr.dll
0x00007ffef2bd0000 - 0x00007ffef2be5000 	C:\WINDOWS\system32\wshbth.dll
0x00007ffed2c80000 - 0x00007ffed2ca7000 	C:\WINDOWS\system32\nlansp_c.dll
0x00007ffef4740000 - 0x00007ffef474a000 	C:\Windows\System32\rasadhlp.dll
0x00007ffef2ac0000 - 0x00007ffef2b43000 	C:\WINDOWS\System32\fwpuclnt.dll
0x00007ffecb5d0000 - 0x00007ffecb6b9000 	C:\Users\amrhi\AppData\Local\Temp\sqlite-3.41.2.2-9d46f22b-5a10-4058-a69e-bb52a3ee60d0-sqlitejdbc.dll

dbghelp: loaded successfully - version: 4.0.5 - missing functions: none
symbol engine: initialized successfully - sym options: 0x614 - pdb path: .;C:\Users\amrhi\.jdks\azul-18.0.2.1\bin;C:\WINDOWS\SYSTEM32;C:\WINDOWS\WinSxS\amd64_microsoft.windows.common-controls_6595b64144ccf1df_6.0.22621.3672_none_2713b9d173822955;C:\Users\amrhi\.jdks\azul-18.0.2.1\bin\server;C:\Users\amrhi\.gradle\native\e1d6ef7f7dcc3fd88c89a11ec53ec762bb8ba0a96d01ffa2cd45eb1d1d8dd5c5\windows-amd64;C:\Users\amrhi\.gradle\native\0d407fdbe67a94daf76414ababcb853783967236a71b16ec16e742cd7a986fd3\windows-amd64;C:\Users\amrhi\AppData\Local\Temp

VM Arguments:
jvm_args: --add-opens=java.base/java.util=ALL-UNNAMED --add-opens=java.base/java.lang=ALL-UNNAMED --add-opens=java.base/java.lang.invoke=ALL-UNNAMED --add-opens=java.base/java.util=ALL-UNNAMED --add-opens=java.prefs/java.util.prefs=ALL-UNNAMED --add-opens=java.prefs/java.util.prefs=ALL-UNNAMED --add-opens=java.base/java.nio.charset=ALL-UNNAMED --add-opens=java.base/java.net=ALL-UNNAMED --add-opens=java.base/java.util.concurrent.atomic=ALL-UNNAMED -Xmx2048m -Dfile.encoding=UTF-8 -Duser.country=US -Duser.language=en -Duser.variant 
java_command: org.gradle.launcher.daemon.bootstrap.GradleDaemon 7.5
java_class_path (initial): C:\Users\amrhi\.gradle\wrapper\dists\gradle-7.5-bin\f1w0cc9nuo0eivz97x2xlu9sv\gradle-7.5\lib\gradle-launcher-7.5.jar
Launcher Type: SUN_STANDARD

[Global flags]
     intx CICompilerCount                          = 4                                         {product} {ergonomic}
     uint ConcGCThreads                            = 2                                         {product} {ergonomic}
     uint G1ConcRefinementThreads                  = 8                                         {product} {ergonomic}
   size_t G1HeapRegionSize                         = 1048576                                   {product} {ergonomic}
    uintx GCDrainStackTargetSize                   = 64                                        {product} {ergonomic}
   size_t InitialHeapSize                          = 130023424                                 {product} {ergonomic}
   size_t MarkStackSize                            = 4194304                                   {product} {ergonomic}
   size_t MaxHeapSize                              = 2147483648                                {product} {command line}
   size_t MaxNewSize                               = 1287651328                                {product} {ergonomic}
   size_t MinHeapDeltaBytes                        = 1048576                                   {product} {ergonomic}
   size_t MinHeapSize                              = 8388608                                   {product} {ergonomic}
    uintx NonNMethodCodeHeapSize                   = 5839372                                {pd product} {ergonomic}
    uintx NonProfiledCodeHeapSize                  = 122909434                              {pd product} {ergonomic}
    uintx ProfiledCodeHeapSize                     = 122909434                              {pd product} {ergonomic}
    uintx ReservedCodeCacheSize                    = 251658240                              {pd product} {ergonomic}
     bool SegmentedCodeCache                       = true                                      {product} {ergonomic}
   size_t SoftMaxHeapSize                          = 2147483648                             {manageable} {ergonomic}
     bool UseCompressedClassPointers               = true                           {product lp64_product} {ergonomic}
     bool UseCompressedOops                        = true                           {product lp64_product} {ergonomic}
     bool UseG1GC                                  = true                                      {product} {ergonomic}
     bool UseLargePagesIndividualAllocation        = false                                  {pd product} {ergonomic}

Logging:
Log output configuration:
 #0: stdout all=warning uptime,level,tags foldmultilines=false
 #1: stderr all=off uptime,level,tags foldmultilines=false

Environment Variables:
PATH=C:\Program Files (x86)\Common Files\Intel\Shared Files\fortran\bin\Intel64;C:\Program Files (x86)\Common Files\Intel\Shared Libraries\redist\intel64_win\mpirt;C:\Program Files (x86)\Common Files\Intel\Shared Libraries\redist\intel64_win\compiler;C:\Program Files (x86)\Common Files\Oracle\Java\javapath;C:\Windows\system32;C:\Windows;C:\Windows\System32\Wbem;C:\Windows\System32\WindowsPowerShell\v1.0\;C:\Windows\System32\OpenSSH\;C:\Program Files (x86)\NVIDIA Corporation\PhysX\Common;C:\Program Files\NVIDIA Corporation\NVIDIA NvDLISR;C:\WINDOWS\system32;C:\WINDOWS;C:\WINDOWS\System32\Wbem;C:\WINDOWS\System32\WindowsPowerShell\v1.0\;C:\WINDOWS\System32\OpenSSH\;C:\Program Files\Microsoft SQL Server\110\Tools\Binn\;C:\Program Files\Git\cmd;C:\Program Files\MySQL\MySQL Shell 8.0\bin\;C:\Users\amrhi\AppData\Local\Microsoft\WindowsApps;
USERNAME=amrhi
OS=Windows_NT
PROCESSOR_IDENTIFIER=Intel64 Family 6 Model 140 Stepping 1, GenuineIntel



---------------  S Y S T E M  ---------------

OS:
 Windows 11 , 64 bit Build 22621 (10.0.22621.3672)
OS uptime: 0 days 19:14 hours

CPU: total 8 (initial active 8) (4 cores per cpu, 2 threads per core) family 6 model 140 stepping 1 microcode 0x86, cx8, cmov, fxsr, ht, mmx, 3dnowpref, sse, sse2, sse3, ssse3, sse4.1, sse4.2, popcnt, lzcnt, tsc, tscinvbit, avx, avx2, aes, erms, clmul, bmi1, bmi2, adx, avx512f, avx512dq, avx512cd, avx512bw, avx512vl, sha, fma, vzeroupper, avx512_vpopcntdq, avx512_vpclmulqdq, avx512_vaes, avx512_vnni, clflush, clflushopt, clwb, avx512_vbmi2, avx512_vbmi

Memory: 4k page, system-wide physical 7886M (497M free)
TotalPageFile size 23114M (AvailPageFile size 15M)
current process WorkingSet (physical memory assigned to process): 658M, peak: 659M
current process commit charge ("private bytes"): 698M, peak: 714M

vm_info: OpenJDK 64-Bit Server VM (18.0.2.1+1) for windows-amd64 JRE (18.0.2.1+1) (Zulu18.32+13-CA), built on Aug 23 2022 15:53:35 by "zulu_re" with MS VC++ 16.10 / 16.11 (VS2019)

END.
