#
# There is insufficient memory for the Java Runtime Environment to continue.
# Native memory allocation (malloc) failed to allocate 233776 bytes for Chunk::new
# Possible reasons:
#   The system is out of physical RAM or swap space
#   The process is running with CompressedOops enabled, and the Java Heap may be blocking the growth of the native heap
# Possible solutions:
#   Reduce memory load on the system
#   Increase physical memory or swap space
#   Check if swap backing store is full
#   Decrease Java heap size (-Xmx/-Xms)
#   Decrease number of Java threads
#   Decrease Java thread stack sizes (-Xss)
#   Set larger code cache with -XX:ReservedCodeCacheSize=
#   JVM is running with Unscaled Compressed Oops mode in which the Java heap is
#     placed in the first 4GB address space. The Java Heap base address is the
#     maximum limit for the native heap growth. Please use -XX:HeapBaseMinAddress
#     to set the Java Heap base and to place the Java Heap above 4GB virtual address.
# This output file may be truncated or incomplete.
#
#  Out of Memory Error (arena.cpp:184), pid=16756, tid=12304
#
# JRE version: OpenJDK Runtime Environment Zulu18.32+13-CA (18.0.2.1+1) (build 18.0.2.1+1)
# Java VM: OpenJDK 64-Bit Server VM Zulu18.32+13-CA (18.0.2.1+1, mixed mode, sharing, tiered, compressed oops, compressed class ptrs, g1 gc, windows-amd64)
# No core dump will be written. Minidumps are not enabled by default on client versions of Windows
#

---------------  S U M M A R Y ------------

Command Line: --add-opens=java.base/java.util=ALL-UNNAMED --add-opens=java.base/java.lang=ALL-UNNAMED --add-opens=java.base/java.lang.invoke=ALL-UNNAMED --add-opens=java.base/java.util=ALL-UNNAMED --add-opens=java.prefs/java.util.prefs=ALL-UNNAMED --add-opens=java.prefs/java.util.prefs=ALL-UNNAMED --add-opens=java.base/java.nio.charset=ALL-UNNAMED --add-opens=java.base/java.net=ALL-UNNAMED --add-opens=java.base/java.util.concurrent.atomic=ALL-UNNAMED -Xmx2048m -Dfile.encoding=UTF-8 -Duser.country=US -Duser.language=en -Duser.variant org.gradle.launcher.daemon.bootstrap.GradleDaemon 7.5

Host: 11th Gen Intel(R) Core(TM) i5-1135G7 @ 2.40GHz, 8 cores, 7G,  Windows 11 , 64 bit Build 22621 (10.0.22621.3672)
Time: Thu Jul 11 17:02:18 2024 Egypt Daylight Time elapsed time: 1966.778153 seconds (0d 0h 32m 46s)

---------------  T H R E A D  ---------------

Current thread (0x000002d79fa898c0):  JavaThread "C2 CompilerThread0" daemon [_thread_in_native, id=12304, stack(0x000000fb74f00000,0x000000fb75000000)]


Current CompileTask:
C2:1966778 19474       4       org.gradle.execution.plan.ExecutionNodeAccessHierarchy::getNodesAccessing (14 bytes)

Stack: [0x000000fb74f00000,0x000000fb75000000]
Native frames: (J=compiled Java code, j=interpreted, Vv=VM code, C=native code)
V  [jvm.dll+0x69ea0a]
V  [jvm.dll+0x84dfbd]
V  [jvm.dll+0x84f8ce]
V  [jvm.dll+0x84ff83]
V  [jvm.dll+0x25fa1f]
V  [jvm.dll+0xba71f]
V  [jvm.dll+0xbaa95]
V  [jvm.dll+0x389261]
V  [jvm.dll+0x353141]
V  [jvm.dll+0x3525da]
V  [jvm.dll+0x232a81]
V  [jvm.dll+0x231e51]
V  [jvm.dll+0x1bc3fc]
V  [jvm.dll+0x2418bb]
V  [jvm.dll+0x23fb95]
V  [jvm.dll+0x8002a6]
V  [jvm.dll+0x7fa6da]
V  [jvm.dll+0x69d8b5]
C  [ucrtbase.dll+0x29333]
C  [KERNEL32.DLL+0x1257d]
C  [ntdll.dll+0x5af28]


---------------  P R O C E S S  ---------------

Threads class SMR info:
_java_thread_list=0x000002d7af34deb0, length=145, elements={
0x000002d7ff9388d0, 0x000002d79fa62470, 0x000002d79fa65220, 0x000002d79fa85ff0,
0x000002d79fa86990, 0x000002d79fa87330, 0x000002d79fa87cd0, 0x000002d79fa898c0,
0x000002d79fa8a1b0, 0x000002d79fa8cab0, 0x000002d7a3ced800, 0x000002d7a3cee2f0,
0x000002d7a4dc1e80, 0x000002d7a52b8850, 0x000002d7a51a0c30, 0x000002d7a52881b0,
0x000002d7a5286e70, 0x000002d7a5284cc0, 0x000002d7a5287340, 0x000002d7a5288680,
0x000002d7a5285190, 0x000002d7a77cad40, 0x000002d7a77c9ed0, 0x000002d7a77c51d0,
0x000002d7a77c7d20, 0x000002d7a7906c70, 0x000002d7a7909c90, 0x000002d7a7908480,
0x000002d7a790a160, 0x000002d7a790a630, 0x000002d7a790afd0, 0x000002d7a56a09f0,
0x000002d7a790c310, 0x000002d7a868fbf0, 0x000002d7a868d570, 0x000002d7a8690a60,
0x000002d7aeeeac90, 0x000002d7aed0e010, 0x000002d7aed07160, 0x000002d7aed07630,
0x000002d7aed0c800, 0x000002d7aed08970, 0x000002d7aed0e4e0, 0x000002d7aed09310,
0x000002d7aed06c90, 0x000002d7aed0a180, 0x000002d7aed0ab20, 0x000002d7aed0b4c0,
0x000002d7aed08e40, 0x000002d7aed0b990, 0x000002d7aed0be60, 0x000002d7aed09cb0,
0x000002d7aed0d670, 0x000002d7aed0d1a0, 0x000002d7aed0a650, 0x000002d7aed0aff0,
0x000002d7aed0c330, 0x000002d7aed0db40, 0x000002d7aeeea2f0, 0x000002d7aeeeeb20,
0x000002d7aeeebb00, 0x000002d7aeeedcb0, 0x000002d7aeeee180, 0x000002d7aeeece40,
0x000002d7aeeee650, 0x000002d7aeee9950, 0x000002d7aeeeb160, 0x000002d7aeeeeff0,
0x000002d7aeeeb630, 0x000002d7aeeef4c0, 0x000002d7aeeef990, 0x000002d7aeee8610,
0x000002d7aeeebfd0, 0x000002d7aeeec4a0, 0x000002d7aeeec970, 0x000002d7aeeea7c0,
0x000002d7aeeefe60, 0x000002d7aeee9e20, 0x000002d7aeee8ae0, 0x000002d7aeee8fb0,
0x000002d7a7907140, 0x000002d7a790d180, 0x000002d7a79067a0, 0x000002d7a790c7e0,
0x000002d7a790be40, 0x000002d7a7907ae0, 0x000002d7a790d650, 0x000002d7a7908950,
0x000002d7a790db20, 0x000002d7a790ab00, 0x000002d7a79062d0, 0x000002d7a7907610,
0x000002d7a7907fb0, 0x000002d7a7908e20, 0x000002d7a79092f0, 0x000002d7a79097c0,
0x000002d7a8693f50, 0x000002d7a868f250, 0x000002d7a868da40, 0x000002d7a8691da0,
0x000002d7a86948f0, 0x000002d7a868f720, 0x000002d7a868df10, 0x000002d7a868e3e0,
0x000002d7a868e8b0, 0x000002d7a86900c0, 0x000002d7a8691400, 0x000002d7a8692270,
0x000002d7a8692740, 0x000002d7a8692c10, 0x000002d7a86930e0, 0x000002d7a569dea0,
0x000002d7a56a2ba0, 0x000002d7a56a0520, 0x000002d7a56a0050, 0x000002d7a56a1390,
0x000002d7a56a4880, 0x000002d7a569f6b0, 0x000002d7a56a3070, 0x000002d7a56a26d0,
0x000002d7a569e840, 0x000002d7a569f1e0, 0x000002d7a569fb80, 0x000002d7a56a0ec0,
0x000002d7a77c4360, 0x000002d7a77cbbb0, 0x000002d7a77c5b70, 0x000002d7a77ca3a0,
0x000002d7a77c6510, 0x000002d7a77c9060, 0x000002d7a77c7380, 0x000002d7a77c81f0,
0x000002d7a77c7850, 0x000002d7a77c9530, 0x000002d7a77c8b90, 0x000002d7a77c9a00,
0x000002d7a5285660, 0x000002d7a5285b30, 0x000002d7a5287810, 0x000002d7a52869a0,
0x000002d7a52864d0, 0x000002d7a5287ce0, 0x000002d7aedaada0, 0x000002d7aa48df90,
0x000002d7aedaa8d0
}

Java Threads: ( => current thread )
  0x000002d7ff9388d0 JavaThread "main" [_thread_blocked, id=10752, stack(0x000000fb74200000,0x000000fb74300000)]
  0x000002d79fa62470 JavaThread "Reference Handler" daemon [_thread_blocked, id=7788, stack(0x000000fb74900000,0x000000fb74a00000)]
  0x000002d79fa65220 JavaThread "Finalizer" daemon [_thread_blocked, id=13468, stack(0x000000fb74a00000,0x000000fb74b00000)]
  0x000002d79fa85ff0 JavaThread "Signal Dispatcher" daemon [_thread_blocked, id=7332, stack(0x000000fb74b00000,0x000000fb74c00000)]
  0x000002d79fa86990 JavaThread "Attach Listener" daemon [_thread_blocked, id=8748, stack(0x000000fb74c00000,0x000000fb74d00000)]
  0x000002d79fa87330 JavaThread "Service Thread" daemon [_thread_blocked, id=9608, stack(0x000000fb74d00000,0x000000fb74e00000)]
  0x000002d79fa87cd0 JavaThread "Monitor Deflation Thread" daemon [_thread_blocked, id=11336, stack(0x000000fb74e00000,0x000000fb74f00000)]
=>0x000002d79fa898c0 JavaThread "C2 CompilerThread0" daemon [_thread_in_native, id=12304, stack(0x000000fb74f00000,0x000000fb75000000)]
  0x000002d79fa8a1b0 JavaThread "C1 CompilerThread0" daemon [_thread_blocked, id=10380, stack(0x000000fb75000000,0x000000fb75100000)]
  0x000002d79fa8cab0 JavaThread "Sweeper thread" daemon [_thread_blocked, id=6440, stack(0x000000fb75100000,0x000000fb75200000)]
  0x000002d7a3ced800 JavaThread "Common-Cleaner" daemon [_thread_blocked, id=3572, stack(0x000000fb75200000,0x000000fb75300000)]
  0x000002d7a3cee2f0 JavaThread "Notification Thread" daemon [_thread_blocked, id=9464, stack(0x000000fb75300000,0x000000fb75400000)]
  0x000002d7a4dc1e80 JavaThread "Daemon health stats" [_thread_blocked, id=8324, stack(0x000000fb75900000,0x000000fb75a00000)]
  0x000002d7a52b8850 JavaThread "Incoming local TCP Connector on port 50490" [_thread_in_native, id=8328, stack(0x000000fb75a00000,0x000000fb75b00000)]
  0x000002d7a51a0c30 JavaThread "Daemon periodic checks" [_thread_blocked, id=5596, stack(0x000000fb75b00000,0x000000fb75c00000)]
  0x000002d7a52881b0 JavaThread "Cache worker for journal cache (C:\Users\amrhi\.gradle\caches\journal-1)" [_thread_blocked, id=12244, stack(0x000000fb76300000,0x000000fb76400000)]
  0x000002d7a5286e70 JavaThread "File lock request listener" [_thread_in_native, id=1524, stack(0x000000fb76400000,0x000000fb76500000)]
  0x000002d7a5284cc0 JavaThread "Cache worker for file hash cache (C:\Users\amrhi\.gradle\caches\7.5\fileHashes)" [_thread_blocked, id=11316, stack(0x000000fb76500000,0x000000fb76600000)]
  0x000002d7a5287340 JavaThread "File watcher server" daemon [_thread_in_native, id=14548, stack(0x000000fb76900000,0x000000fb76a00000)]
  0x000002d7a5288680 JavaThread "File watcher consumer" daemon [_thread_blocked, id=9160, stack(0x000000fb76a00000,0x000000fb76b00000)]
  0x000002d7a5285190 JavaThread "Cache worker for file content cache (C:\Users\amrhi\.gradle\caches\7.5\fileContent)" [_thread_blocked, id=15028, stack(0x000000fb76d00000,0x000000fb76e00000)]
  0x000002d7a77cad40 JavaThread "Cache worker for execution history cache (C:\Users\amrhi\.gradle\caches\7.5\executionHistory)" [_thread_blocked, id=13204, stack(0x000000fb77200000,0x000000fb77300000)]
  0x000002d7a77c9ed0 JavaThread "jar transforms" [_thread_blocked, id=10196, stack(0x000000fb77300000,0x000000fb77400000)]
  0x000002d7a77c51d0 JavaThread "jar transforms Thread 2" [_thread_blocked, id=16900, stack(0x000000fb77400000,0x000000fb77500000)]
  0x000002d7a77c7d20 JavaThread "jar transforms Thread 3" [_thread_blocked, id=17252, stack(0x000000fb77600000,0x000000fb77700000)]
  0x000002d7a7906c70 JavaThread "jar transforms Thread 4" [_thread_blocked, id=8808, stack(0x000000fb7c700000,0x000000fb7c800000)]
  0x000002d7a7909c90 JavaThread "jar transforms Thread 5" [_thread_blocked, id=8548, stack(0x000000fb7c800000,0x000000fb7c900000)]
  0x000002d7a7908480 JavaThread "jar transforms Thread 6" [_thread_blocked, id=10712, stack(0x000000fb7c900000,0x000000fb7ca00000)]
  0x000002d7a790a160 JavaThread "jar transforms Thread 7" [_thread_blocked, id=14528, stack(0x000000fb7ca00000,0x000000fb7cb00000)]
  0x000002d7a790a630 JavaThread "jar transforms Thread 8" [_thread_blocked, id=2024, stack(0x000000fb7cb00000,0x000000fb7cc00000)]
  0x000002d7a790afd0 JavaThread "Memory manager" [_thread_blocked, id=6420, stack(0x000000fb7cd00000,0x000000fb7ce00000)]
  0x000002d7a56a09f0 JavaThread "pool-3-thread-1" [_thread_blocked, id=14144, stack(0x000000fb7d000000,0x000000fb7d100000)]
  0x000002d7a790c310 JavaThread "RMI Scheduler(0)" daemon [_thread_blocked, id=12088, stack(0x000000fb7dd00000,0x000000fb7de00000)]
  0x000002d7a868fbf0 JavaThread "RMI GC Daemon" daemon [_thread_blocked, id=14960, stack(0x000000fb7df00000,0x000000fb7e000000)]
  0x000002d7a868d570 JavaThread "RMI TCP Accept-0" daemon [_thread_in_native, id=1872, stack(0x000000fb7e000000,0x000000fb7e100000)]
  0x000002d7a8690a60 JavaThread "RMI Reaper" [_thread_blocked, id=7940, stack(0x000000fb7e100000,0x000000fb7e200000)]
  0x000002d7aeeeac90 JavaThread "pool-7-thread-1" [_thread_blocked, id=5872, stack(0x000000fb7cc00000,0x000000fb7cd00000)]
  0x000002d7aed0e010 JavaThread "Daemon Thread 3" [_thread_blocked, id=16260, stack(0x000000fb73f00000,0x000000fb74000000)]
  0x000002d7aed07160 JavaThread "Handler for socket connection from /127.0.0.1:50490 to /127.0.0.1:52578" [_thread_in_native, id=8716, stack(0x000000fb74000000,0x000000fb74100000)]
  0x000002d7aed07630 JavaThread "Cancel handler" [_thread_blocked, id=5620, stack(0x000000fb74100000,0x000000fb74200000)]
  0x000002d7aed0c800 JavaThread "Daemon worker Thread 3" [_thread_blocked, id=9104, stack(0x000000fb75c00000,0x000000fb75d00000)]
  0x000002d7aed08970 JavaThread "Asynchronous log dispatcher for DefaultDaemonConnection: socket connection from /127.0.0.1:50490 to /127.0.0.1:52578" [_thread_blocked, id=12176, stack(0x000000fb75d00000,0x000000fb75e00000)]
  0x000002d7aed0e4e0 JavaThread "Stdin handler" [_thread_blocked, id=6052, stack(0x000000fb75e00000,0x000000fb75f00000)]
  0x000002d7aed09310 JavaThread "Daemon client event forwarder" [_thread_blocked, id=13264, stack(0x000000fb75f00000,0x000000fb76000000)]
  0x000002d7aed06c90 JavaThread "Cache worker for checksums cache (C:\Users\amrhi\AndroidStudioProjects\Important Projects\UncleJacks\.gradle\7.5\checksums)" [_thread_blocked, id=14480, stack(0x000000fb76000000,0x000000fb76100000)]
  0x000002d7aed0a180 JavaThread "Cache worker for cache directory md-rule (C:\Users\amrhi\.gradle\caches\7.5\md-rule)" [_thread_blocked, id=2224, stack(0x000000fb76100000,0x000000fb76200000)]
  0x000002d7aed0ab20 JavaThread "Cache worker for file hash cache (C:\Users\amrhi\AndroidStudioProjects\Important Projects\UncleJacks\.gradle\7.5\fileHashes)" [_thread_blocked, id=4936, stack(0x000000fb76200000,0x000000fb76300000)]
  0x000002d7aed0b4c0 JavaThread "Cache worker for cache directory md-supplier (C:\Users\amrhi\.gradle\caches\7.5\md-supplier)" [_thread_blocked, id=12696, stack(0x000000fb76b00000,0x000000fb76c00000)]
  0x000002d7aed08e40 JavaThread "Cache worker for dependencies-accessors (C:\Users\amrhi\AndroidStudioProjects\Important Projects\UncleJacks\.gradle\7.5\dependencies-accessors)" [_thread_blocked, id=14316, stack(0x000000fb76c00000,0x000000fb76d00000)]
  0x000002d7aed0b990 JavaThread "Cache worker for Build Output Cleanup Cache (C:\Users\amrhi\AndroidStudioProjects\Important Projects\UncleJacks\.gradle\buildOutputCleanup)" [_thread_blocked, id=16696, stack(0x000000fb76f00000,0x000000fb77000000)]
  0x000002d7aed0be60 JavaThread "Unconstrained build operations" [_thread_blocked, id=9368, stack(0x000000fb77000000,0x000000fb77100000)]
  0x000002d7aed09cb0 JavaThread "Unconstrained build operations Thread 2" [_thread_blocked, id=4908, stack(0x000000fb77100000,0x000000fb77200000)]
  0x000002d7aed0d670 JavaThread "Unconstrained build operations Thread 3" [_thread_blocked, id=16636, stack(0x000000fb77500000,0x000000fb77600000)]
  0x000002d7aed0d1a0 JavaThread "Unconstrained build operations Thread 4" [_thread_blocked, id=11652, stack(0x000000fb77700000,0x000000fb77800000)]
  0x000002d7aed0a650 JavaThread "Unconstrained build operations Thread 5" [_thread_blocked, id=6256, stack(0x000000fb77800000,0x000000fb77900000)]
  0x000002d7aed0aff0 JavaThread "Unconstrained build operations Thread 6" [_thread_blocked, id=16664, stack(0x000000fb77900000,0x000000fb77a00000)]
  0x000002d7aed0c330 JavaThread "Unconstrained build operations Thread 7" [_thread_blocked, id=2720, stack(0x000000fb77a00000,0x000000fb77b00000)]
  0x000002d7aed0db40 JavaThread "Unconstrained build operations Thread 8" [_thread_blocked, id=16640, stack(0x000000fb77b00000,0x000000fb77c00000)]
  0x000002d7aeeea2f0 JavaThread "Unconstrained build operations Thread 9" [_thread_blocked, id=1532, stack(0x000000fb77c00000,0x000000fb77d00000)]
  0x000002d7aeeeeb20 JavaThread "Unconstrained build operations Thread 10" [_thread_blocked, id=10152, stack(0x000000fb77d00000,0x000000fb77e00000)]
  0x000002d7aeeebb00 JavaThread "Unconstrained build operations Thread 11" [_thread_blocked, id=8332, stack(0x000000fb77e00000,0x000000fb77f00000)]
  0x000002d7aeeedcb0 JavaThread "Unconstrained build operations Thread 12" [_thread_blocked, id=6300, stack(0x000000fb77f00000,0x000000fb78000000)]
  0x000002d7aeeee180 JavaThread "Unconstrained build operations Thread 13" [_thread_blocked, id=16172, stack(0x000000fb78000000,0x000000fb78100000)]
  0x000002d7aeeece40 JavaThread "Unconstrained build operations Thread 14" [_thread_blocked, id=15228, stack(0x000000fb78100000,0x000000fb78200000)]
  0x000002d7aeeee650 JavaThread "Unconstrained build operations Thread 15" [_thread_blocked, id=16056, stack(0x000000fb78200000,0x000000fb78300000)]
  0x000002d7aeee9950 JavaThread "Unconstrained build operations Thread 16" [_thread_blocked, id=7860, stack(0x000000fb78300000,0x000000fb78400000)]
  0x000002d7aeeeb160 JavaThread "Unconstrained build operations Thread 17" [_thread_blocked, id=8888, stack(0x000000fb78400000,0x000000fb78500000)]
  0x000002d7aeeeeff0 JavaThread "Unconstrained build operations Thread 18" [_thread_blocked, id=3792, stack(0x000000fb78500000,0x000000fb78600000)]
  0x000002d7aeeeb630 JavaThread "Unconstrained build operations Thread 19" [_thread_blocked, id=10740, stack(0x000000fb78600000,0x000000fb78700000)]
  0x000002d7aeeef4c0 JavaThread "Unconstrained build operations Thread 20" [_thread_blocked, id=17256, stack(0x000000fb78700000,0x000000fb78800000)]
  0x000002d7aeeef990 JavaThread "Unconstrained build operations Thread 21" [_thread_blocked, id=14660, stack(0x000000fb78800000,0x000000fb78900000)]
  0x000002d7aeee8610 JavaThread "Unconstrained build operations Thread 22" [_thread_blocked, id=16228, stack(0x000000fb78900000,0x000000fb78a00000)]
  0x000002d7aeeebfd0 JavaThread "Unconstrained build operations Thread 23" [_thread_blocked, id=17388, stack(0x000000fb78a00000,0x000000fb78b00000)]
  0x000002d7aeeec4a0 JavaThread "Unconstrained build operations Thread 24" [_thread_blocked, id=12612, stack(0x000000fb78b00000,0x000000fb78c00000)]
  0x000002d7aeeec970 JavaThread "Unconstrained build operations Thread 25" [_thread_blocked, id=8812, stack(0x000000fb78c00000,0x000000fb78d00000)]
  0x000002d7aeeea7c0 JavaThread "Unconstrained build operations Thread 26" [_thread_blocked, id=17344, stack(0x000000fb78d00000,0x000000fb78e00000)]
  0x000002d7aeeefe60 JavaThread "Unconstrained build operations Thread 27" [_thread_blocked, id=16852, stack(0x000000fb78e00000,0x000000fb78f00000)]
  0x000002d7aeee9e20 JavaThread "Unconstrained build operations Thread 28" [_thread_blocked, id=12044, stack(0x000000fb78f00000,0x000000fb79000000)]
  0x000002d7aeee8ae0 JavaThread "Unconstrained build operations Thread 29" [_thread_blocked, id=10856, stack(0x000000fb79000000,0x000000fb79100000)]
  0x000002d7aeee8fb0 JavaThread "Unconstrained build operations Thread 30" [_thread_blocked, id=948, stack(0x000000fb79100000,0x000000fb79200000)]
  0x000002d7a7907140 JavaThread "Unconstrained build operations Thread 31" [_thread_blocked, id=13828, stack(0x000000fb79200000,0x000000fb79300000)]
  0x000002d7a790d180 JavaThread "Unconstrained build operations Thread 32" [_thread_blocked, id=14084, stack(0x000000fb79300000,0x000000fb79400000)]
  0x000002d7a79067a0 JavaThread "Unconstrained build operations Thread 33" [_thread_blocked, id=8164, stack(0x000000fb79400000,0x000000fb79500000)]
  0x000002d7a790c7e0 JavaThread "Unconstrained build operations Thread 34" [_thread_blocked, id=2336, stack(0x000000fb79500000,0x000000fb79600000)]
  0x000002d7a790be40 JavaThread "Unconstrained build operations Thread 35" [_thread_blocked, id=8096, stack(0x000000fb79600000,0x000000fb79700000)]
  0x000002d7a7907ae0 JavaThread "Unconstrained build operations Thread 36" [_thread_blocked, id=2460, stack(0x000000fb79700000,0x000000fb79800000)]
  0x000002d7a790d650 JavaThread "Unconstrained build operations Thread 37" [_thread_blocked, id=15020, stack(0x000000fb79800000,0x000000fb79900000)]
  0x000002d7a7908950 JavaThread "Unconstrained build operations Thread 38" [_thread_blocked, id=15904, stack(0x000000fb79900000,0x000000fb79a00000)]
  0x000002d7a790db20 JavaThread "Unconstrained build operations Thread 39" [_thread_blocked, id=5252, stack(0x000000fb79a00000,0x000000fb79b00000)]
  0x000002d7a790ab00 JavaThread "Unconstrained build operations Thread 40" [_thread_blocked, id=16972, stack(0x000000fb79b00000,0x000000fb79c00000)]
  0x000002d7a79062d0 JavaThread "Unconstrained build operations Thread 41" [_thread_blocked, id=5860, stack(0x000000fb79c00000,0x000000fb79d00000)]
  0x000002d7a7907610 JavaThread "Unconstrained build operations Thread 42" [_thread_blocked, id=16532, stack(0x000000fb79d00000,0x000000fb79e00000)]
  0x000002d7a7907fb0 JavaThread "Unconstrained build operations Thread 43" [_thread_blocked, id=14628, stack(0x000000fb79e00000,0x000000fb79f00000)]
  0x000002d7a7908e20 JavaThread "Unconstrained build operations Thread 44" [_thread_blocked, id=3140, stack(0x000000fb79f00000,0x000000fb7a000000)]
  0x000002d7a79092f0 JavaThread "Unconstrained build operations Thread 45" [_thread_blocked, id=9364, stack(0x000000fb7a000000,0x000000fb7a100000)]
  0x000002d7a79097c0 JavaThread "Unconstrained build operations Thread 46" [_thread_blocked, id=14636, stack(0x000000fb7a100000,0x000000fb7a200000)]
  0x000002d7a8693f50 JavaThread "Unconstrained build operations Thread 47" [_thread_blocked, id=15600, stack(0x000000fb7a200000,0x000000fb7a300000)]
  0x000002d7a868f250 JavaThread "Unconstrained build operations Thread 48" [_thread_blocked, id=15400, stack(0x000000fb7a300000,0x000000fb7a400000)]
  0x000002d7a868da40 JavaThread "Unconstrained build operations Thread 49" [_thread_blocked, id=14996, stack(0x000000fb7a400000,0x000000fb7a500000)]
  0x000002d7a8691da0 JavaThread "Unconstrained build operations Thread 50" [_thread_blocked, id=4048, stack(0x000000fb7a500000,0x000000fb7a600000)]
  0x000002d7a86948f0 JavaThread "Unconstrained build operations Thread 51" [_thread_blocked, id=13568, stack(0x000000fb7a600000,0x000000fb7a700000)]
  0x000002d7a868f720 JavaThread "Unconstrained build operations Thread 52" [_thread_blocked, id=16880, stack(0x000000fb7a700000,0x000000fb7a800000)]
  0x000002d7a868df10 JavaThread "Unconstrained build operations Thread 53" [_thread_blocked, id=8924, stack(0x000000fb7a800000,0x000000fb7a900000)]
  0x000002d7a868e3e0 JavaThread "Unconstrained build operations Thread 54" [_thread_blocked, id=6548, stack(0x000000fb7a900000,0x000000fb7aa00000)]
  0x000002d7a868e8b0 JavaThread "Unconstrained build operations Thread 55" [_thread_blocked, id=14624, stack(0x000000fb7aa00000,0x000000fb7ab00000)]
  0x000002d7a86900c0 JavaThread "Unconstrained build operations Thread 56" [_thread_blocked, id=15556, stack(0x000000fb7ab00000,0x000000fb7ac00000)]
  0x000002d7a8691400 JavaThread "Unconstrained build operations Thread 57" [_thread_blocked, id=9592, stack(0x000000fb7ac00000,0x000000fb7ad00000)]
  0x000002d7a8692270 JavaThread "Unconstrained build operations Thread 58" [_thread_blocked, id=3540, stack(0x000000fb7ad00000,0x000000fb7ae00000)]
  0x000002d7a8692740 JavaThread "Unconstrained build operations Thread 59" [_thread_blocked, id=10252, stack(0x000000fb7ae00000,0x000000fb7af00000)]
  0x000002d7a8692c10 JavaThread "Unconstrained build operations Thread 60" [_thread_blocked, id=3908, stack(0x000000fb7af00000,0x000000fb7b000000)]
  0x000002d7a86930e0 JavaThread "Unconstrained build operations Thread 61" [_thread_blocked, id=16028, stack(0x000000fb7b000000,0x000000fb7b100000)]
  0x000002d7a569dea0 JavaThread "Unconstrained build operations Thread 62" [_thread_blocked, id=16912, stack(0x000000fb7b100000,0x000000fb7b200000)]
  0x000002d7a56a2ba0 JavaThread "Unconstrained build operations Thread 63" [_thread_blocked, id=11348, stack(0x000000fb7b200000,0x000000fb7b300000)]
  0x000002d7a56a0520 JavaThread "Unconstrained build operations Thread 64" [_thread_blocked, id=11576, stack(0x000000fb7b300000,0x000000fb7b400000)]
  0x000002d7a56a0050 JavaThread "Unconstrained build operations Thread 65" [_thread_blocked, id=4940, stack(0x000000fb7b400000,0x000000fb7b500000)]
  0x000002d7a56a1390 JavaThread "Unconstrained build operations Thread 66" [_thread_blocked, id=1272, stack(0x000000fb7b500000,0x000000fb7b600000)]
  0x000002d7a56a4880 JavaThread "Unconstrained build operations Thread 67" [_thread_blocked, id=16364, stack(0x000000fb7b600000,0x000000fb7b700000)]
  0x000002d7a569f6b0 JavaThread "Unconstrained build operations Thread 68" [_thread_blocked, id=4196, stack(0x000000fb7b700000,0x000000fb7b800000)]
  0x000002d7a56a3070 JavaThread "Unconstrained build operations Thread 69" [_thread_blocked, id=11248, stack(0x000000fb7b800000,0x000000fb7b900000)]
  0x000002d7a56a26d0 JavaThread "Unconstrained build operations Thread 70" [_thread_blocked, id=10280, stack(0x000000fb7b900000,0x000000fb7ba00000)]
  0x000002d7a569e840 JavaThread "Unconstrained build operations Thread 71" [_thread_blocked, id=10012, stack(0x000000fb7ba00000,0x000000fb7bb00000)]
  0x000002d7a569f1e0 JavaThread "Unconstrained build operations Thread 72" [_thread_blocked, id=3844, stack(0x000000fb7bb00000,0x000000fb7bc00000)]
  0x000002d7a569fb80 JavaThread "Unconstrained build operations Thread 73" [_thread_blocked, id=1080, stack(0x000000fb7bc00000,0x000000fb7bd00000)]
  0x000002d7a56a0ec0 JavaThread "Unconstrained build operations Thread 74" [_thread_blocked, id=14912, stack(0x000000fb7bd00000,0x000000fb7be00000)]
  0x000002d7a77c4360 JavaThread "Unconstrained build operations Thread 75" [_thread_blocked, id=10076, stack(0x000000fb7be00000,0x000000fb7bf00000)]
  0x000002d7a77cbbb0 JavaThread "Unconstrained build operations Thread 76" [_thread_blocked, id=3316, stack(0x000000fb7bf00000,0x000000fb7c000000)]
  0x000002d7a77c5b70 JavaThread "Unconstrained build operations Thread 77" [_thread_blocked, id=6832, stack(0x000000fb7c000000,0x000000fb7c100000)]
  0x000002d7a77ca3a0 JavaThread "Unconstrained build operations Thread 78" [_thread_blocked, id=10344, stack(0x000000fb7c100000,0x000000fb7c200000)]
  0x000002d7a77c6510 JavaThread "Unconstrained build operations Thread 79" [_thread_blocked, id=11628, stack(0x000000fb7c200000,0x000000fb7c300000)]
  0x000002d7a77c9060 JavaThread "Unconstrained build operations Thread 80" [_thread_blocked, id=2192, stack(0x000000fb7c300000,0x000000fb7c400000)]
  0x000002d7a77c7380 JavaThread "build event listener" [_thread_blocked, id=3936, stack(0x000000fb7c400000,0x000000fb7c500000)]
  0x000002d7a77c81f0 JavaThread "build event listener" [_thread_blocked, id=17104, stack(0x000000fb7c500000,0x000000fb7c600000)]
  0x000002d7a77c7850 JavaThread "pool-10-thread-1" [_thread_blocked, id=8340, stack(0x000000fb7c600000,0x000000fb7c700000)]
  0x000002d7a77c9530 JavaThread "build event listener" [_thread_blocked, id=9692, stack(0x000000fb7ce00000,0x000000fb7cf00000)]
  0x000002d7a77c8b90 JavaThread "included builds" [_thread_blocked, id=5580, stack(0x000000fb7cf00000,0x000000fb7d000000)]
  0x000002d7a77c9a00 JavaThread "Execution worker" [_thread_blocked, id=14128, stack(0x000000fb7d100000,0x000000fb7d200000)]
  0x000002d7a5285660 JavaThread "Execution worker Thread 2" [_thread_blocked, id=10288, stack(0x000000fb7d200000,0x000000fb7d300000)]
  0x000002d7a5285b30 JavaThread "Execution worker Thread 3" [_thread_blocked, id=14516, stack(0x000000fb7d300000,0x000000fb7d400000)]
  0x000002d7a5287810 JavaThread "Execution worker Thread 4" [_thread_blocked, id=10592, stack(0x000000fb7d400000,0x000000fb7d500000)]
  0x000002d7a52869a0 JavaThread "Execution worker Thread 5" [_thread_in_Java, id=3972, stack(0x000000fb7d500000,0x000000fb7d600000)]
  0x000002d7a52864d0 JavaThread "Execution worker Thread 6" [_thread_blocked, id=5396, stack(0x000000fb7d600000,0x000000fb7d700000)]
  0x000002d7a5287ce0 JavaThread "Execution worker Thread 7" [_thread_blocked, id=15672, stack(0x000000fb7d700000,0x000000fb7d800000)]
  0x000002d7aedaada0 JavaThread "Cache worker for execution history cache (C:\Users\amrhi\AndroidStudioProjects\Important Projects\UncleJacks\.gradle\7.5\executionHistory)" [_thread_blocked, id=11272, stack(0x000000fb7d800000,0x000000fb7d900000)]
  0x000002d7aa48df90 JavaThread "C2 CompilerThread1" daemon [_thread_in_native, id=14056, stack(0x000000fb7dc00000,0x000000fb7dd00000)]
  0x000002d7aedaa8d0 JavaThread "WorkerExecutor Queue" [_thread_in_native, id=8048, stack(0x000000fb7de00000,0x000000fb7df00000)]

Other Threads:
  0x000002d79fa5fe50 VMThread "VM Thread" [stack: 0x000000fb74800000,0x000000fb74900000] [id=7012]
  0x000002d7a3cee7b0 WatcherThread "VM Periodic Task Thread" [stack: 0x000000fb75400000,0x000000fb75500000] [id=9976]
  0x000002d7ff9984d0 WorkerThread "GC Thread#0" [stack: 0x000000fb74300000,0x000000fb74400000] [id=15004]
  0x000002d7a3ffc690 WorkerThread "GC Thread#1" [stack: 0x000000fb75500000,0x000000fb75600000] [id=13452]
  0x000002d7a459ae50 WorkerThread "GC Thread#2" [stack: 0x000000fb75600000,0x000000fb75700000] [id=16276]
  0x000002d7a457de40 WorkerThread "GC Thread#3" [stack: 0x000000fb75700000,0x000000fb75800000] [id=12164]
  0x000002d7a4ef90d0 WorkerThread "GC Thread#4" [stack: 0x000000fb75800000,0x000000fb75900000] [id=1896]
  0x000002d7a7506d20 WorkerThread "GC Thread#5" [stack: 0x000000fb76600000,0x000000fb76700000] [id=10648]
  0x000002d7a67f81a0 WorkerThread "GC Thread#6" [stack: 0x000000fb76700000,0x000000fb76800000] [id=15740]
  0x000002d7a6b56b30 WorkerThread "GC Thread#7" [stack: 0x000000fb76800000,0x000000fb76900000] [id=17140]
  0x000002d7ff9a92a0 ConcurrentGCThread "G1 Main Marker" [stack: 0x000000fb74400000,0x000000fb74500000] [id=15848]
  0x000002d7ff9a9b30 WorkerThread "G1 Conc#0" [stack: 0x000000fb74500000,0x000000fb74600000] [id=15152]
  0x000002d7a7500010 WorkerThread "G1 Conc#1" [stack: 0x000000fb76e00000,0x000000fb76f00000] [id=10548]
  0x000002d79f91dd20 ConcurrentGCThread "G1 Refine#0" [stack: 0x000000fb74600000,0x000000fb74700000] [id=15872]
  0x000002d7a49fa920 ConcurrentGCThread "G1 Refine#1" [stack: 0x000000fb7d900000,0x000000fb7da00000] [id=3320]
  0x000002d7a49fcdb0 ConcurrentGCThread "G1 Refine#2" [stack: 0x000000fb7da00000,0x000000fb7db00000] [id=8020]
  0x000002d7a49fbfa0 ConcurrentGCThread "G1 Refine#3" [stack: 0x000000fb7db00000,0x000000fb7dc00000] [id=1704]
  0x000002d79f91e4d0 ConcurrentGCThread "G1 Service" [stack: 0x000000fb74700000,0x000000fb74800000] [id=8412]

Threads with active compile tasks:
C2 CompilerThread0  1966838 19474       4       org.gradle.execution.plan.ExecutionNodeAccessHierarchy::getNodesAccessing (14 bytes)
C1 CompilerThread0  1966838 19499       3       org.gradle.internal.snapshot.impl.IntegerValueSnapshot::hashCode (5 bytes)
C2 CompilerThread1  1966838 19473       4       com.google.android.gms.dependencies.Dependency::hashCode (57 bytes)

VM state: not at safepoint (normal execution)

VM Mutex/Monitor currently owned by a thread: None

Heap address: 0x0000000080000000, size: 2048 MB, Compressed Oops mode: 32-bit

CDS archive(s) mapped at: [0x0000000800000000-0x0000000800ba0000-0x0000000800ba0000), size 12189696, SharedBaseAddress: 0x0000000800000000, ArchiveRelocationMode: 0.
Compressed class space mapped at: 0x0000000800c00000-0x0000000840c00000, reserved size: 1073741824
Narrow klass base: 0x0000000800000000, Narrow klass shift: 0, Narrow klass range: 0x100000000

GC Precious Log:
 CardTable entry size: 512
 Card Set container configuration: InlinePtr #cards 5 size 8 Array Of Cards #cards 12 size 40 Howl #buckets 4 coarsen threshold 1843 Howl Bitmap #cards 512 size 80 coarsen threshold 460 Card regions per heap region 1 cards per card region 2048
 CPUs: 8 total, 8 available
 Memory: 7886M
 Large Page Support: Disabled
 NUMA Support: Disabled
 Compressed Oops: Enabled (32-bit)
 Heap Region Size: 1M
 Heap Min Capacity: 8M
 Heap Initial Capacity: 124M
 Heap Max Capacity: 2G
 Pre-touch: Disabled
 Parallel Workers: 8
 Concurrent Workers: 2
 Concurrent Refinement Workers: 8
 Periodic GC: Disabled

Heap:
 garbage-first heap   total 423936K, used 221801K [0x0000000080000000, 0x0000000100000000)
  region size 1024K, 43 young (44032K), 2 survivors (2048K)
 Metaspace       used 100760K, committed 104832K, reserved 1179648K
  class space    used 13020K, committed 14656K, reserved 1048576K

Heap Regions: E=young(eden), S=young(survivor), O=old, HS=humongous(starts), HC=humongous(continues), CS=collection set, F=free, OA=open archive, CA=closed archive, TAMS=top-at-mark-start (previous, next)
|   0|0x0000000080000000, 0x0000000080100000, 0x0000000080100000|100%| O|  |TAMS 0x0000000080100000, 0x0000000080000000| Untracked 
|   1|0x0000000080100000, 0x0000000080200000, 0x0000000080200000|100%| O|  |TAMS 0x0000000080200000, 0x0000000080100000| Untracked 
|   2|0x0000000080200000, 0x0000000080300000, 0x0000000080300000|100%| O|  |TAMS 0x0000000080300000, 0x0000000080200000| Untracked 
|   3|0x0000000080300000, 0x0000000080400000, 0x0000000080400000|100%|HS|  |TAMS 0x0000000080400000, 0x0000000080300000| Complete 
|   4|0x0000000080400000, 0x0000000080500000, 0x0000000080500000|100%|HC|  |TAMS 0x0000000080500000, 0x0000000080400000| Complete 
|   5|0x0000000080500000, 0x0000000080600000, 0x0000000080600000|100%|HC|  |TAMS 0x0000000080600000, 0x0000000080500000| Complete 
|   6|0x0000000080600000, 0x0000000080700000, 0x0000000080700000|100%| O|  |TAMS 0x0000000080700000, 0x0000000080600000| Untracked 
|   7|0x0000000080700000, 0x0000000080800000, 0x0000000080800000|100%| O|  |TAMS 0x0000000080800000, 0x0000000080700000| Untracked 
|   8|0x0000000080800000, 0x0000000080900000, 0x0000000080900000|100%| O|  |TAMS 0x0000000080900000, 0x0000000080800000| Untracked 
|   9|0x0000000080900000, 0x0000000080a00000, 0x0000000080a00000|100%| O|  |TAMS 0x0000000080a00000, 0x0000000080900000| Untracked 
|  10|0x0000000080a00000, 0x0000000080b00000, 0x0000000080b00000|100%| O|  |TAMS 0x0000000080b00000, 0x0000000080a00000| Untracked 
|  11|0x0000000080b00000, 0x0000000080c00000, 0x0000000080c00000|100%| O|  |TAMS 0x0000000080c00000, 0x0000000080b00000| Untracked 
|  12|0x0000000080c00000, 0x0000000080d00000, 0x0000000080d00000|100%| O|  |TAMS 0x0000000080d00000, 0x0000000080c00000| Untracked 
|  13|0x0000000080d00000, 0x0000000080e00000, 0x0000000080e00000|100%| O|  |TAMS 0x0000000080e00000, 0x0000000080d00000| Untracked 
|  14|0x0000000080e00000, 0x0000000080f00000, 0x0000000080f00000|100%| O|  |TAMS 0x0000000080f00000, 0x0000000080e00000| Untracked 
|  15|0x0000000080f00000, 0x0000000081000000, 0x0000000081000000|100%| O|  |TAMS 0x0000000081000000, 0x0000000080f00000| Untracked 
|  16|0x0000000081000000, 0x0000000081100000, 0x0000000081100000|100%| O|  |TAMS 0x0000000081100000, 0x0000000081000000| Untracked 
|  17|0x0000000081100000, 0x0000000081200000, 0x0000000081200000|100%| O|  |TAMS 0x0000000081200000, 0x0000000081100000| Untracked 
|  18|0x0000000081200000, 0x00000000812e3000, 0x0000000081300000| 88%| O|  |TAMS 0x00000000812e3000, 0x0000000081200000| Untracked 
|  19|0x0000000081300000, 0x0000000081400000, 0x0000000081400000|100%| O|  |TAMS 0x0000000081400000, 0x0000000081300000| Untracked 
|  20|0x0000000081400000, 0x0000000081500000, 0x0000000081500000|100%| O|  |TAMS 0x0000000081500000, 0x0000000081400000| Untracked 
|  21|0x0000000081500000, 0x0000000081600000, 0x0000000081600000|100%| O|  |TAMS 0x0000000081600000, 0x0000000081500000| Untracked 
|  22|0x0000000081600000, 0x0000000081700000, 0x0000000081700000|100%| O|  |TAMS 0x0000000081700000, 0x0000000081600000| Untracked 
|  23|0x0000000081700000, 0x0000000081800000, 0x0000000081800000|100%| O|  |TAMS 0x0000000081800000, 0x0000000081700000| Untracked 
|  24|0x0000000081800000, 0x0000000081900000, 0x0000000081900000|100%| O|  |TAMS 0x0000000081900000, 0x0000000081800000| Untracked 
|  25|0x0000000081900000, 0x0000000081a00000, 0x0000000081a00000|100%| O|  |TAMS 0x0000000081a00000, 0x0000000081900000| Untracked 
|  26|0x0000000081a00000, 0x0000000081b00000, 0x0000000081b00000|100%| O|  |TAMS 0x0000000081b00000, 0x0000000081a00000| Untracked 
|  27|0x0000000081b00000, 0x0000000081c00000, 0x0000000081c00000|100%| O|  |TAMS 0x0000000081c00000, 0x0000000081b00000| Untracked 
|  28|0x0000000081c00000, 0x0000000081d00000, 0x0000000081d00000|100%| O|  |TAMS 0x0000000081d00000, 0x0000000081c00000| Untracked 
|  29|0x0000000081d00000, 0x0000000081e00000, 0x0000000081e00000|100%| O|  |TAMS 0x0000000081d00000, 0x0000000081d00000| Untracked 
|  30|0x0000000081e00000, 0x0000000081f00000, 0x0000000081f00000|100%| O|  |TAMS 0x0000000081f00000, 0x0000000081e00000| Untracked 
|  31|0x0000000081f00000, 0x0000000082000000, 0x0000000082000000|100%| O|  |TAMS 0x0000000082000000, 0x0000000081f00000| Untracked 
|  32|0x0000000082000000, 0x0000000082100000, 0x0000000082100000|100%| O|  |TAMS 0x0000000082100000, 0x0000000082000000| Untracked 
|  33|0x0000000082100000, 0x0000000082200000, 0x0000000082200000|100%| O|  |TAMS 0x0000000082200000, 0x0000000082100000| Untracked 
|  34|0x0000000082200000, 0x0000000082300000, 0x0000000082300000|100%| O|  |TAMS 0x0000000082300000, 0x0000000082200000| Untracked 
|  35|0x0000000082300000, 0x0000000082400000, 0x0000000082400000|100%|HS|  |TAMS 0x0000000082400000, 0x0000000082300000| Complete 
|  36|0x0000000082400000, 0x0000000082500000, 0x0000000082500000|100%|HC|  |TAMS 0x0000000082500000, 0x0000000082400000| Complete 
|  37|0x0000000082500000, 0x0000000082600000, 0x0000000082600000|100%|HS|  |TAMS 0x0000000082600000, 0x0000000082500000| Complete 
|  38|0x0000000082600000, 0x0000000082700000, 0x0000000082700000|100%|HS|  |TAMS 0x0000000082700000, 0x0000000082600000| Complete 
|  39|0x0000000082700000, 0x0000000082800000, 0x0000000082800000|100%| O|  |TAMS 0x0000000082800000, 0x0000000082700000| Untracked 
|  40|0x0000000082800000, 0x0000000082900000, 0x0000000082900000|100%| O|  |TAMS 0x0000000082800000, 0x0000000082800000| Untracked 
|  41|0x0000000082900000, 0x0000000082a00000, 0x0000000082a00000|100%| O|  |TAMS 0x0000000082900000, 0x0000000082900000| Untracked 
|  42|0x0000000082a00000, 0x0000000082b00000, 0x0000000082b00000|100%| O|  |TAMS 0x0000000082b00000, 0x0000000082a00000| Untracked 
|  43|0x0000000082b00000, 0x0000000082c00000, 0x0000000082c00000|100%|HS|  |TAMS 0x0000000082c00000, 0x0000000082b00000| Complete 
|  44|0x0000000082c00000, 0x0000000082d00000, 0x0000000082d00000|100%|HC|  |TAMS 0x0000000082d00000, 0x0000000082c00000| Complete 
|  45|0x0000000082d00000, 0x0000000082e00000, 0x0000000082e00000|100%|HC|  |TAMS 0x0000000082e00000, 0x0000000082d00000| Complete 
|  46|0x0000000082e00000, 0x0000000082f00000, 0x0000000082f00000|100%| O|  |TAMS 0x0000000082f00000, 0x0000000082e00000| Untracked 
|  47|0x0000000082f00000, 0x0000000083000000, 0x0000000083000000|100%| O|  |TAMS 0x0000000083000000, 0x0000000082f00000| Untracked 
|  48|0x0000000083000000, 0x0000000083100000, 0x0000000083100000|100%| O|  |TAMS 0x0000000083100000, 0x0000000083000000| Untracked 
|  49|0x0000000083100000, 0x0000000083200000, 0x0000000083200000|100%| O|  |TAMS 0x0000000083200000, 0x0000000083100000| Untracked 
|  50|0x0000000083200000, 0x0000000083300000, 0x0000000083300000|100%| O|  |TAMS 0x0000000083300000, 0x0000000083200000| Untracked 
|  51|0x0000000083300000, 0x0000000083400000, 0x0000000083400000|100%| O|  |TAMS 0x0000000083400000, 0x0000000083300000| Untracked 
|  52|0x0000000083400000, 0x0000000083500000, 0x0000000083500000|100%| O|  |TAMS 0x0000000083500000, 0x0000000083400000| Untracked 
|  53|0x0000000083500000, 0x0000000083600000, 0x0000000083600000|100%| O|  |TAMS 0x0000000083600000, 0x0000000083500000| Untracked 
|  54|0x0000000083600000, 0x0000000083700000, 0x0000000083700000|100%| O|  |TAMS 0x0000000083700000, 0x0000000083600000| Untracked 
|  55|0x0000000083700000, 0x0000000083800000, 0x0000000083800000|100%| O|  |TAMS 0x0000000083800000, 0x0000000083700000| Untracked 
|  56|0x0000000083800000, 0x0000000083900000, 0x0000000083900000|100%| O|  |TAMS 0x0000000083900000, 0x0000000083800000| Untracked 
|  57|0x0000000083900000, 0x0000000083a00000, 0x0000000083a00000|100%| O|  |TAMS 0x0000000083a00000, 0x0000000083900000| Untracked 
|  58|0x0000000083a00000, 0x0000000083a00000, 0x0000000083b00000|  0%| F|  |TAMS 0x0000000083a00000, 0x0000000083a00000| Untracked 
|  59|0x0000000083b00000, 0x0000000083b00000, 0x0000000083c00000|  0%| F|  |TAMS 0x0000000083b00000, 0x0000000083b00000| Untracked 
|  60|0x0000000083c00000, 0x0000000083d00000, 0x0000000083d00000|100%| O|  |TAMS 0x0000000083d00000, 0x0000000083c00000| Untracked 
|  61|0x0000000083d00000, 0x0000000083e00000, 0x0000000083e00000|100%| O|  |TAMS 0x0000000083e00000, 0x0000000083d00000| Untracked 
|  62|0x0000000083e00000, 0x0000000083f00000, 0x0000000083f00000|100%| O|  |TAMS 0x0000000083f00000, 0x0000000083e00000| Untracked 
|  63|0x0000000083f00000, 0x0000000084000000, 0x0000000084000000|100%| O|  |TAMS 0x0000000084000000, 0x0000000083f00000| Untracked 
|  64|0x0000000084000000, 0x0000000084100000, 0x0000000084100000|100%| O|  |TAMS 0x0000000084100000, 0x0000000084000000| Untracked 
|  65|0x0000000084100000, 0x0000000084200000, 0x0000000084200000|100%| O|  |TAMS 0x0000000084200000, 0x0000000084100000| Untracked 
|  66|0x0000000084200000, 0x0000000084300000, 0x0000000084300000|100%| O|  |TAMS 0x0000000084300000, 0x0000000084200000| Untracked 
|  67|0x0000000084300000, 0x0000000084400000, 0x0000000084400000|100%| O|  |TAMS 0x0000000084400000, 0x0000000084300000| Untracked 
|  68|0x0000000084400000, 0x0000000084500000, 0x0000000084500000|100%| O|  |TAMS 0x0000000084500000, 0x0000000084400000| Untracked 
|  69|0x0000000084500000, 0x0000000084600000, 0x0000000084600000|100%| O|  |TAMS 0x0000000084600000, 0x0000000084500000| Untracked 
|  70|0x0000000084600000, 0x0000000084700000, 0x0000000084700000|100%| O|  |TAMS 0x0000000084700000, 0x0000000084600000| Untracked 
|  71|0x0000000084700000, 0x0000000084800000, 0x0000000084800000|100%| O|  |TAMS 0x0000000084800000, 0x0000000084700000| Untracked 
|  72|0x0000000084800000, 0x0000000084900000, 0x0000000084900000|100%| O|  |TAMS 0x0000000084900000, 0x0000000084800000| Untracked 
|  73|0x0000000084900000, 0x0000000084a00000, 0x0000000084a00000|100%| O|  |TAMS 0x0000000084a00000, 0x0000000084900000| Untracked 
|  74|0x0000000084a00000, 0x0000000084b00000, 0x0000000084b00000|100%| O|  |TAMS 0x0000000084b00000, 0x0000000084a00000| Untracked 
|  75|0x0000000084b00000, 0x0000000084c00000, 0x0000000084c00000|100%| O|  |TAMS 0x0000000084c00000, 0x0000000084b00000| Untracked 
|  76|0x0000000084c00000, 0x0000000084d00000, 0x0000000084d00000|100%| O|  |TAMS 0x0000000084d00000, 0x0000000084c00000| Untracked 
|  77|0x0000000084d00000, 0x0000000084e00000, 0x0000000084e00000|100%| O|  |TAMS 0x0000000084e00000, 0x0000000084d00000| Untracked 
|  78|0x0000000084e00000, 0x0000000084e00000, 0x0000000084f00000|  0%| F|  |TAMS 0x0000000084e00000, 0x0000000084e00000| Untracked 
|  79|0x0000000084f00000, 0x0000000085000000, 0x0000000085000000|100%| O|  |TAMS 0x0000000084f00000, 0x0000000084f00000| Untracked 
|  80|0x0000000085000000, 0x0000000085100000, 0x0000000085100000|100%| O|  |TAMS 0x0000000085100000, 0x0000000085000000| Untracked 
|  81|0x0000000085100000, 0x0000000085200000, 0x0000000085200000|100%| O|  |TAMS 0x0000000085200000, 0x0000000085100000| Untracked 
|  82|0x0000000085200000, 0x0000000085300000, 0x0000000085300000|100%| O|  |TAMS 0x0000000085300000, 0x0000000085200000| Untracked 
|  83|0x0000000085300000, 0x0000000085400000, 0x0000000085400000|100%| O|  |TAMS 0x0000000085400000, 0x0000000085300000| Untracked 
|  84|0x0000000085400000, 0x0000000085400000, 0x0000000085500000|  0%| F|  |TAMS 0x0000000085400000, 0x0000000085400000| Untracked 
|  85|0x0000000085500000, 0x0000000085500000, 0x0000000085600000|  0%| F|  |TAMS 0x0000000085500000, 0x0000000085500000| Untracked 
|  86|0x0000000085600000, 0x0000000085600000, 0x0000000085700000|  0%| F|  |TAMS 0x0000000085600000, 0x0000000085600000| Untracked 
|  87|0x0000000085700000, 0x0000000085800000, 0x0000000085800000|100%| O|  |TAMS 0x0000000085700000, 0x0000000085700000| Untracked 
|  88|0x0000000085800000, 0x0000000085800000, 0x0000000085900000|  0%| F|  |TAMS 0x0000000085800000, 0x0000000085800000| Untracked 
|  89|0x0000000085900000, 0x0000000085a00000, 0x0000000085a00000|100%| O|  |TAMS 0x0000000085a00000, 0x0000000085900000| Untracked 
|  90|0x0000000085a00000, 0x0000000085b00000, 0x0000000085b00000|100%| O|  |TAMS 0x0000000085b00000, 0x0000000085a00000| Untracked 
|  91|0x0000000085b00000, 0x0000000085b00000, 0x0000000085c00000|  0%| F|  |TAMS 0x0000000085b00000, 0x0000000085b00000| Untracked 
|  92|0x0000000085c00000, 0x0000000085d00000, 0x0000000085d00000|100%| O|  |TAMS 0x0000000085d00000, 0x0000000085c00000| Untracked 
|  93|0x0000000085d00000, 0x0000000085e00000, 0x0000000085e00000|100%| O|  |TAMS 0x0000000085d00000, 0x0000000085d00000| Untracked 
|  94|0x0000000085e00000, 0x0000000085f00000, 0x0000000085f00000|100%| O|  |TAMS 0x0000000085e00000, 0x0000000085e00000| Untracked 
|  95|0x0000000085f00000, 0x0000000086000000, 0x0000000086000000|100%| O|  |TAMS 0x0000000086000000, 0x0000000085f00000| Untracked 
|  96|0x0000000086000000, 0x0000000086100000, 0x0000000086100000|100%| O|  |TAMS 0x0000000086100000, 0x0000000086000000| Untracked 
|  97|0x0000000086100000, 0x0000000086100000, 0x0000000086200000|  0%| F|  |TAMS 0x0000000086100000, 0x0000000086100000| Untracked 
|  98|0x0000000086200000, 0x0000000086300000, 0x0000000086300000|100%| O|  |TAMS 0x0000000086300000, 0x0000000086200000| Untracked 
|  99|0x0000000086300000, 0x0000000086400000, 0x0000000086400000|100%| O|  |TAMS 0x0000000086400000, 0x0000000086300000| Untracked 
| 100|0x0000000086400000, 0x0000000086500000, 0x0000000086500000|100%| O|  |TAMS 0x0000000086500000, 0x0000000086400000| Untracked 
| 101|0x0000000086500000, 0x0000000086600000, 0x0000000086600000|100%| O|  |TAMS 0x0000000086600000, 0x0000000086500000| Untracked 
| 102|0x0000000086600000, 0x0000000086700000, 0x0000000086700000|100%| O|  |TAMS 0x0000000086700000, 0x0000000086600000| Untracked 
| 103|0x0000000086700000, 0x0000000086800000, 0x0000000086800000|100%| O|  |TAMS 0x0000000086800000, 0x0000000086700000| Untracked 
| 104|0x0000000086800000, 0x0000000086900000, 0x0000000086900000|100%| O|  |TAMS 0x0000000086900000, 0x0000000086800000| Untracked 
| 105|0x0000000086900000, 0x0000000086a00000, 0x0000000086a00000|100%| O|  |TAMS 0x0000000086a00000, 0x0000000086900000| Untracked 
| 106|0x0000000086a00000, 0x0000000086b00000, 0x0000000086b00000|100%| O|  |TAMS 0x0000000086b00000, 0x0000000086a00000| Untracked 
| 107|0x0000000086b00000, 0x0000000086c00000, 0x0000000086c00000|100%| O|  |TAMS 0x0000000086c00000, 0x0000000086b00000| Untracked 
| 108|0x0000000086c00000, 0x0000000086c00000, 0x0000000086d00000|  0%| F|  |TAMS 0x0000000086c00000, 0x0000000086c00000| Untracked 
| 109|0x0000000086d00000, 0x0000000086e00000, 0x0000000086e00000|100%| O|  |TAMS 0x0000000086e00000, 0x0000000086d00000| Untracked 
| 110|0x0000000086e00000, 0x0000000086e00000, 0x0000000086f00000|  0%| F|  |TAMS 0x0000000086e00000, 0x0000000086e00000| Untracked 
| 111|0x0000000086f00000, 0x0000000087000000, 0x0000000087000000|100%| O|  |TAMS 0x0000000087000000, 0x0000000086f00000| Untracked 
| 112|0x0000000087000000, 0x0000000087100000, 0x0000000087100000|100%| O|  |TAMS 0x0000000087100000, 0x0000000087000000| Untracked 
| 113|0x0000000087100000, 0x0000000087100000, 0x0000000087200000|  0%| F|  |TAMS 0x0000000087100000, 0x0000000087100000| Untracked 
| 114|0x0000000087200000, 0x0000000087200000, 0x0000000087300000|  0%| F|  |TAMS 0x0000000087200000, 0x0000000087200000| Untracked 
| 115|0x0000000087300000, 0x0000000087400000, 0x0000000087400000|100%| O|  |TAMS 0x0000000087400000, 0x0000000087300000| Untracked 
| 116|0x0000000087400000, 0x0000000087500000, 0x0000000087500000|100%| O|  |TAMS 0x0000000087500000, 0x0000000087400000| Untracked 
| 117|0x0000000087500000, 0x0000000087600000, 0x0000000087600000|100%| O|  |TAMS 0x0000000087600000, 0x0000000087500000| Untracked 
| 118|0x0000000087600000, 0x0000000087700000, 0x0000000087700000|100%| O|  |TAMS 0x0000000087700000, 0x0000000087600000| Untracked 
| 119|0x0000000087700000, 0x0000000087800000, 0x0000000087800000|100%| O|  |TAMS 0x0000000087800000, 0x0000000087700000| Untracked 
| 120|0x0000000087800000, 0x0000000087900000, 0x0000000087900000|100%| O|  |TAMS 0x0000000087900000, 0x0000000087800000| Untracked 
| 121|0x0000000087900000, 0x0000000087a00000, 0x0000000087a00000|100%| O|  |TAMS 0x0000000087a00000, 0x0000000087900000| Untracked 
| 122|0x0000000087a00000, 0x0000000087b00000, 0x0000000087b00000|100%| O|  |TAMS 0x0000000087b00000, 0x0000000087a00000| Untracked 
| 123|0x0000000087b00000, 0x0000000087b00000, 0x0000000087c00000|  0%| F|  |TAMS 0x0000000087b00000, 0x0000000087b00000| Untracked 
| 124|0x0000000087c00000, 0x0000000087d00000, 0x0000000087d00000|100%| O|  |TAMS 0x0000000087d00000, 0x0000000087c00000| Untracked 
| 125|0x0000000087d00000, 0x0000000087e00000, 0x0000000087e00000|100%| O|  |TAMS 0x0000000087e00000, 0x0000000087d00000| Untracked 
| 126|0x0000000087e00000, 0x0000000087f00000, 0x0000000087f00000|100%| O|  |TAMS 0x0000000087f00000, 0x0000000087e00000| Untracked 
| 127|0x0000000087f00000, 0x0000000088000000, 0x0000000088000000|100%| O|  |TAMS 0x0000000088000000, 0x0000000087f00000| Untracked 
| 128|0x0000000088000000, 0x0000000088100000, 0x0000000088100000|100%| O|  |TAMS 0x0000000088100000, 0x0000000088000000| Untracked 
| 129|0x0000000088100000, 0x0000000088100000, 0x0000000088200000|  0%| F|  |TAMS 0x0000000088100000, 0x0000000088100000| Untracked 
| 130|0x0000000088200000, 0x0000000088300000, 0x0000000088300000|100%| O|  |TAMS 0x0000000088300000, 0x0000000088200000| Untracked 
| 131|0x0000000088300000, 0x0000000088400000, 0x0000000088400000|100%| O|  |TAMS 0x0000000088400000, 0x0000000088300000| Untracked 
| 132|0x0000000088400000, 0x0000000088500000, 0x0000000088500000|100%| O|  |TAMS 0x0000000088500000, 0x0000000088400000| Untracked 
| 133|0x0000000088500000, 0x0000000088500000, 0x0000000088600000|  0%| F|  |TAMS 0x0000000088500000, 0x0000000088500000| Untracked 
| 134|0x0000000088600000, 0x0000000088600000, 0x0000000088700000|  0%| F|  |TAMS 0x0000000088600000, 0x0000000088600000| Untracked 
| 135|0x0000000088700000, 0x0000000088800000, 0x0000000088800000|100%| O|  |TAMS 0x0000000088800000, 0x0000000088700000| Untracked 
| 136|0x0000000088800000, 0x0000000088800000, 0x0000000088900000|  0%| F|  |TAMS 0x0000000088800000, 0x0000000088800000| Untracked 
| 137|0x0000000088900000, 0x0000000088900000, 0x0000000088a00000|  0%| F|  |TAMS 0x0000000088900000, 0x0000000088900000| Untracked 
| 138|0x0000000088a00000, 0x0000000088b00000, 0x0000000088b00000|100%| O|  |TAMS 0x0000000088b00000, 0x0000000088a00000| Untracked 
| 139|0x0000000088b00000, 0x0000000088c00000, 0x0000000088c00000|100%| O|  |TAMS 0x0000000088c00000, 0x0000000088b00000| Untracked 
| 140|0x0000000088c00000, 0x0000000088d00000, 0x0000000088d00000|100%| O|  |TAMS 0x0000000088d00000, 0x0000000088c00000| Untracked 
| 141|0x0000000088d00000, 0x0000000088e00000, 0x0000000088e00000|100%| O|  |TAMS 0x0000000088e00000, 0x0000000088d00000| Untracked 
| 142|0x0000000088e00000, 0x0000000088f00000, 0x0000000088f00000|100%| O|  |TAMS 0x0000000088f00000, 0x0000000088e00000| Untracked 
| 143|0x0000000088f00000, 0x0000000089000000, 0x0000000089000000|100%| O|  |TAMS 0x0000000089000000, 0x0000000088f00000| Untracked 
| 144|0x0000000089000000, 0x0000000089100000, 0x0000000089100000|100%| O|  |TAMS 0x0000000089100000, 0x0000000089000000| Untracked 
| 145|0x0000000089100000, 0x0000000089200000, 0x0000000089200000|100%| O|  |TAMS 0x0000000089200000, 0x0000000089100000| Untracked 
| 146|0x0000000089200000, 0x0000000089300000, 0x0000000089300000|100%| O|  |TAMS 0x0000000089300000, 0x0000000089200000| Untracked 
| 147|0x0000000089300000, 0x0000000089400000, 0x0000000089400000|100%| O|  |TAMS 0x0000000089400000, 0x0000000089300000| Untracked 
| 148|0x0000000089400000, 0x0000000089500000, 0x0000000089500000|100%| O|  |TAMS 0x0000000089500000, 0x0000000089400000| Untracked 
| 149|0x0000000089500000, 0x0000000089600000, 0x0000000089600000|100%| O|  |TAMS 0x0000000089600000, 0x0000000089500000| Untracked 
| 150|0x0000000089600000, 0x0000000089700000, 0x0000000089700000|100%| O|  |TAMS 0x0000000089700000, 0x0000000089600000| Untracked 
| 151|0x0000000089700000, 0x0000000089800000, 0x0000000089800000|100%| O|  |TAMS 0x0000000089800000, 0x0000000089700000| Untracked 
| 152|0x0000000089800000, 0x0000000089900000, 0x0000000089900000|100%| O|  |TAMS 0x0000000089900000, 0x0000000089800000| Untracked 
| 153|0x0000000089900000, 0x0000000089900000, 0x0000000089a00000|  0%| F|  |TAMS 0x0000000089900000, 0x0000000089900000| Untracked 
| 154|0x0000000089a00000, 0x0000000089a00000, 0x0000000089b00000|  0%| F|  |TAMS 0x0000000089a00000, 0x0000000089a00000| Untracked 
| 155|0x0000000089b00000, 0x0000000089b00000, 0x0000000089c00000|  0%| F|  |TAMS 0x0000000089b00000, 0x0000000089b00000| Untracked 
| 156|0x0000000089c00000, 0x0000000089d00000, 0x0000000089d00000|100%| O|  |TAMS 0x0000000089d00000, 0x0000000089c00000| Untracked 
| 157|0x0000000089d00000, 0x0000000089e00000, 0x0000000089e00000|100%| O|  |TAMS 0x0000000089d32a00, 0x0000000089d00000| Untracked 
| 158|0x0000000089e00000, 0x0000000089f00000, 0x0000000089f00000|100%| O|  |TAMS 0x0000000089e00000, 0x0000000089e00000| Untracked 
| 159|0x0000000089f00000, 0x000000008a000000, 0x000000008a000000|100%| O|  |TAMS 0x0000000089f00000, 0x0000000089f00000| Untracked 
| 160|0x000000008a000000, 0x000000008a100000, 0x000000008a100000|100%| O|  |TAMS 0x000000008a000000, 0x000000008a000000| Untracked 
| 161|0x000000008a100000, 0x000000008a200000, 0x000000008a200000|100%| O|  |TAMS 0x000000008a100000, 0x000000008a100000| Untracked 
| 162|0x000000008a200000, 0x000000008a300000, 0x000000008a300000|100%| O|  |TAMS 0x000000008a200000, 0x000000008a200000| Untracked 
| 163|0x000000008a300000, 0x000000008a400000, 0x000000008a400000|100%| O|  |TAMS 0x000000008a300000, 0x000000008a300000| Untracked 
| 164|0x000000008a400000, 0x000000008a500000, 0x000000008a500000|100%| O|  |TAMS 0x000000008a400000, 0x000000008a400000| Untracked 
| 165|0x000000008a500000, 0x000000008a600000, 0x000000008a600000|100%| O|  |TAMS 0x000000008a500000, 0x000000008a500000| Untracked 
| 166|0x000000008a600000, 0x000000008a700000, 0x000000008a700000|100%| O|  |TAMS 0x000000008a600000, 0x000000008a600000| Untracked 
| 167|0x000000008a700000, 0x000000008a800000, 0x000000008a800000|100%| O|  |TAMS 0x000000008a700000, 0x000000008a700000| Untracked 
| 168|0x000000008a800000, 0x000000008a900000, 0x000000008a900000|100%| O|  |TAMS 0x000000008a800000, 0x000000008a800000| Untracked 
| 169|0x000000008a900000, 0x000000008aa00000, 0x000000008aa00000|100%| O|  |TAMS 0x000000008a900000, 0x000000008a900000| Untracked 
| 170|0x000000008aa00000, 0x000000008ab00000, 0x000000008ab00000|100%| O|  |TAMS 0x000000008aa00000, 0x000000008aa00000| Untracked 
| 171|0x000000008ab00000, 0x000000008ac00000, 0x000000008ac00000|100%| O|  |TAMS 0x000000008ab00000, 0x000000008ab00000| Untracked 
| 172|0x000000008ac00000, 0x000000008ad00000, 0x000000008ad00000|100%| O|  |TAMS 0x000000008ac00000, 0x000000008ac00000| Untracked 
| 173|0x000000008ad00000, 0x000000008ae00000, 0x000000008ae00000|100%| O|  |TAMS 0x000000008ad00000, 0x000000008ad00000| Untracked 
| 174|0x000000008ae00000, 0x000000008af00000, 0x000000008af00000|100%| O|  |TAMS 0x000000008ae00000, 0x000000008ae00000| Untracked 
| 175|0x000000008af00000, 0x000000008b000000, 0x000000008b000000|100%| O|  |TAMS 0x000000008af00000, 0x000000008af00000| Untracked 
| 176|0x000000008b000000, 0x000000008b100000, 0x000000008b100000|100%| O|  |TAMS 0x000000008b000000, 0x000000008b000000| Untracked 
| 177|0x000000008b100000, 0x000000008b200000, 0x000000008b200000|100%| O|  |TAMS 0x000000008b100000, 0x000000008b100000| Untracked 
| 178|0x000000008b200000, 0x000000008b300000, 0x000000008b300000|100%| O|  |TAMS 0x000000008b200000, 0x000000008b200000| Untracked 
| 179|0x000000008b300000, 0x000000008b400000, 0x000000008b400000|100%| O|  |TAMS 0x000000008b300000, 0x000000008b300000| Untracked 
| 180|0x000000008b400000, 0x000000008b500000, 0x000000008b500000|100%| O|  |TAMS 0x000000008b400000, 0x000000008b400000| Untracked 
| 181|0x000000008b500000, 0x000000008b600000, 0x000000008b600000|100%| O|  |TAMS 0x000000008b500000, 0x000000008b500000| Untracked 
| 182|0x000000008b600000, 0x000000008b700000, 0x000000008b700000|100%| O|  |TAMS 0x000000008b600000, 0x000000008b600000| Untracked 
| 183|0x000000008b700000, 0x000000008b800000, 0x000000008b800000|100%| O|  |TAMS 0x000000008b700000, 0x000000008b700000| Untracked 
| 184|0x000000008b800000, 0x000000008b900000, 0x000000008b900000|100%| O|  |TAMS 0x000000008b800000, 0x000000008b800000| Untracked 
| 185|0x000000008b900000, 0x000000008ba00000, 0x000000008ba00000|100%| O|  |TAMS 0x000000008b900000, 0x000000008b900000| Untracked 
| 186|0x000000008ba00000, 0x000000008bb00000, 0x000000008bb00000|100%| O|  |TAMS 0x000000008ba00000, 0x000000008ba00000| Untracked 
| 187|0x000000008bb00000, 0x000000008bc00000, 0x000000008bc00000|100%| O|  |TAMS 0x000000008bb00000, 0x000000008bb00000| Untracked 
| 188|0x000000008bc00000, 0x000000008bd00000, 0x000000008bd00000|100%| O|  |TAMS 0x000000008bc00000, 0x000000008bc00000| Untracked 
| 189|0x000000008bd00000, 0x000000008be00000, 0x000000008be00000|100%| O|  |TAMS 0x000000008bd00000, 0x000000008bd00000| Untracked 
| 190|0x000000008be00000, 0x000000008bf00000, 0x000000008bf00000|100%| O|  |TAMS 0x000000008be00000, 0x000000008be00000| Untracked 
| 191|0x000000008bf00000, 0x000000008c000000, 0x000000008c000000|100%| O|  |TAMS 0x000000008bf00000, 0x000000008bf00000| Untracked 
| 192|0x000000008c000000, 0x000000008c100000, 0x000000008c100000|100%| O|  |TAMS 0x000000008c000000, 0x000000008c000000| Untracked 
| 193|0x000000008c100000, 0x000000008c1d3a00, 0x000000008c200000| 82%| O|  |TAMS 0x000000008c100000, 0x000000008c100000| Untracked 
| 194|0x000000008c200000, 0x000000008c200000, 0x000000008c300000|  0%| F|  |TAMS 0x000000008c200000, 0x000000008c200000| Untracked 
| 195|0x000000008c300000, 0x000000008c300000, 0x000000008c400000|  0%| F|  |TAMS 0x000000008c300000, 0x000000008c300000| Untracked 
| 196|0x000000008c400000, 0x000000008c400000, 0x000000008c500000|  0%| F|  |TAMS 0x000000008c400000, 0x000000008c400000| Untracked 
| 197|0x000000008c500000, 0x000000008c500000, 0x000000008c600000|  0%| F|  |TAMS 0x000000008c500000, 0x000000008c500000| Untracked 
| 198|0x000000008c600000, 0x000000008c600000, 0x000000008c700000|  0%| F|  |TAMS 0x000000008c600000, 0x000000008c600000| Untracked 
| 199|0x000000008c700000, 0x000000008c700000, 0x000000008c800000|  0%| F|  |TAMS 0x000000008c700000, 0x000000008c700000| Untracked 
| 200|0x000000008c800000, 0x000000008c800000, 0x000000008c900000|  0%| F|  |TAMS 0x000000008c800000, 0x000000008c800000| Untracked 
| 201|0x000000008c900000, 0x000000008ca00000, 0x000000008ca00000|100%| O|  |TAMS 0x000000008ca00000, 0x000000008c900000| Untracked 
| 202|0x000000008ca00000, 0x000000008cb00000, 0x000000008cb00000|100%| O|  |TAMS 0x000000008cb00000, 0x000000008ca00000| Untracked 
| 203|0x000000008cb00000, 0x000000008cc00000, 0x000000008cc00000|100%| O|  |TAMS 0x000000008cc00000, 0x000000008cb00000| Untracked 
| 204|0x000000008cc00000, 0x000000008cd00000, 0x000000008cd00000|100%| O|  |TAMS 0x000000008cd00000, 0x000000008cc00000| Untracked 
| 205|0x000000008cd00000, 0x000000008cd00000, 0x000000008ce00000|  0%| F|  |TAMS 0x000000008cd00000, 0x000000008cd00000| Untracked 
| 206|0x000000008ce00000, 0x000000008ce00000, 0x000000008cf00000|  0%| F|  |TAMS 0x000000008ce00000, 0x000000008ce00000| Untracked 
| 207|0x000000008cf00000, 0x000000008cf00000, 0x000000008d000000|  0%| F|  |TAMS 0x000000008cf00000, 0x000000008cf00000| Untracked 
| 208|0x000000008d000000, 0x000000008d000000, 0x000000008d100000|  0%| F|  |TAMS 0x000000008d000000, 0x000000008d000000| Untracked 
| 209|0x000000008d100000, 0x000000008d100000, 0x000000008d200000|  0%| F|  |TAMS 0x000000008d100000, 0x000000008d100000| Untracked 
| 210|0x000000008d200000, 0x000000008d200000, 0x000000008d300000|  0%| F|  |TAMS 0x000000008d200000, 0x000000008d200000| Untracked 
| 211|0x000000008d300000, 0x000000008d300000, 0x000000008d400000|  0%| F|  |TAMS 0x000000008d300000, 0x000000008d300000| Untracked 
| 212|0x000000008d400000, 0x000000008d400000, 0x000000008d500000|  0%| F|  |TAMS 0x000000008d400000, 0x000000008d400000| Untracked 
| 213|0x000000008d500000, 0x000000008d500000, 0x000000008d600000|  0%| F|  |TAMS 0x000000008d500000, 0x000000008d500000| Untracked 
| 214|0x000000008d600000, 0x000000008d600000, 0x000000008d700000|  0%| F|  |TAMS 0x000000008d600000, 0x000000008d600000| Untracked 
| 215|0x000000008d700000, 0x000000008d700000, 0x000000008d800000|  0%| F|  |TAMS 0x000000008d700000, 0x000000008d700000| Untracked 
| 216|0x000000008d800000, 0x000000008d800000, 0x000000008d900000|  0%| F|  |TAMS 0x000000008d800000, 0x000000008d800000| Untracked 
| 217|0x000000008d900000, 0x000000008d900000, 0x000000008da00000|  0%| F|  |TAMS 0x000000008d900000, 0x000000008d900000| Untracked 
| 218|0x000000008da00000, 0x000000008da00000, 0x000000008db00000|  0%| F|  |TAMS 0x000000008da00000, 0x000000008da00000| Untracked 
| 219|0x000000008db00000, 0x000000008db00000, 0x000000008dc00000|  0%| F|  |TAMS 0x000000008db00000, 0x000000008db00000| Untracked 
| 220|0x000000008dc00000, 0x000000008dc00000, 0x000000008dd00000|  0%| F|  |TAMS 0x000000008dc00000, 0x000000008dc00000| Untracked 
| 221|0x000000008dd00000, 0x000000008dd00000, 0x000000008de00000|  0%| F|  |TAMS 0x000000008dd00000, 0x000000008dd00000| Untracked 
| 222|0x000000008de00000, 0x000000008de00000, 0x000000008df00000|  0%| F|  |TAMS 0x000000008de00000, 0x000000008de00000| Untracked 
| 223|0x000000008df00000, 0x000000008df00000, 0x000000008e000000|  0%| F|  |TAMS 0x000000008df00000, 0x000000008df00000| Untracked 
| 224|0x000000008e000000, 0x000000008e000000, 0x000000008e100000|  0%| F|  |TAMS 0x000000008e000000, 0x000000008e000000| Untracked 
| 225|0x000000008e100000, 0x000000008e100000, 0x000000008e200000|  0%| F|  |TAMS 0x000000008e100000, 0x000000008e100000| Untracked 
| 226|0x000000008e200000, 0x000000008e200000, 0x000000008e300000|  0%| F|  |TAMS 0x000000008e200000, 0x000000008e200000| Untracked 
| 227|0x000000008e300000, 0x000000008e300000, 0x000000008e400000|  0%| F|  |TAMS 0x000000008e300000, 0x000000008e300000| Untracked 
| 228|0x000000008e400000, 0x000000008e400000, 0x000000008e500000|  0%| F|  |TAMS 0x000000008e400000, 0x000000008e400000| Untracked 
| 229|0x000000008e500000, 0x000000008e500000, 0x000000008e600000|  0%| F|  |TAMS 0x000000008e500000, 0x000000008e500000| Untracked 
| 230|0x000000008e600000, 0x000000008e600000, 0x000000008e700000|  0%| F|  |TAMS 0x000000008e600000, 0x000000008e600000| Untracked 
| 231|0x000000008e700000, 0x000000008e700000, 0x000000008e800000|  0%| F|  |TAMS 0x000000008e700000, 0x000000008e700000| Untracked 
| 232|0x000000008e800000, 0x000000008e800000, 0x000000008e900000|  0%| F|  |TAMS 0x000000008e800000, 0x000000008e800000| Untracked 
| 233|0x000000008e900000, 0x000000008e900000, 0x000000008ea00000|  0%| F|  |TAMS 0x000000008e900000, 0x000000008e900000| Untracked 
| 234|0x000000008ea00000, 0x000000008ea00000, 0x000000008eb00000|  0%| F|  |TAMS 0x000000008ea00000, 0x000000008ea00000| Untracked 
| 235|0x000000008eb00000, 0x000000008eb00000, 0x000000008ec00000|  0%| F|  |TAMS 0x000000008eb00000, 0x000000008eb00000| Untracked 
| 236|0x000000008ec00000, 0x000000008ec00000, 0x000000008ed00000|  0%| F|  |TAMS 0x000000008ec00000, 0x000000008ec00000| Untracked 
| 237|0x000000008ed00000, 0x000000008ed00000, 0x000000008ee00000|  0%| F|  |TAMS 0x000000008ed00000, 0x000000008ed00000| Untracked 
| 238|0x000000008ee00000, 0x000000008ee00000, 0x000000008ef00000|  0%| F|  |TAMS 0x000000008ee00000, 0x000000008ee00000| Untracked 
| 239|0x000000008ef00000, 0x000000008ef00000, 0x000000008f000000|  0%| F|  |TAMS 0x000000008ef00000, 0x000000008ef00000| Untracked 
| 240|0x000000008f000000, 0x000000008f000000, 0x000000008f100000|  0%| F|  |TAMS 0x000000008f000000, 0x000000008f000000| Untracked 
| 241|0x000000008f100000, 0x000000008f100000, 0x000000008f200000|  0%| F|  |TAMS 0x000000008f100000, 0x000000008f100000| Untracked 
| 242|0x000000008f200000, 0x000000008f200000, 0x000000008f300000|  0%| F|  |TAMS 0x000000008f200000, 0x000000008f200000| Untracked 
| 243|0x000000008f300000, 0x000000008f300000, 0x000000008f400000|  0%| F|  |TAMS 0x000000008f300000, 0x000000008f300000| Untracked 
| 244|0x000000008f400000, 0x000000008f400000, 0x000000008f500000|  0%| F|  |TAMS 0x000000008f400000, 0x000000008f400000| Untracked 
| 245|0x000000008f500000, 0x000000008f500000, 0x000000008f600000|  0%| F|  |TAMS 0x000000008f500000, 0x000000008f500000| Untracked 
| 246|0x000000008f600000, 0x000000008f600000, 0x000000008f700000|  0%| F|  |TAMS 0x000000008f600000, 0x000000008f600000| Untracked 
| 247|0x000000008f700000, 0x000000008f700000, 0x000000008f800000|  0%| F|  |TAMS 0x000000008f700000, 0x000000008f700000| Untracked 
| 248|0x000000008f800000, 0x000000008f800000, 0x000000008f900000|  0%| F|  |TAMS 0x000000008f800000, 0x000000008f800000| Untracked 
| 249|0x000000008f900000, 0x000000008f900000, 0x000000008fa00000|  0%| F|  |TAMS 0x000000008f900000, 0x000000008f900000| Untracked 
| 250|0x000000008fa00000, 0x000000008fa00000, 0x000000008fb00000|  0%| F|  |TAMS 0x000000008fa00000, 0x000000008fa00000| Untracked 
| 251|0x000000008fb00000, 0x000000008fb00000, 0x000000008fc00000|  0%| F|  |TAMS 0x000000008fb00000, 0x000000008fb00000| Untracked 
| 252|0x000000008fc00000, 0x000000008fc00000, 0x000000008fd00000|  0%| F|  |TAMS 0x000000008fc00000, 0x000000008fc00000| Untracked 
| 253|0x000000008fd00000, 0x000000008fd00000, 0x000000008fe00000|  0%| F|  |TAMS 0x000000008fd00000, 0x000000008fd00000| Untracked 
| 254|0x000000008fe00000, 0x000000008fe00000, 0x000000008ff00000|  0%| F|  |TAMS 0x000000008fe00000, 0x000000008fe00000| Untracked 
| 255|0x000000008ff00000, 0x000000008ff00000, 0x0000000090000000|  0%| F|  |TAMS 0x000000008ff00000, 0x000000008ff00000| Untracked 
| 256|0x0000000090000000, 0x0000000090000000, 0x0000000090100000|  0%| F|  |TAMS 0x0000000090000000, 0x0000000090000000| Untracked 
| 257|0x0000000090100000, 0x0000000090100000, 0x0000000090200000|  0%| F|  |TAMS 0x0000000090100000, 0x0000000090100000| Untracked 
| 258|0x0000000090200000, 0x0000000090200000, 0x0000000090300000|  0%| F|  |TAMS 0x0000000090200000, 0x0000000090200000| Untracked 
| 259|0x0000000090300000, 0x0000000090300000, 0x0000000090400000|  0%| F|  |TAMS 0x0000000090300000, 0x0000000090300000| Untracked 
| 260|0x0000000090400000, 0x0000000090400000, 0x0000000090500000|  0%| F|  |TAMS 0x0000000090400000, 0x0000000090400000| Untracked 
| 261|0x0000000090500000, 0x0000000090500000, 0x0000000090600000|  0%| F|  |TAMS 0x0000000090500000, 0x0000000090500000| Untracked 
| 262|0x0000000090600000, 0x0000000090600000, 0x0000000090700000|  0%| F|  |TAMS 0x0000000090600000, 0x0000000090600000| Untracked 
| 263|0x0000000090700000, 0x0000000090700000, 0x0000000090800000|  0%| F|  |TAMS 0x0000000090700000, 0x0000000090700000| Untracked 
| 264|0x0000000090800000, 0x0000000090800000, 0x0000000090900000|  0%| F|  |TAMS 0x0000000090800000, 0x0000000090800000| Untracked 
| 265|0x0000000090900000, 0x0000000090900000, 0x0000000090a00000|  0%| F|  |TAMS 0x0000000090900000, 0x0000000090900000| Untracked 
| 266|0x0000000090a00000, 0x0000000090a00000, 0x0000000090b00000|  0%| F|  |TAMS 0x0000000090a00000, 0x0000000090a00000| Untracked 
| 267|0x0000000090b00000, 0x0000000090b00000, 0x0000000090c00000|  0%| F|  |TAMS 0x0000000090b00000, 0x0000000090b00000| Untracked 
| 268|0x0000000090c00000, 0x0000000090c00000, 0x0000000090d00000|  0%| F|  |TAMS 0x0000000090c00000, 0x0000000090c00000| Untracked 
| 269|0x0000000090d00000, 0x0000000090d00000, 0x0000000090e00000|  0%| F|  |TAMS 0x0000000090d00000, 0x0000000090d00000| Untracked 
| 270|0x0000000090e00000, 0x0000000090e00000, 0x0000000090f00000|  0%| F|  |TAMS 0x0000000090e00000, 0x0000000090e00000| Untracked 
| 271|0x0000000090f00000, 0x0000000090f00000, 0x0000000091000000|  0%| F|  |TAMS 0x0000000090f00000, 0x0000000090f00000| Untracked 
| 272|0x0000000091000000, 0x0000000091000000, 0x0000000091100000|  0%| F|  |TAMS 0x0000000091000000, 0x0000000091000000| Untracked 
| 273|0x0000000091100000, 0x0000000091100000, 0x0000000091200000|  0%| F|  |TAMS 0x0000000091100000, 0x0000000091100000| Untracked 
| 274|0x0000000091200000, 0x0000000091200000, 0x0000000091300000|  0%| F|  |TAMS 0x0000000091200000, 0x0000000091200000| Untracked 
| 275|0x0000000091300000, 0x0000000091300000, 0x0000000091400000|  0%| F|  |TAMS 0x0000000091300000, 0x0000000091300000| Untracked 
| 276|0x0000000091400000, 0x0000000091400000, 0x0000000091500000|  0%| F|  |TAMS 0x0000000091400000, 0x0000000091400000| Untracked 
| 277|0x0000000091500000, 0x0000000091500000, 0x0000000091600000|  0%| F|  |TAMS 0x0000000091500000, 0x0000000091500000| Untracked 
| 278|0x0000000091600000, 0x0000000091600000, 0x0000000091700000|  0%| F|  |TAMS 0x0000000091600000, 0x0000000091600000| Untracked 
| 279|0x0000000091700000, 0x0000000091700000, 0x0000000091800000|  0%| F|  |TAMS 0x0000000091700000, 0x0000000091700000| Untracked 
| 280|0x0000000091800000, 0x0000000091800000, 0x0000000091900000|  0%| F|  |TAMS 0x0000000091800000, 0x0000000091800000| Untracked 
| 281|0x0000000091900000, 0x0000000091900000, 0x0000000091a00000|  0%| F|  |TAMS 0x0000000091900000, 0x0000000091900000| Untracked 
| 282|0x0000000091a00000, 0x0000000091a00000, 0x0000000091b00000|  0%| F|  |TAMS 0x0000000091a00000, 0x0000000091a00000| Untracked 
| 283|0x0000000091b00000, 0x0000000091b00000, 0x0000000091c00000|  0%| F|  |TAMS 0x0000000091b00000, 0x0000000091b00000| Untracked 
| 284|0x0000000091c00000, 0x0000000091c00000, 0x0000000091d00000|  0%| F|  |TAMS 0x0000000091c00000, 0x0000000091c00000| Untracked 
| 285|0x0000000091d00000, 0x0000000091d00000, 0x0000000091e00000|  0%| F|  |TAMS 0x0000000091d00000, 0x0000000091d00000| Untracked 
| 286|0x0000000091e00000, 0x0000000091e00000, 0x0000000091f00000|  0%| F|  |TAMS 0x0000000091e00000, 0x0000000091e00000| Untracked 
| 287|0x0000000091f00000, 0x0000000091f00000, 0x0000000092000000|  0%| F|  |TAMS 0x0000000091f00000, 0x0000000091f00000| Untracked 
| 288|0x0000000092000000, 0x0000000092000000, 0x0000000092100000|  0%| F|  |TAMS 0x0000000092000000, 0x0000000092000000| Untracked 
| 289|0x0000000092100000, 0x0000000092100000, 0x0000000092200000|  0%| F|  |TAMS 0x0000000092100000, 0x0000000092100000| Untracked 
| 290|0x0000000092200000, 0x0000000092200000, 0x0000000092300000|  0%| F|  |TAMS 0x0000000092200000, 0x0000000092200000| Untracked 
| 291|0x0000000092300000, 0x0000000092300000, 0x0000000092400000|  0%| F|  |TAMS 0x0000000092300000, 0x0000000092300000| Untracked 
| 292|0x0000000092400000, 0x0000000092400000, 0x0000000092500000|  0%| F|  |TAMS 0x0000000092400000, 0x0000000092400000| Untracked 
| 293|0x0000000092500000, 0x0000000092500000, 0x0000000092600000|  0%| F|  |TAMS 0x0000000092500000, 0x0000000092500000| Untracked 
| 294|0x0000000092600000, 0x0000000092600000, 0x0000000092700000|  0%| F|  |TAMS 0x0000000092600000, 0x0000000092600000| Untracked 
| 295|0x0000000092700000, 0x0000000092700000, 0x0000000092800000|  0%| F|  |TAMS 0x0000000092700000, 0x0000000092700000| Untracked 
| 296|0x0000000092800000, 0x0000000092800000, 0x0000000092900000|  0%| F|  |TAMS 0x0000000092800000, 0x0000000092800000| Untracked 
| 297|0x0000000092900000, 0x0000000092900000, 0x0000000092a00000|  0%| F|  |TAMS 0x0000000092900000, 0x0000000092900000| Untracked 
| 298|0x0000000092a00000, 0x0000000092a00000, 0x0000000092b00000|  0%| F|  |TAMS 0x0000000092a00000, 0x0000000092a00000| Untracked 
| 299|0x0000000092b00000, 0x0000000092b00000, 0x0000000092c00000|  0%| F|  |TAMS 0x0000000092b00000, 0x0000000092b00000| Untracked 
| 300|0x0000000092c00000, 0x0000000092c00000, 0x0000000092d00000|  0%| F|  |TAMS 0x0000000092c00000, 0x0000000092c00000| Untracked 
| 301|0x0000000092d00000, 0x0000000092d00000, 0x0000000092e00000|  0%| F|  |TAMS 0x0000000092d00000, 0x0000000092d00000| Untracked 
| 302|0x0000000092e00000, 0x0000000092e00000, 0x0000000092f00000|  0%| F|  |TAMS 0x0000000092e00000, 0x0000000092e00000| Untracked 
| 303|0x0000000092f00000, 0x0000000092f00000, 0x0000000093000000|  0%| F|  |TAMS 0x0000000092f00000, 0x0000000092f00000| Untracked 
| 304|0x0000000093000000, 0x0000000093000000, 0x0000000093100000|  0%| F|  |TAMS 0x0000000093000000, 0x0000000093000000| Untracked 
| 305|0x0000000093100000, 0x0000000093100000, 0x0000000093200000|  0%| F|  |TAMS 0x0000000093100000, 0x0000000093100000| Untracked 
| 306|0x0000000093200000, 0x0000000093200000, 0x0000000093300000|  0%| F|  |TAMS 0x0000000093200000, 0x0000000093200000| Untracked 
| 307|0x0000000093300000, 0x0000000093300000, 0x0000000093400000|  0%| F|  |TAMS 0x0000000093300000, 0x0000000093300000| Untracked 
| 308|0x0000000093400000, 0x0000000093400000, 0x0000000093500000|  0%| F|  |TAMS 0x0000000093400000, 0x0000000093400000| Untracked 
| 309|0x0000000093500000, 0x0000000093500000, 0x0000000093600000|  0%| F|  |TAMS 0x0000000093500000, 0x0000000093500000| Untracked 
| 310|0x0000000093600000, 0x0000000093600000, 0x0000000093700000|  0%| F|  |TAMS 0x0000000093600000, 0x0000000093600000| Untracked 
| 311|0x0000000093700000, 0x0000000093700000, 0x0000000093800000|  0%| F|  |TAMS 0x0000000093700000, 0x0000000093700000| Untracked 
| 312|0x0000000093800000, 0x0000000093800000, 0x0000000093900000|  0%| F|  |TAMS 0x0000000093800000, 0x0000000093800000| Untracked 
| 313|0x0000000093900000, 0x0000000093900000, 0x0000000093a00000|  0%| F|  |TAMS 0x0000000093900000, 0x0000000093900000| Untracked 
| 314|0x0000000093a00000, 0x0000000093a00000, 0x0000000093b00000|  0%| F|  |TAMS 0x0000000093a00000, 0x0000000093a00000| Untracked 
| 315|0x0000000093b00000, 0x0000000093b00000, 0x0000000093c00000|  0%| F|  |TAMS 0x0000000093b00000, 0x0000000093b00000| Untracked 
| 316|0x0000000093c00000, 0x0000000093c00000, 0x0000000093d00000|  0%| F|  |TAMS 0x0000000093c00000, 0x0000000093c00000| Untracked 
| 317|0x0000000093d00000, 0x0000000093d00000, 0x0000000093e00000|  0%| F|  |TAMS 0x0000000093d00000, 0x0000000093d00000| Untracked 
| 318|0x0000000093e00000, 0x0000000093e00000, 0x0000000093f00000|  0%| F|  |TAMS 0x0000000093e00000, 0x0000000093e00000| Untracked 
| 319|0x0000000093f00000, 0x0000000093f00000, 0x0000000094000000|  0%| F|  |TAMS 0x0000000093f00000, 0x0000000093f00000| Untracked 
| 320|0x0000000094000000, 0x0000000094000000, 0x0000000094100000|  0%| F|  |TAMS 0x0000000094000000, 0x0000000094000000| Untracked 
| 321|0x0000000094100000, 0x0000000094100000, 0x0000000094200000|  0%| F|  |TAMS 0x0000000094100000, 0x0000000094100000| Untracked 
| 322|0x0000000094200000, 0x0000000094200000, 0x0000000094300000|  0%| F|  |TAMS 0x0000000094200000, 0x0000000094200000| Untracked 
| 323|0x0000000094300000, 0x0000000094300000, 0x0000000094400000|  0%| F|  |TAMS 0x0000000094300000, 0x0000000094300000| Untracked 
| 324|0x0000000094400000, 0x0000000094400000, 0x0000000094500000|  0%| F|  |TAMS 0x0000000094400000, 0x0000000094400000| Untracked 
| 325|0x0000000094500000, 0x0000000094500000, 0x0000000094600000|  0%| F|  |TAMS 0x0000000094500000, 0x0000000094500000| Untracked 
| 326|0x0000000094600000, 0x0000000094600000, 0x0000000094700000|  0%| F|  |TAMS 0x0000000094600000, 0x0000000094600000| Untracked 
| 327|0x0000000094700000, 0x0000000094700000, 0x0000000094800000|  0%| F|  |TAMS 0x0000000094700000, 0x0000000094700000| Untracked 
| 328|0x0000000094800000, 0x0000000094800000, 0x0000000094900000|  0%| F|  |TAMS 0x0000000094800000, 0x0000000094800000| Untracked 
| 329|0x0000000094900000, 0x0000000094900000, 0x0000000094a00000|  0%| F|  |TAMS 0x0000000094900000, 0x0000000094900000| Untracked 
| 330|0x0000000094a00000, 0x0000000094a00000, 0x0000000094b00000|  0%| F|  |TAMS 0x0000000094a00000, 0x0000000094a00000| Untracked 
| 331|0x0000000094b00000, 0x0000000094b00000, 0x0000000094c00000|  0%| F|  |TAMS 0x0000000094b00000, 0x0000000094b00000| Untracked 
| 332|0x0000000094c00000, 0x0000000094c00000, 0x0000000094d00000|  0%| F|  |TAMS 0x0000000094c00000, 0x0000000094c00000| Untracked 
| 333|0x0000000094d00000, 0x0000000094d00000, 0x0000000094e00000|  0%| F|  |TAMS 0x0000000094d00000, 0x0000000094d00000| Untracked 
| 334|0x0000000094e00000, 0x0000000094e00000, 0x0000000094f00000|  0%| F|  |TAMS 0x0000000094e00000, 0x0000000094e00000| Untracked 
| 335|0x0000000094f00000, 0x0000000094f00000, 0x0000000095000000|  0%| F|  |TAMS 0x0000000094f00000, 0x0000000094f00000| Untracked 
| 336|0x0000000095000000, 0x0000000095000000, 0x0000000095100000|  0%| F|  |TAMS 0x0000000095000000, 0x0000000095000000| Untracked 
| 337|0x0000000095100000, 0x0000000095100000, 0x0000000095200000|  0%| F|  |TAMS 0x0000000095100000, 0x0000000095100000| Untracked 
| 338|0x0000000095200000, 0x0000000095200000, 0x0000000095300000|  0%| F|  |TAMS 0x0000000095200000, 0x0000000095200000| Untracked 
| 339|0x0000000095300000, 0x0000000095300000, 0x0000000095400000|  0%| F|  |TAMS 0x0000000095300000, 0x0000000095300000| Untracked 
| 340|0x0000000095400000, 0x0000000095400000, 0x0000000095500000|  0%| F|  |TAMS 0x0000000095400000, 0x0000000095400000| Untracked 
| 341|0x0000000095500000, 0x0000000095500000, 0x0000000095600000|  0%| F|  |TAMS 0x0000000095500000, 0x0000000095500000| Untracked 
| 342|0x0000000095600000, 0x0000000095600000, 0x0000000095700000|  0%| F|  |TAMS 0x0000000095600000, 0x0000000095600000| Untracked 
| 343|0x0000000095700000, 0x0000000095700000, 0x0000000095800000|  0%| F|  |TAMS 0x0000000095700000, 0x0000000095700000| Untracked 
| 344|0x0000000095800000, 0x0000000095800000, 0x0000000095900000|  0%| F|  |TAMS 0x0000000095800000, 0x0000000095800000| Untracked 
| 345|0x0000000095900000, 0x0000000095900000, 0x0000000095a00000|  0%| F|  |TAMS 0x0000000095900000, 0x0000000095900000| Untracked 
| 346|0x0000000095a00000, 0x0000000095a00000, 0x0000000095b00000|  0%| F|  |TAMS 0x0000000095a00000, 0x0000000095a00000| Untracked 
| 347|0x0000000095b00000, 0x0000000095b00000, 0x0000000095c00000|  0%| F|  |TAMS 0x0000000095b00000, 0x0000000095b00000| Untracked 
| 348|0x0000000095c00000, 0x0000000095c00000, 0x0000000095d00000|  0%| F|  |TAMS 0x0000000095c00000, 0x0000000095c00000| Untracked 
| 349|0x0000000095d00000, 0x0000000095d00000, 0x0000000095e00000|  0%| F|  |TAMS 0x0000000095d00000, 0x0000000095d00000| Untracked 
| 350|0x0000000095e00000, 0x0000000095e00000, 0x0000000095f00000|  0%| F|  |TAMS 0x0000000095e00000, 0x0000000095e00000| Untracked 
| 351|0x0000000095f00000, 0x0000000095f00000, 0x0000000096000000|  0%| F|  |TAMS 0x0000000095f00000, 0x0000000095f00000| Untracked 
| 352|0x0000000096000000, 0x0000000096000000, 0x0000000096100000|  0%| F|  |TAMS 0x0000000096000000, 0x0000000096000000| Untracked 
| 353|0x0000000096100000, 0x0000000096100000, 0x0000000096200000|  0%| F|  |TAMS 0x0000000096100000, 0x0000000096100000| Untracked 
| 354|0x0000000096200000, 0x0000000096200000, 0x0000000096300000|  0%| F|  |TAMS 0x0000000096200000, 0x0000000096200000| Untracked 
| 355|0x0000000096300000, 0x0000000096300000, 0x0000000096400000|  0%| F|  |TAMS 0x0000000096300000, 0x0000000096300000| Untracked 
| 356|0x0000000096400000, 0x0000000096400000, 0x0000000096500000|  0%| F|  |TAMS 0x0000000096400000, 0x0000000096400000| Untracked 
| 357|0x0000000096500000, 0x0000000096500000, 0x0000000096600000|  0%| F|  |TAMS 0x0000000096500000, 0x0000000096500000| Untracked 
| 358|0x0000000096600000, 0x0000000096600000, 0x0000000096700000|  0%| F|  |TAMS 0x0000000096600000, 0x0000000096600000| Untracked 
| 359|0x0000000096700000, 0x0000000096700000, 0x0000000096800000|  0%| F|  |TAMS 0x0000000096700000, 0x0000000096700000| Untracked 
| 360|0x0000000096800000, 0x0000000096800000, 0x0000000096900000|  0%| F|  |TAMS 0x0000000096800000, 0x0000000096800000| Untracked 
| 361|0x0000000096900000, 0x0000000096900000, 0x0000000096a00000|  0%| F|  |TAMS 0x0000000096900000, 0x0000000096900000| Untracked 
| 362|0x0000000096a00000, 0x0000000096a00000, 0x0000000096b00000|  0%| F|  |TAMS 0x0000000096a00000, 0x0000000096a00000| Untracked 
| 363|0x0000000096b00000, 0x0000000096b00000, 0x0000000096c00000|  0%| F|  |TAMS 0x0000000096b00000, 0x0000000096b00000| Untracked 
| 364|0x0000000096c00000, 0x0000000096c00000, 0x0000000096d00000|  0%| F|  |TAMS 0x0000000096c00000, 0x0000000096c00000| Untracked 
| 365|0x0000000096d00000, 0x0000000096d00000, 0x0000000096e00000|  0%| F|  |TAMS 0x0000000096d00000, 0x0000000096d00000| Untracked 
| 366|0x0000000096e00000, 0x0000000096e00000, 0x0000000096f00000|  0%| F|  |TAMS 0x0000000096e00000, 0x0000000096e00000| Untracked 
| 367|0x0000000096f00000, 0x0000000096ff34d0, 0x0000000097000000| 95%| E|  |TAMS 0x0000000096f00000, 0x0000000096f00000| Complete 
| 368|0x0000000097000000, 0x00000000970ffe48, 0x0000000097100000| 99%| E|  |TAMS 0x0000000097000000, 0x0000000097000000| Complete 
| 369|0x0000000097100000, 0x0000000097200000, 0x0000000097200000|100%| E|CS|TAMS 0x0000000097100000, 0x0000000097100000| Complete 
| 370|0x0000000097200000, 0x0000000097300000, 0x0000000097300000|100%| E|CS|TAMS 0x0000000097200000, 0x0000000097200000| Complete 
| 371|0x0000000097300000, 0x0000000097400000, 0x0000000097400000|100%| E|CS|TAMS 0x0000000097300000, 0x0000000097300000| Complete 
| 372|0x0000000097400000, 0x0000000097500000, 0x0000000097500000|100%| E|CS|TAMS 0x0000000097400000, 0x0000000097400000| Complete 
| 373|0x0000000097500000, 0x0000000097600000, 0x0000000097600000|100%| E|CS|TAMS 0x0000000097500000, 0x0000000097500000| Complete 
| 374|0x0000000097600000, 0x0000000097700000, 0x0000000097700000|100%| E|CS|TAMS 0x0000000097600000, 0x0000000097600000| Complete 
| 375|0x0000000097700000, 0x0000000097800000, 0x0000000097800000|100%| E|CS|TAMS 0x0000000097700000, 0x0000000097700000| Complete 
| 376|0x0000000097800000, 0x0000000097900000, 0x0000000097900000|100%| E|CS|TAMS 0x0000000097800000, 0x0000000097800000| Complete 
| 377|0x0000000097900000, 0x0000000097a00000, 0x0000000097a00000|100%| E|CS|TAMS 0x0000000097900000, 0x0000000097900000| Complete 
| 378|0x0000000097a00000, 0x0000000097b00000, 0x0000000097b00000|100%| E|CS|TAMS 0x0000000097a00000, 0x0000000097a00000| Complete 
| 379|0x0000000097b00000, 0x0000000097c00000, 0x0000000097c00000|100%| E|CS|TAMS 0x0000000097b00000, 0x0000000097b00000| Complete 
| 380|0x0000000097c00000, 0x0000000097d00000, 0x0000000097d00000|100%| E|CS|TAMS 0x0000000097c00000, 0x0000000097c00000| Complete 
| 381|0x0000000097d00000, 0x0000000097e00000, 0x0000000097e00000|100%| E|CS|TAMS 0x0000000097d00000, 0x0000000097d00000| Complete 
| 382|0x0000000097e00000, 0x0000000097f00000, 0x0000000097f00000|100%| E|CS|TAMS 0x0000000097e00000, 0x0000000097e00000| Complete 
| 383|0x0000000097f00000, 0x0000000098000000, 0x0000000098000000|100%| E|CS|TAMS 0x0000000097f00000, 0x0000000097f00000| Complete 
| 384|0x0000000098000000, 0x0000000098100000, 0x0000000098100000|100%| E|CS|TAMS 0x0000000098000000, 0x0000000098000000| Complete 
| 385|0x0000000098100000, 0x0000000098200000, 0x0000000098200000|100%| E|CS|TAMS 0x0000000098100000, 0x0000000098100000| Complete 
| 386|0x0000000098200000, 0x0000000098300000, 0x0000000098300000|100%| E|CS|TAMS 0x0000000098200000, 0x0000000098200000| Complete 
| 387|0x0000000098300000, 0x0000000098400000, 0x0000000098400000|100%| E|CS|TAMS 0x0000000098300000, 0x0000000098300000| Complete 
| 388|0x0000000098400000, 0x0000000098500000, 0x0000000098500000|100%| E|CS|TAMS 0x0000000098400000, 0x0000000098400000| Complete 
| 389|0x0000000098500000, 0x0000000098600000, 0x0000000098600000|100%| E|CS|TAMS 0x0000000098500000, 0x0000000098500000| Complete 
| 390|0x0000000098600000, 0x0000000098700000, 0x0000000098700000|100%| E|CS|TAMS 0x0000000098600000, 0x0000000098600000| Complete 
| 391|0x0000000098700000, 0x0000000098800000, 0x0000000098800000|100%| E|CS|TAMS 0x0000000098700000, 0x0000000098700000| Complete 
| 392|0x0000000098800000, 0x0000000098900000, 0x0000000098900000|100%| E|CS|TAMS 0x0000000098800000, 0x0000000098800000| Complete 
| 393|0x0000000098900000, 0x0000000098a00000, 0x0000000098a00000|100%| E|CS|TAMS 0x0000000098900000, 0x0000000098900000| Complete 
| 394|0x0000000098a00000, 0x0000000098b00000, 0x0000000098b00000|100%| E|CS|TAMS 0x0000000098a00000, 0x0000000098a00000| Complete 
| 395|0x0000000098b00000, 0x0000000098c00000, 0x0000000098c00000|100%| E|CS|TAMS 0x0000000098b00000, 0x0000000098b00000| Complete 
| 396|0x0000000098c00000, 0x0000000098d00000, 0x0000000098d00000|100%| E|CS|TAMS 0x0000000098c00000, 0x0000000098c00000| Complete 
| 397|0x0000000098d00000, 0x0000000098e00000, 0x0000000098e00000|100%| E|CS|TAMS 0x0000000098d00000, 0x0000000098d00000| Complete 
| 398|0x0000000098e00000, 0x0000000098f00000, 0x0000000098f00000|100%| E|CS|TAMS 0x0000000098e00000, 0x0000000098e00000| Complete 
| 399|0x0000000098f00000, 0x0000000099000000, 0x0000000099000000|100%| E|CS|TAMS 0x0000000098f00000, 0x0000000098f00000| Complete 
| 400|0x0000000099000000, 0x0000000099100000, 0x0000000099100000|100%| E|CS|TAMS 0x0000000099000000, 0x0000000099000000| Complete 
| 401|0x0000000099100000, 0x0000000099200000, 0x0000000099200000|100%| E|CS|TAMS 0x0000000099100000, 0x0000000099100000| Complete 
| 402|0x0000000099200000, 0x00000000992e3d40, 0x0000000099300000| 88%| S|CS|TAMS 0x0000000099200000, 0x0000000099200000| Complete 
| 403|0x0000000099300000, 0x0000000099400000, 0x0000000099400000|100%| S|CS|TAMS 0x0000000099300000, 0x0000000099300000| Complete 
| 404|0x0000000099400000, 0x0000000099500000, 0x0000000099500000|100%| E|CS|TAMS 0x0000000099400000, 0x0000000099400000| Complete 
| 405|0x0000000099500000, 0x0000000099600000, 0x0000000099600000|100%| E|CS|TAMS 0x0000000099500000, 0x0000000099500000| Complete 
| 406|0x0000000099600000, 0x0000000099700000, 0x0000000099700000|100%| E|CS|TAMS 0x0000000099600000, 0x0000000099600000| Complete 
| 407|0x0000000099700000, 0x0000000099800000, 0x0000000099800000|100%| E|CS|TAMS 0x0000000099700000, 0x0000000099700000| Complete 
| 408|0x0000000099800000, 0x0000000099900000, 0x0000000099900000|100%| E|CS|TAMS 0x0000000099800000, 0x0000000099800000| Complete 
| 409|0x0000000099900000, 0x0000000099a00000, 0x0000000099a00000|100%| E|CS|TAMS 0x0000000099900000, 0x0000000099900000| Complete 
| 410|0x0000000099a00000, 0x0000000099b00000, 0x0000000099b00000|100%| E|CS|TAMS 0x0000000099a00000, 0x0000000099a00000| Complete 
| 411|0x0000000099b00000, 0x0000000099c00000, 0x0000000099c00000|100%| E|CS|TAMS 0x0000000099b00000, 0x0000000099b00000| Complete 
| 412|0x0000000099c00000, 0x0000000099d00000, 0x0000000099d00000|100%| E|CS|TAMS 0x0000000099c00000, 0x0000000099c00000| Complete 
| 413|0x0000000099d00000, 0x0000000099e00000, 0x0000000099e00000|100%| E|CS|TAMS 0x0000000099d00000, 0x0000000099d00000| Complete 

Card table byte_map: [0x000002d798850000,0x000002d798c50000] _byte_map_base: 0x000002d798450000

Marking Bits (Prev, Next): (CMBitMap*) 0x000002d7ff998970, (CMBitMap*) 0x000002d7ff9989b0
 Prev Bits: [0x000002d799050000, 0x000002d79b050000)
 Next Bits: [0x000002d79b050000, 0x000002d79d050000)

Polling page: 0x000002d7ff9f0000

Metaspace:

Usage:
  Non-class:     85.68 MB used.
      Class:     12.72 MB used.
       Both:     98.40 MB used.

Virtual space:
  Non-class space:      128.00 MB reserved,      88.06 MB ( 69%) committed,  2 nodes.
      Class space:        1.00 GB reserved,      14.31 MB (  1%) committed,  1 nodes.
             Both:        1.12 GB reserved,     102.38 MB (  9%) committed. 

Chunk freelists:
   Non-Class:  5.88 MB
       Class:  2.72 MB
        Both:  8.61 MB

MaxMetaspaceSize: unlimited
CompressedClassSpaceSize: 1.00 GB
Initial GC threshold: 21.00 MB
Current GC threshold: 170.62 MB
CDS: on
MetaspaceReclaimPolicy: balanced
 - commit_granule_bytes: 65536.
 - commit_granule_words: 8192.
 - virtual_space_node_default_size: 8388608.
 - enlarge_chunks_in_place: 1.
 - new_chunks_are_fully_committed: 0.
 - uncommit_free_chunks: 1.
 - use_allocation_guard: 0.


Internal statistics:

num_allocs_failed_limit: 9.
num_arena_births: 3888.
num_arena_deaths: 2216.
num_vsnodes_births: 3.
num_vsnodes_deaths: 0.
num_space_committed: 1638.
num_space_uncommitted: 0.
num_chunks_returned_to_freelist: 2531.
num_chunks_taken_from_freelist: 8686.
num_chunk_merges: 947.
num_chunk_splits: 5524.
num_chunks_enlarged: 3452.
num_inconsistent_stats: 0.

CodeHeap 'non-profiled nmethods': size=120000Kb used=11535Kb max_used=11535Kb free=108464Kb
 bounds [0x000002d7909d0000, 0x000002d791520000, 0x000002d797f00000]
CodeHeap 'profiled nmethods': size=120000Kb used=30446Kb max_used=30446Kb free=89554Kb
 bounds [0x000002d7894a0000, 0x000002d78b260000, 0x000002d7909d0000]
CodeHeap 'non-nmethods': size=5760Kb used=2472Kb max_used=2536Kb free=3287Kb
 bounds [0x000002d788f00000, 0x000002d789180000, 0x000002d7894a0000]
 total_blobs=16810 nmethods=15825 adapters=896
 compilation: enabled
              stopped_count=0, restarted_count=0
 full_count=0

Compilation events (20 events):
Event: 1966.724 Thread 0x000002d79fa8a1b0 19464       3       java.io.DataInputStream::readChar (40 bytes)
Event: 1966.724 Thread 0x000002d79fa8a1b0 nmethod 19464 0x000002d78b250410 code [0x000002d78b2505e0, 0x000002d78b2509a8]
Event: 1966.724 Thread 0x000002d79fa8a1b0 19466       1       org.jetbrains.kotlin.daemon.common.PropMapper::getNames (5 bytes)
Event: 1966.724 Thread 0x000002d79fa8a1b0 nmethod 19466 0x000002d79150cf90 code [0x000002d79150d120, 0x000002d79150d1f8]
Event: 1966.724 Thread 0x000002d79fa8a1b0 19452       1       com.android.repository.Revision::getMinor (5 bytes)
Event: 1966.725 Thread 0x000002d7aa48df90 19467       4       org.gradle.api.internal.artifacts.ivyservice.resolveengine.graph.builder.SelectorState::resolve (40 bytes)
Event: 1966.725 Thread 0x000002d79fa8a1b0 nmethod 19452 0x000002d79150d290 code [0x000002d79150d420, 0x000002d79150d4f8]
Event: 1966.725 Thread 0x000002d79fa8a1b0 19453       1       com.android.repository.Revision::getMicro (5 bytes)
Event: 1966.725 Thread 0x000002d79fa8a1b0 nmethod 19453 0x000002d79150d590 code [0x000002d79150d720, 0x000002d79150d7f8]
Event: 1966.727 Thread 0x000002d79fa898c0 19468   !   4       org.gradle.api.internal.artifacts.ivyservice.ivyresolve.ErrorHandlingModuleComponentRepository$ErrorHandlingModuleComponentRepositoryAccess::tryResolveAndMaybeBlacklist (229 bytes)
Event: 1966.731 Thread 0x000002d79fa8a1b0 19470       3       org.gradle.api.internal.attributes.DefaultAttributesSchema$MergedSchema::orderByPrecedence (349 bytes)
Event: 1966.736 Thread 0x000002d79fa8a1b0 nmethod 19470 0x000002d78b250b10 code [0x000002d78b2510c0, 0x000002d78b254ca8]
Event: 1966.742 Thread 0x000002d79fa8a1b0 19471       3       java.lang.Byte::valueOf (14 bytes)
Event: 1966.742 Thread 0x000002d79fa8a1b0 nmethod 19471 0x000002d78b255d90 code [0x000002d78b255f20, 0x000002d78b256038]
Event: 1966.751 Thread 0x000002d79fa898c0 nmethod 19468 0x000002d79150d890 code [0x000002d79150db60, 0x000002d79150ea18]
Event: 1966.752 Thread 0x000002d79fa898c0 19474       4       org.gradle.execution.plan.ExecutionNodeAccessHierarchy::getNodesAccessing (14 bytes)
Event: 1966.755 Thread 0x000002d79fa8a1b0 19475       3       org.gradle.api.internal.tasks.StaticValue::maybeFinalizeValue (23 bytes)
Event: 1966.755 Thread 0x000002d79fa8a1b0 nmethod 19475 0x000002d78b256110 code [0x000002d78b2562c0, 0x000002d78b256708]
Event: 1966.757 Thread 0x000002d79fa8a1b0 19476       1       org.gradle.api.internal.tasks.TaskStateInternal::getOutcome (5 bytes)
Event: 1966.757 Thread 0x000002d79fa8a1b0 nmethod 19476 0x000002d79150fb90 code [0x000002d79150fd20, 0x000002d79150fdf8]

GC Heap History (20 events):
Event: 76.247 GC heap before
{Heap before GC invocations=47 (full 0):
 garbage-first heap   total 278528K, used 228837K [0x0000000080000000, 0x0000000100000000)
  region size 1024K, 81 young (82944K), 7 survivors (7168K)
 Metaspace       used 94938K, committed 96896K, reserved 1179648K
  class space    used 12825K, committed 13824K, reserved 1048576K
}
Event: 76.257 GC heap after
{Heap after GC invocations=48 (full 0):
 garbage-first heap   total 278528K, used 156960K [0x0000000080000000, 0x0000000100000000)
  region size 1024K, 7 young (7168K), 7 survivors (7168K)
 Metaspace       used 94938K, committed 96896K, reserved 1179648K
  class space    used 12825K, committed 13824K, reserved 1048576K
}
Event: 76.802 GC heap before
{Heap before GC invocations=48 (full 0):
 garbage-first heap   total 278528K, used 230688K [0x0000000080000000, 0x0000000100000000)
  region size 1024K, 80 young (81920K), 7 survivors (7168K)
 Metaspace       used 95065K, committed 97024K, reserved 1179648K
  class space    used 12837K, committed 13824K, reserved 1048576K
}
Event: 76.815 GC heap after
{Heap after GC invocations=49 (full 0):
 garbage-first heap   total 334848K, used 160703K [0x0000000080000000, 0x0000000100000000)
  region size 1024K, 7 young (7168K), 7 survivors (7168K)
 Metaspace       used 95065K, committed 97024K, reserved 1179648K
  class space    used 12837K, committed 13824K, reserved 1048576K
}
Event: 77.848 GC heap before
{Heap before GC invocations=49 (full 0):
 garbage-first heap   total 334848K, used 212927K [0x0000000080000000, 0x0000000100000000)
  region size 1024K, 34 young (34816K), 7 survivors (7168K)
 Metaspace       used 97259K, committed 99200K, reserved 1179648K
  class space    used 13111K, committed 14144K, reserved 1048576K
}
Event: 77.868 GC heap after
{Heap after GC invocations=50 (full 0):
 garbage-first heap   total 334848K, used 189073K [0x0000000080000000, 0x0000000100000000)
  region size 1024K, 11 young (11264K), 11 survivors (11264K)
 Metaspace       used 97259K, committed 99200K, reserved 1179648K
  class space    used 13111K, committed 14144K, reserved 1048576K
}
Event: 77.930 GC heap before
{Heap before GC invocations=50 (full 0):
 garbage-first heap   total 334848K, used 213649K [0x0000000080000000, 0x0000000100000000)
  region size 1024K, 12 young (12288K), 11 survivors (11264K)
 Metaspace       used 97261K, committed 99264K, reserved 1179648K
  class space    used 13111K, committed 14144K, reserved 1048576K
}
Event: 77.945 GC heap after
{Heap after GC invocations=51 (full 0):
 garbage-first heap   total 334848K, used 214094K [0x0000000080000000, 0x0000000100000000)
  region size 1024K, 5 young (5120K), 5 survivors (5120K)
 Metaspace       used 97261K, committed 99264K, reserved 1179648K
  class space    used 13111K, committed 14144K, reserved 1048576K
}
Event: 574.823 GC heap before
{Heap before GC invocations=52 (full 0):
 garbage-first heap   total 419840K, used 417870K [0x0000000080000000, 0x0000000100000000)
  region size 1024K, 46 young (47104K), 5 survivors (5120K)
 Metaspace       used 101672K, committed 103680K, reserved 1179648K
  class space    used 13522K, committed 14592K, reserved 1048576K
}
Event: 575.089 GC heap after
{Heap after GC invocations=53 (full 0):
 garbage-first heap   total 423936K, used 163899K [0x0000000080000000, 0x0000000100000000)
  region size 1024K, 4 young (4096K), 4 survivors (4096K)
 Metaspace       used 101672K, committed 103680K, reserved 1179648K
  class space    used 13522K, committed 14592K, reserved 1048576K
}
Event: 1359.105 GC heap before
{Heap before GC invocations=53 (full 0):
 garbage-first heap   total 423936K, used 180283K [0x0000000080000000, 0x0000000100000000)
  region size 1024K, 20 young (20480K), 4 survivors (4096K)
 Metaspace       used 101837K, committed 103872K, reserved 1179648K
  class space    used 13524K, committed 14592K, reserved 1048576K
}
Event: 1359.210 GC heap after
{Heap after GC invocations=54 (full 0):
 garbage-first heap   total 423936K, used 159361K [0x0000000080000000, 0x0000000100000000)
  region size 1024K, 2 young (2048K), 2 survivors (2048K)
 Metaspace       used 101837K, committed 103872K, reserved 1179648K
  class space    used 13524K, committed 14592K, reserved 1048576K
}
Event: 1364.727 GC heap before
{Heap before GC invocations=54 (full 0):
 garbage-first heap   total 423936K, used 346753K [0x0000000080000000, 0x0000000100000000)
  region size 1024K, 186 young (190464K), 2 survivors (2048K)
 Metaspace       used 102320K, committed 104320K, reserved 1179648K
  class space    used 13528K, committed 14592K, reserved 1048576K
}
Event: 1364.775 GC heap after
{Heap after GC invocations=55 (full 0):
 garbage-first heap   total 423936K, used 173784K [0x0000000080000000, 0x0000000100000000)
  region size 1024K, 16 young (16384K), 16 survivors (16384K)
 Metaspace       used 102320K, committed 104320K, reserved 1179648K
  class space    used 13528K, committed 14592K, reserved 1048576K
}
Event: 1958.254 GC heap before
{Heap before GC invocations=55 (full 0):
 garbage-first heap   total 423936K, used 314072K [0x0000000080000000, 0x0000000100000000)
  region size 1024K, 154 young (157696K), 16 survivors (16384K)
 Metaspace       used 102636K, committed 104704K, reserved 1179648K
  class space    used 13536K, committed 14656K, reserved 1048576K
}
Event: 1958.604 GC heap after
{Heap after GC invocations=56 (full 0):
 garbage-first heap   total 423936K, used 180962K [0x0000000080000000, 0x0000000100000000)
  region size 1024K, 9 young (9216K), 9 survivors (9216K)
 Metaspace       used 102636K, committed 104704K, reserved 1179648K
  class space    used 13536K, committed 14656K, reserved 1048576K
}
Event: 1963.190 GC heap before
{Heap before GC invocations=57 (full 0):
 garbage-first heap   total 423936K, used 280290K [0x0000000080000000, 0x0000000100000000)
  region size 1024K, 107 young (109568K), 9 survivors (9216K)
 Metaspace       used 100407K, committed 104832K, reserved 1179648K
  class space    used 13002K, committed 14656K, reserved 1048576K
}
Event: 1963.228 GC heap after
{Heap after GC invocations=58 (full 0):
 garbage-first heap   total 423936K, used 191922K [0x0000000080000000, 0x0000000100000000)
  region size 1024K, 10 young (10240K), 10 survivors (10240K)
 Metaspace       used 100407K, committed 104832K, reserved 1179648K
  class space    used 13002K, committed 14656K, reserved 1048576K
}
Event: 1964.412 GC heap before
{Heap before GC invocations=58 (full 0):
 garbage-first heap   total 423936K, used 202162K [0x0000000080000000, 0x0000000100000000)
  region size 1024K, 20 young (20480K), 10 survivors (10240K)
 Metaspace       used 100432K, committed 104832K, reserved 1179648K
  class space    used 13003K, committed 14656K, reserved 1048576K
}
Event: 1964.468 GC heap after
{Heap after GC invocations=59 (full 0):
 garbage-first heap   total 423936K, used 181865K [0x0000000080000000, 0x0000000100000000)
  region size 1024K, 2 young (2048K), 2 survivors (2048K)
 Metaspace       used 100432K, committed 104832K, reserved 1179648K
  class space    used 13003K, committed 14656K, reserved 1048576K
}

Deoptimization events (20 events):
Event: 1963.447 Thread 0x000002d7a5285b30 DEOPT PACKING pc=0x000002d791226c80 sp=0x000000fb7d3fb2d0
Event: 1963.448 Thread 0x000002d7a5285b30 DEOPT UNPACKING pc=0x000002d788f55c23 sp=0x000000fb7d3fb230 mode 2
Event: 1966.409 Thread 0x000002d7a5285b30 Uncommon trap: trap_request=0xffffff45 fr.pc=0x000002d790b9f9cc relative=0x000000000000012c
Event: 1966.409 Thread 0x000002d7a5285b30 Uncommon trap: reason=unstable_if action=reinterpret pc=0x000002d790b9f9cc method=java.lang.ref.SoftReference.get()Ljava/lang/Object; @ 6 c2
Event: 1966.409 Thread 0x000002d7a5285b30 DEOPT PACKING pc=0x000002d790b9f9cc sp=0x000000fb7d3fb3d0
Event: 1966.410 Thread 0x000002d7a5285b30 DEOPT UNPACKING pc=0x000002d788f55c23 sp=0x000000fb7d3fb318 mode 2
Event: 1966.479 Thread 0x000002d7a5285b30 Uncommon trap: trap_request=0xffffff45 fr.pc=0x000002d7911d5770 relative=0x0000000000000250
Event: 1966.479 Thread 0x000002d7a5285b30 Uncommon trap: reason=unstable_if action=reinterpret pc=0x000002d7911d5770 method=java.lang.ref.SoftReference.get()Ljava/lang/Object; @ 6 c2
Event: 1966.479 Thread 0x000002d7a5285b30 DEOPT PACKING pc=0x000002d7911d5770 sp=0x000000fb7d3fa4d0
Event: 1966.479 Thread 0x000002d7a5285b30 DEOPT UNPACKING pc=0x000002d788f55c23 sp=0x000000fb7d3fa3c0 mode 2
Event: 1966.608 Thread 0x000002d7a5285b30 Uncommon trap: trap_request=0xffffff45 fr.pc=0x000002d790bb5aa8 relative=0x0000000000000368
Event: 1966.608 Thread 0x000002d7a5285b30 Uncommon trap: reason=unstable_if action=reinterpret pc=0x000002d790bb5aa8 method=java.lang.ref.SoftReference.get()Ljava/lang/Object; @ 6 c2
Event: 1966.608 Thread 0x000002d7a5285b30 DEOPT PACKING pc=0x000002d790bb5aa8 sp=0x000000fb7d3faaa0
Event: 1966.608 Thread 0x000002d7a5285b30 DEOPT UNPACKING pc=0x000002d788f55c23 sp=0x000000fb7d3fa980 mode 2
Event: 1966.680 Thread 0x000002d7a5285b30 Uncommon trap: trap_request=0xffffff45 fr.pc=0x000002d791202b48 relative=0x0000000000000788
Event: 1966.680 Thread 0x000002d7a5285b30 Uncommon trap: reason=unstable_if action=reinterpret pc=0x000002d791202b48 method=sun.security.provider.SHA.implDigest([BI)V @ 21 c2
Event: 1966.680 Thread 0x000002d7a5285b30 DEOPT PACKING pc=0x000002d791202b48 sp=0x000000fb7d3f9f40
Event: 1966.680 Thread 0x000002d7a5285b30 DEOPT UNPACKING pc=0x000002d788f55c23 sp=0x000000fb7d3f9f00 mode 2
Event: 1966.684 Thread 0x000002d7a5285b30 DEOPT PACKING pc=0x000002d78a027702 sp=0x000000fb7d3f9fc0
Event: 1966.684 Thread 0x000002d7a5285b30 DEOPT UNPACKING pc=0x000002d788f56763 sp=0x000000fb7d3f94a8 mode 0

Classes loaded (20 events):
Event: 81.242 Loading class java/lang/StackWalker$ExtendedOption
Event: 81.242 Loading class java/lang/StackWalker$ExtendedOption done
Event: 81.242 Loading class java/lang/StackStreamFactory$StackFrameTraverser
Event: 81.245 Loading class java/lang/StackStreamFactory$StackFrameTraverser done
Event: 81.245 Loading class java/lang/StackStreamFactory$WalkerState
Event: 81.245 Loading class java/lang/StackStreamFactory$WalkerState done
Event: 81.245 Loading class java/lang/StackStreamFactory$1
Event: 81.245 Loading class java/lang/StackStreamFactory$1 done
Event: 81.245 Loading class java/lang/StackStreamFactory$StackFrameTraverser$StackFrameBuffer
Event: 81.246 Loading class java/lang/StackStreamFactory$FrameBuffer
Event: 81.247 Loading class java/lang/StackStreamFactory$FrameBuffer done
Event: 81.247 Loading class java/lang/StackStreamFactory$StackFrameTraverser$StackFrameBuffer done
Event: 81.248 Loading class java/util/stream/SliceOps
Event: 81.248 Loading class java/util/stream/SliceOps done
Event: 81.249 Loading class java/util/stream/SliceOps$1
Event: 81.249 Loading class java/util/stream/SliceOps$1 done
Event: 81.252 Loading class java/util/stream/SliceOps$1$1
Event: 81.252 Loading class java/util/stream/SliceOps$1$1 done
Event: 81.253 Loading class java/util/logging/LogRecord
Event: 81.253 Loading class java/util/logging/LogRecord done

Classes unloaded (20 events):
Event: 1960.396 Thread 0x000002d79fa5fe50 Unloading class 0x0000000800cc8800 'java/lang/invoke/LambdaForm$MH+0x0000000800cc8800'
Event: 1960.396 Thread 0x000002d79fa5fe50 Unloading class 0x0000000800cc8000 'java/lang/invoke/LambdaForm$MH+0x0000000800cc8000'
Event: 1960.396 Thread 0x000002d79fa5fe50 Unloading class 0x0000000800cc5c00 'java/lang/invoke/LambdaForm$MH+0x0000000800cc5c00'
Event: 1960.396 Thread 0x000002d79fa5fe50 Unloading class 0x0000000800cc5800 'java/lang/invoke/LambdaForm$MH+0x0000000800cc5800'
Event: 1960.396 Thread 0x000002d79fa5fe50 Unloading class 0x0000000800cc5400 'java/lang/invoke/LambdaForm$MH+0x0000000800cc5400'
Event: 1960.396 Thread 0x000002d79fa5fe50 Unloading class 0x0000000800cc4c00 'java/lang/invoke/LambdaForm$MH+0x0000000800cc4c00'
Event: 1960.396 Thread 0x000002d79fa5fe50 Unloading class 0x0000000800cb8000 'java/lang/invoke/LambdaForm$MH+0x0000000800cb8000'
Event: 1960.396 Thread 0x000002d79fa5fe50 Unloading class 0x0000000800c99400 'java/lang/invoke/LambdaForm$MH+0x0000000800c99400'
Event: 1960.397 Thread 0x000002d79fa5fe50 Unloading class 0x0000000800c99000 'java/lang/invoke/LambdaForm$MH+0x0000000800c99000'
Event: 1960.397 Thread 0x000002d79fa5fe50 Unloading class 0x0000000800c98c00 'java/lang/invoke/LambdaForm$MH+0x0000000800c98c00'
Event: 1960.397 Thread 0x000002d79fa5fe50 Unloading class 0x0000000800c8ac00 'java/lang/invoke/LambdaForm$MH+0x0000000800c8ac00'
Event: 1960.397 Thread 0x000002d79fa5fe50 Unloading class 0x0000000800c8a800 'java/lang/invoke/LambdaForm$MH+0x0000000800c8a800'
Event: 1960.397 Thread 0x000002d79fa5fe50 Unloading class 0x0000000800c89c00 'java/lang/invoke/LambdaForm$MH+0x0000000800c89c00'
Event: 1960.397 Thread 0x000002d79fa5fe50 Unloading class 0x0000000800c89800 'java/lang/invoke/LambdaForm$MH+0x0000000800c89800'
Event: 1960.397 Thread 0x000002d79fa5fe50 Unloading class 0x0000000800c88400 'java/lang/invoke/LambdaForm$MH+0x0000000800c88400'
Event: 1960.398 Thread 0x000002d79fa5fe50 Unloading class 0x0000000800c26800 'java/lang/invoke/LambdaForm$MH+0x0000000800c26800'
Event: 1960.398 Thread 0x000002d79fa5fe50 Unloading class 0x0000000800c26400 'java/lang/invoke/LambdaForm$MH+0x0000000800c26400'
Event: 1960.398 Thread 0x000002d79fa5fe50 Unloading class 0x0000000800c26000 'java/lang/invoke/LambdaForm$MH+0x0000000800c26000'
Event: 1960.398 Thread 0x000002d79fa5fe50 Unloading class 0x0000000800c24800 'java/lang/invoke/LambdaForm$MH+0x0000000800c24800'
Event: 1960.398 Thread 0x000002d79fa5fe50 Unloading class 0x0000000800c14800 'java/lang/invoke/LambdaForm$MH+0x0000000800c14800'

Classes redefined (0 events):
No events

Internal exceptions (20 events):
Event: 1959.011 Thread 0x000002d7aed0c800 Exception <a 'sun/nio/fs/WindowsException'{0x00000000998efc00}> (0x00000000998efc00) 
thrown [s\src\hotspot\share\prims\jni.cpp, line 516]
Event: 1959.134 Thread 0x000002d7aed0c800 Exception <a 'sun/nio/fs/WindowsException'{0x000000009978cea0}> (0x000000009978cea0) 
thrown [s\src\hotspot\share\prims\jni.cpp, line 516]
Event: 1959.135 Thread 0x000002d7aed0c800 Exception <a 'sun/nio/fs/WindowsException'{0x000000009978e218}> (0x000000009978e218) 
thrown [s\src\hotspot\share\prims\jni.cpp, line 516]
Event: 1959.135 Thread 0x000002d7aed0c800 Exception <a 'sun/nio/fs/WindowsException'{0x000000009978f5e0}> (0x000000009978f5e0) 
thrown [s\src\hotspot\share\prims\jni.cpp, line 516]
Event: 1959.135 Thread 0x000002d7aed0c800 Exception <a 'sun/nio/fs/WindowsException'{0x00000000997909a8}> (0x00000000997909a8) 
thrown [s\src\hotspot\share\prims\jni.cpp, line 516]
Event: 1959.845 Thread 0x000002d7aed0c800 Exception <a 'sun/nio/fs/WindowsException'{0x0000000098f7c940}> (0x0000000098f7c940) 
thrown [s\src\hotspot\share\prims\jni.cpp, line 516]
Event: 1963.373 Thread 0x000002d7a5285b30 Implicit null exception at 0x000002d790a7cc92 to 0x000002d790a7d099
Event: 1963.375 Thread 0x000002d7a5285b30 Implicit null exception at 0x000002d7910dd672 to 0x000002d7910e0e18
Event: 1966.409 Thread 0x000002d7a5285b30 Implicit null exception at 0x000002d790b9f8e3 to 0x000002d790b9f9b5
Event: 1966.479 Thread 0x000002d7a5285b30 Implicit null exception at 0x000002d7911d5569 to 0x000002d7911d575e
Event: 1966.608 Thread 0x000002d7a5285b30 Implicit null exception at 0x000002d790bb5792 to 0x000002d790bb5a94
Event: 1966.675 Thread 0x000002d7a5285b30 Exception <a 'java/lang/NoSuchMethodError'{0x0000000098d1e558}: static [Ljava/lang/Object;.<clinit>()V> (0x0000000098d1e558) 
thrown [s\src\hotspot\share\prims\jni.cpp, line 1104]
Event: 1966.679 Thread 0x000002d7a5285b30 Exception <a 'java/lang/NoSuchMethodError'{0x0000000098d3a140}: static Lorg/jetbrains/kotlin/buildtools/api/SourcesChanges$Known;.<clinit>()V> (0x0000000098d3a140) 
thrown [s\src\hotspot\share\prims\jni.cpp, line 1104]
Event: 1966.684 Thread 0x000002d7a5285b30 Exception <a 'java/lang/NoSuchMethodError'{0x0000000098d7f2b0}: static Lorg/jetbrains/kotlin/incremental/ClasspathChanges$ClasspathSnapshotEnabled$IncrementalRun$NoChanges;.<clinit>()V> (0x0000000098d7f2b0) 
thrown [s\src\hotspot\share\prims\jni.cpp, line 1104]
Event: 1966.684 Thread 0x000002d7a5285b30 Exception <a 'java/lang/NoSuchMethodError'{0x0000000098d80f68}: static Lorg/jetbrains/kotlin/incremental/ClasspathChanges$ClasspathSnapshotEnabled$IncrementalRun;.<clinit>()V> (0x0000000098d80f68) 
thrown [s\src\hotspot\share\prims\jni.cpp, line 1104]
Event: 1966.684 Thread 0x000002d7a5285b30 Exception <a 'java/lang/NoSuchMethodError'{0x0000000098d82a08}: static Lorg/jetbrains/kotlin/incremental/ClasspathChanges$ClasspathSnapshotEnabled;.<clinit>()V> (0x0000000098d82a08) 
thrown [s\src\hotspot\share\prims\jni.cpp, line 1104]
Event: 1966.684 Thread 0x000002d7a5285b30 Exception <a 'java/lang/NoSuchMethodError'{0x0000000098d847f0}: static Lorg/jetbrains/kotlin/incremental/ClasspathChanges;.<clinit>()V> (0x0000000098d847f0) 
thrown [s\src\hotspot\share\prims\jni.cpp, line 1104]
Event: 1966.698 Thread 0x000002d7a5285b30 Exception <a 'java/lang/NoSuchMethodError'{0x0000000098c1df50}: static Lorg/jetbrains/kotlin/gradle/report/GradleBuildMetricsReporter;.<clinit>()V> (0x0000000098c1df50) 
thrown [s\src\hotspot\share\prims\jni.cpp, line 1104]
Event: 1966.698 Thread 0x000002d7a5285b30 Exception <a 'java/lang/NoSuchMethodError'{0x0000000098c20c30}: static Lorg/jetbrains/kotlin/build/report/metrics/BuildMetricsReporterImpl;.<clinit>()V> (0x0000000098c20c30) 
thrown [s\src\hotspot\share\prims\jni.cpp, line 1104]
Event: 1966.706 Thread 0x000002d7a5285b30 Exception <a 'java/lang/NoSuchMethodError'{0x0000000098c6c5f0}: static Lorg/jetbrains/kotlin/build/report/metrics/GcMetrics;.<clinit>()V> (0x0000000098c6c5f0) 
thrown [s\src\hotspot\share\prims\jni.cpp, line 1104]

VM Operations (20 events):
Event: 1954.612 Executing VM operation: Cleanup
Event: 1954.613 Executing VM operation: Cleanup done
Event: 1956.613 Executing VM operation: Cleanup
Event: 1956.613 Executing VM operation: Cleanup done
Event: 1957.614 Executing VM operation: Cleanup
Event: 1957.615 Executing VM operation: Cleanup done
Event: 1958.252 Executing VM operation: G1CollectForAllocation
Event: 1958.605 Executing VM operation: G1CollectForAllocation done
Event: 1960.257 Executing VM operation: ICBufferFull
Event: 1960.258 Executing VM operation: ICBufferFull done
Event: 1960.280 Executing VM operation: G1Concurrent
Event: 1960.983 Executing VM operation: G1Concurrent done
Event: 1961.568 Executing VM operation: G1Concurrent
Event: 1961.569 Executing VM operation: G1Concurrent done
Event: 1963.190 Executing VM operation: G1CollectForAllocation
Event: 1963.228 Executing VM operation: G1CollectForAllocation done
Event: 1964.412 Executing VM operation: G1CollectForAllocation
Event: 1964.468 Executing VM operation: G1CollectForAllocation done
Event: 1966.469 Executing VM operation: Cleanup
Event: 1966.469 Executing VM operation: Cleanup done

Events (20 events):
Event: 1956.817 Thread 0x000002d7a77cbbb0 Thread added: 0x000002d7a77cbbb0
Event: 1956.817 Thread 0x000002d7a77c5b70 Thread added: 0x000002d7a77c5b70
Event: 1956.818 Thread 0x000002d7a77ca3a0 Thread added: 0x000002d7a77ca3a0
Event: 1956.818 Thread 0x000002d7a77c6510 Thread added: 0x000002d7a77c6510
Event: 1956.818 Thread 0x000002d7a77c9060 Thread added: 0x000002d7a77c9060
Event: 1957.530 Thread 0x000002d7a77c7380 Thread added: 0x000002d7a77c7380
Event: 1957.788 Thread 0x000002d7a77c81f0 Thread added: 0x000002d7a77c81f0
Event: 1959.868 Thread 0x000002d7a77c7850 Thread added: 0x000002d7a77c7850
Event: 1959.871 Thread 0x000002d7a77c9530 Thread added: 0x000002d7a77c9530
Event: 1959.931 Thread 0x000002d7a77c8b90 Thread added: 0x000002d7a77c8b90
Event: 1959.959 Thread 0x000002d7a77c9a00 Thread added: 0x000002d7a77c9a00
Event: 1959.961 Thread 0x000002d7a5285660 Thread added: 0x000002d7a5285660
Event: 1959.961 Thread 0x000002d7a5285b30 Thread added: 0x000002d7a5285b30
Event: 1959.961 Thread 0x000002d7a5287810 Thread added: 0x000002d7a5287810
Event: 1959.962 Thread 0x000002d7a52869a0 Thread added: 0x000002d7a52869a0
Event: 1959.962 Thread 0x000002d7a52864d0 Thread added: 0x000002d7a52864d0
Event: 1959.965 Thread 0x000002d7a5287ce0 Thread added: 0x000002d7a5287ce0
Event: 1959.983 Thread 0x000002d7aedaada0 Thread added: 0x000002d7aedaada0
Event: 1966.568 Thread 0x000002d7aa48df90 Thread added: 0x000002d7aa48df90
Event: 1966.707 Thread 0x000002d7aedaa8d0 Thread added: 0x000002d7aedaa8d0


Dynamic libraries:
0x00007ff639a00000 - 0x00007ff639a0e000 	C:\Users\amrhi\.jdks\azul-18.0.2.1\bin\java.exe
0x00007ffefe350000 - 0x00007ffefe567000 	C:\WINDOWS\SYSTEM32\ntdll.dll
0x00007ffefd210000 - 0x00007ffefd2d4000 	C:\WINDOWS\System32\KERNEL32.DLL
0x00007ffefba40000 - 0x00007ffefbded000 	C:\WINDOWS\System32\KERNELBASE.dll
0x00007ffefb8a0000 - 0x00007ffefb9b1000 	C:\WINDOWS\System32\ucrtbase.dll
0x00007ffef2770000 - 0x00007ffef278b000 	C:\Users\amrhi\.jdks\azul-18.0.2.1\bin\VCRUNTIME140.dll
0x00007ffef2570000 - 0x00007ffef2587000 	C:\Users\amrhi\.jdks\azul-18.0.2.1\bin\jli.dll
0x00007ffefd720000 - 0x00007ffefd8ce000 	C:\WINDOWS\System32\USER32.dll
0x00007ffee2b20000 - 0x00007ffee2db3000 	C:\WINDOWS\WinSxS\amd64_microsoft.windows.common-controls_6595b64144ccf1df_6.0.22621.3672_none_2713b9d173822955\COMCTL32.dll
0x00007ffefb7d0000 - 0x00007ffefb7f6000 	C:\WINDOWS\System32\win32u.dll
0x00007ffefc090000 - 0x00007ffefc137000 	C:\WINDOWS\System32\msvcrt.dll
0x00007ffefc450000 - 0x00007ffefc479000 	C:\WINDOWS\System32\GDI32.dll
0x00007ffefb6b0000 - 0x00007ffefb7c9000 	C:\WINDOWS\System32\gdi32full.dll
0x00007ffefb800000 - 0x00007ffefb89a000 	C:\WINDOWS\System32\msvcp_win.dll
0x00007ffefd050000 - 0x00007ffefd081000 	C:\WINDOWS\System32\IMM32.DLL
0x00007ffeda1c0000 - 0x00007ffeda1cc000 	C:\Users\amrhi\.jdks\azul-18.0.2.1\bin\vcruntime140_1.dll
0x00007ffed8ab0000 - 0x00007ffed8b3d000 	C:\Users\amrhi\.jdks\azul-18.0.2.1\bin\msvcp140.dll
0x00007ffea0600000 - 0x00007ffea12a0000 	C:\Users\amrhi\.jdks\azul-18.0.2.1\bin\server\jvm.dll
0x00007ffefcf00000 - 0x00007ffefcfb2000 	C:\WINDOWS\System32\ADVAPI32.dll
0x00007ffefd670000 - 0x00007ffefd719000 	C:\WINDOWS\System32\sechost.dll
0x00007ffefb680000 - 0x00007ffefb6a8000 	C:\WINDOWS\System32\bcrypt.dll
0x00007ffefc480000 - 0x00007ffefc594000 	C:\WINDOWS\System32\RPCRT4.dll
0x00007ffefc360000 - 0x00007ffefc368000 	C:\WINDOWS\System32\PSAPI.DLL
0x00007ffee1e00000 - 0x00007ffee1e09000 	C:\WINDOWS\SYSTEM32\WSOCK32.dll
0x00007ffefcfc0000 - 0x00007ffefd031000 	C:\WINDOWS\System32\WS2_32.dll
0x00007ffef2e80000 - 0x00007ffef2eb4000 	C:\WINDOWS\SYSTEM32\WINMM.dll
0x00007ffef0a20000 - 0x00007ffef0a2a000 	C:\WINDOWS\SYSTEM32\VERSION.dll
0x00007ffefa740000 - 0x00007ffefa758000 	C:\WINDOWS\SYSTEM32\kernel.appcore.dll
0x00007ffeda1b0000 - 0x00007ffeda1ba000 	C:\Users\amrhi\.jdks\azul-18.0.2.1\bin\jimage.dll
0x00007ffef8ff0000 - 0x00007ffef9222000 	C:\WINDOWS\SYSTEM32\DBGHELP.DLL
0x00007ffefd2e0000 - 0x00007ffefd668000 	C:\WINDOWS\System32\combase.dll
0x00007ffefc370000 - 0x00007ffefc447000 	C:\WINDOWS\System32\OLEAUT32.dll
0x00007ffeef220000 - 0x00007ffeef252000 	C:\WINDOWS\SYSTEM32\dbgcore.DLL
0x00007ffefb9c0000 - 0x00007ffefba3b000 	C:\WINDOWS\System32\bcryptPrimitives.dll
0x00007ffed8a70000 - 0x00007ffed8a95000 	C:\Users\amrhi\.jdks\azul-18.0.2.1\bin\java.dll
0x00007ffecb830000 - 0x00007ffecb907000 	C:\Users\amrhi\.jdks\azul-18.0.2.1\bin\jsvml.dll
0x00007ffefc6a0000 - 0x00007ffefceff000 	C:\WINDOWS\System32\SHELL32.dll
0x00007ffef95e0000 - 0x00007ffef9edc000 	C:\WINDOWS\SYSTEM32\windows.storage.dll
0x00007ffef94a0000 - 0x00007ffef95df000 	C:\WINDOWS\SYSTEM32\wintypes.dll
0x00007ffefe210000 - 0x00007ffefe304000 	C:\WINDOWS\System32\SHCORE.dll
0x00007ffefdd70000 - 0x00007ffefddce000 	C:\WINDOWS\System32\shlwapi.dll
0x00007ffefb5b0000 - 0x00007ffefb5d1000 	C:\WINDOWS\SYSTEM32\profapi.dll
0x00007ffed89e0000 - 0x00007ffed89f3000 	C:\Users\amrhi\.jdks\azul-18.0.2.1\bin\net.dll
0x00007ffef4950000 - 0x00007ffef4a86000 	C:\WINDOWS\SYSTEM32\WINHTTP.dll
0x00007ffefac10000 - 0x00007ffefac79000 	C:\WINDOWS\system32\mswsock.dll
0x00007ffece0b0000 - 0x00007ffece0c6000 	C:\Users\amrhi\.jdks\azul-18.0.2.1\bin\nio.dll
0x00007ffed8a50000 - 0x00007ffed8a68000 	C:\Users\amrhi\.jdks\azul-18.0.2.1\bin\zip.dll
0x00007ffed89d0000 - 0x00007ffed89e0000 	C:\Users\amrhi\.jdks\azul-18.0.2.1\bin\verify.dll
0x00007ffead720000 - 0x00007ffead747000 	C:\Users\amrhi\.gradle\native\e1d6ef7f7dcc3fd88c89a11ec53ec762bb8ba0a96d01ffa2cd45eb1d1d8dd5c5\windows-amd64\native-platform.dll
0x00007ffe96840000 - 0x00007ffe96984000 	C:\Users\amrhi\.gradle\native\0d407fdbe67a94daf76414ababcb853783967236a71b16ec16e742cd7a986fd3\windows-amd64\native-platform-file-events.dll
0x00007ffed4fa0000 - 0x00007ffed4fa9000 	C:\Users\amrhi\.jdks\azul-18.0.2.1\bin\management.dll
0x00007ffeceb50000 - 0x00007ffeceb5b000 	C:\Users\amrhi\.jdks\azul-18.0.2.1\bin\management_ext.dll
0x00007ffefae70000 - 0x00007ffefae8b000 	C:\WINDOWS\SYSTEM32\CRYPTSP.dll
0x00007ffefa700000 - 0x00007ffefa735000 	C:\WINDOWS\system32\rsaenh.dll
0x00007ffefad10000 - 0x00007ffefad38000 	C:\WINDOWS\SYSTEM32\USERENV.dll
0x00007ffefae90000 - 0x00007ffefae9c000 	C:\WINDOWS\SYSTEM32\CRYPTBASE.dll
0x00007ffefa1b0000 - 0x00007ffefa1dd000 	C:\WINDOWS\SYSTEM32\IPHLPAPI.DLL
0x00007ffefd200000 - 0x00007ffefd209000 	C:\WINDOWS\System32\NSI.dll
0x00007ffef4770000 - 0x00007ffef4789000 	C:\WINDOWS\SYSTEM32\dhcpcsvc6.DLL
0x00007ffef4750000 - 0x00007ffef476f000 	C:\WINDOWS\SYSTEM32\dhcpcsvc.DLL
0x00007ffefa220000 - 0x00007ffefa318000 	C:\WINDOWS\SYSTEM32\DNSAPI.dll
0x00007ffed63b0000 - 0x00007ffed63c7000 	C:\WINDOWS\system32\napinsp.dll
0x00007ffed4480000 - 0x00007ffed449b000 	C:\WINDOWS\system32\pnrpnsp.dll
0x00007ffed2d10000 - 0x00007ffed2d21000 	C:\WINDOWS\System32\winrnr.dll
0x00007ffef2bd0000 - 0x00007ffef2be5000 	C:\WINDOWS\system32\wshbth.dll
0x00007ffed2c80000 - 0x00007ffed2ca7000 	C:\WINDOWS\system32\nlansp_c.dll
0x00007ffef4740000 - 0x00007ffef474a000 	C:\Windows\System32\rasadhlp.dll
0x00007ffef2ac0000 - 0x00007ffef2b43000 	C:\WINDOWS\System32\fwpuclnt.dll
0x00007ffeee6c0000 - 0x00007ffeee6de000 	C:\Users\amrhi\AppData\Local\Temp\native-platform15543982735472207242dir\native-platform.dll
0x00007ffeee6b0000 - 0x00007ffeee6b7000 	C:\Users\amrhi\.jdks\azul-18.0.2.1\bin\rmi.dll

dbghelp: loaded successfully - version: 4.0.5 - missing functions: none
symbol engine: initialized successfully - sym options: 0x614 - pdb path: .;C:\Users\amrhi\.jdks\azul-18.0.2.1\bin;C:\WINDOWS\SYSTEM32;C:\WINDOWS\WinSxS\amd64_microsoft.windows.common-controls_6595b64144ccf1df_6.0.22621.3672_none_2713b9d173822955;C:\Users\amrhi\.jdks\azul-18.0.2.1\bin\server;C:\Users\amrhi\.gradle\native\e1d6ef7f7dcc3fd88c89a11ec53ec762bb8ba0a96d01ffa2cd45eb1d1d8dd5c5\windows-amd64;C:\Users\amrhi\.gradle\native\0d407fdbe67a94daf76414ababcb853783967236a71b16ec16e742cd7a986fd3\windows-amd64;C:\Users\amrhi\AppData\Local\Temp\native-platform15543982735472207242dir

VM Arguments:
jvm_args: --add-opens=java.base/java.util=ALL-UNNAMED --add-opens=java.base/java.lang=ALL-UNNAMED --add-opens=java.base/java.lang.invoke=ALL-UNNAMED --add-opens=java.base/java.util=ALL-UNNAMED --add-opens=java.prefs/java.util.prefs=ALL-UNNAMED --add-opens=java.prefs/java.util.prefs=ALL-UNNAMED --add-opens=java.base/java.nio.charset=ALL-UNNAMED --add-opens=java.base/java.net=ALL-UNNAMED --add-opens=java.base/java.util.concurrent.atomic=ALL-UNNAMED -Xmx2048m -Dfile.encoding=UTF-8 -Duser.country=US -Duser.language=en -Duser.variant 
java_command: org.gradle.launcher.daemon.bootstrap.GradleDaemon 7.5
java_class_path (initial): C:\Users\amrhi\.gradle\wrapper\dists\gradle-7.5-bin\f1w0cc9nuo0eivz97x2xlu9sv\gradle-7.5\lib\gradle-launcher-7.5.jar
Launcher Type: SUN_STANDARD

[Global flags]
     intx CICompilerCount                          = 4                                         {product} {ergonomic}
     uint ConcGCThreads                            = 2                                         {product} {ergonomic}
     uint G1ConcRefinementThreads                  = 8                                         {product} {ergonomic}
   size_t G1HeapRegionSize                         = 1048576                                   {product} {ergonomic}
    uintx GCDrainStackTargetSize                   = 64                                        {product} {ergonomic}
   size_t InitialHeapSize                          = 130023424                                 {product} {ergonomic}
   size_t MarkStackSize                            = 4194304                                   {product} {ergonomic}
   size_t MaxHeapSize                              = 2147483648                                {product} {command line}
   size_t MaxNewSize                               = 1287651328                                {product} {ergonomic}
   size_t MinHeapDeltaBytes                        = 1048576                                   {product} {ergonomic}
   size_t MinHeapSize                              = 8388608                                   {product} {ergonomic}
    uintx NonNMethodCodeHeapSize                   = 5839372                                {pd product} {ergonomic}
    uintx NonProfiledCodeHeapSize                  = 122909434                              {pd product} {ergonomic}
    uintx ProfiledCodeHeapSize                     = 122909434                              {pd product} {ergonomic}
    uintx ReservedCodeCacheSize                    = 251658240                              {pd product} {ergonomic}
     bool SegmentedCodeCache                       = true                                      {product} {ergonomic}
   size_t SoftMaxHeapSize                          = 2147483648                             {manageable} {ergonomic}
     bool UseCompressedClassPointers               = true                           {product lp64_product} {ergonomic}
     bool UseCompressedOops                        = true                           {product lp64_product} {ergonomic}
     bool UseG1GC                                  = true                                      {product} {ergonomic}
     bool UseLargePagesIndividualAllocation        = false                                  {pd product} {ergonomic}

Logging:
Log output configuration:
 #0: stdout all=warning uptime,level,tags foldmultilines=false
 #1: stderr all=off uptime,level,tags foldmultilines=false

Environment Variables:
PATH=C:\Program Files (x86)\Common Files\Intel\Shared Files\fortran\bin\Intel64;C:\Program Files (x86)\Common Files\Intel\Shared Libraries\redist\intel64_win\mpirt;C:\Program Files (x86)\Common Files\Intel\Shared Libraries\redist\intel64_win\compiler;C:\Program Files (x86)\Common Files\Oracle\Java\javapath;C:\Windows\system32;C:\Windows;C:\Windows\System32\Wbem;C:\Windows\System32\WindowsPowerShell\v1.0\;C:\Windows\System32\OpenSSH\;C:\Program Files (x86)\NVIDIA Corporation\PhysX\Common;C:\Program Files\NVIDIA Corporation\NVIDIA NvDLISR;C:\WINDOWS\system32;C:\WINDOWS;C:\WINDOWS\System32\Wbem;C:\WINDOWS\System32\WindowsPowerShell\v1.0\;C:\WINDOWS\System32\OpenSSH\;C:\Program Files\Microsoft SQL Server\110\Tools\Binn\;C:\Program Files\Git\cmd;C:\Program Files\MySQL\MySQL Shell 8.0\bin\;C:\Users\amrhi\AppData\Local\Microsoft\WindowsApps;
USERNAME=amrhi
OS=Windows_NT
PROCESSOR_IDENTIFIER=Intel64 Family 6 Model 140 Stepping 1, GenuineIntel



---------------  S Y S T E M  ---------------

OS:
 Windows 11 , 64 bit Build 22621 (10.0.22621.3672)
OS uptime: 0 days 0:40 hours

CPU: total 8 (initial active 8) (4 cores per cpu, 2 threads per core) family 6 model 140 stepping 1 microcode 0x86, cx8, cmov, fxsr, ht, mmx, 3dnowpref, sse, sse2, sse3, ssse3, sse4.1, sse4.2, popcnt, lzcnt, tsc, tscinvbit, avx, avx2, aes, erms, clmul, bmi1, bmi2, adx, avx512f, avx512dq, avx512cd, avx512bw, avx512vl, sha, fma, vzeroupper, avx512_vpopcntdq, avx512_vpclmulqdq, avx512_vaes, avx512_vnni, clflush, clflushopt, clwb, avx512_vbmi2, avx512_vbmi

Memory: 4k page, system-wide physical 7886M (521M free)
TotalPageFile size 21586M (AvailPageFile size 0M)
current process WorkingSet (physical memory assigned to process): 555M, peak: 555M
current process commit charge ("private bytes"): 745M, peak: 796M

vm_info: OpenJDK 64-Bit Server VM (18.0.2.1+1) for windows-amd64 JRE (18.0.2.1+1) (Zulu18.32+13-CA), built on Aug 23 2022 15:53:35 by "zulu_re" with MS VC++ 16.10 / 16.11 (VS2019)

END.
